[cpu6] [0xfffffe0009c36290] MMIO: R.4   0x496000104 (apcie[4], offset 0x104) = 0x10000
[cpu6] [0xfffffe0009c36298] MMIO: W.4   0x496000104 (apcie[4], offset 0x104) = 0x10001
[cpu6] [0xfffffe0009c362a0] MMIO: R.4   0x496000108 (apcie[4], offset 0x108) = 0x41330
[cpu6] [0xfffffe0009c362a8] MMIO: W.4   0x496000108 (apcie[4], offset 0x108) = 0x41331
[cpu8] [0xfffffe000b7b3d7c] MMIO: W.4   0x494000004 (apcie[1], offset 0x04) = 0x0
[cpu8] [0xfffffe000b7b3950] MMIO: R.4   0x497008000 (apcie[2], offset 0x8000) = 0xf7c03090
[cpu8] [0xfffffe000b7b3d7c] MMIO: W.4   0x497008000 (apcie[2], offset 0x8000) = 0xf3c03090
[cpu8] [0xfffffe000b7b3950] MMIO: R.4   0x497020000 (apcie[2], offset 0x20000) = 0x33000070
[cpu8] [0xfffffe000b7b3d7c] MMIO: W.4   0x497020000 (apcie[2], offset 0x20000) = 0x23000070
[cpu8] [0xfffffe000b7b3950] MMIO: R.4   0x497020010 (apcie[2], offset 0x20010) = 0x300c03
[cpu8] [0xfffffe000b7b3d7c] MMIO: W.4   0x497020010 (apcie[2], offset 0x20010) = 0x310003
[cpu8] [0xfffffe000b7b3950] MMIO: R.4   0x497020014 (apcie[2], offset 0x20014) = 0x300c03
[cpu8] [0xfffffe000b7b3d7c] MMIO: W.4   0x497020014 (apcie[2], offset 0x20014) = 0x4000c03
[cpu8] [0xfffffe000b7b3950] MMIO: R.4   0x497024000 (apcie[2], offset 0x24000) = 0x33000070
[cpu8] [0xfffffe000b7b3d7c] MMIO: W.4   0x497024000 (apcie[2], offset 0x24000) = 0x23000070
[cpu8] [0xfffffe000b7b3950] MMIO: R.4   0x497024010 (apcie[2], offset 0x24010) = 0x300c03
[cpu8] [0xfffffe000b7b3d7c] MMIO: W.4   0x497024010 (apcie[2], offset 0x24010) = 0x310003
[cpu8] [0xfffffe000b7b3950] MMIO: R.4   0x497024014 (apcie[2], offset 0x24014) = 0x300c03
[cpu8] [0xfffffe000b7b3d7c] MMIO: W.4   0x497024014 (apcie[2], offset 0x24014) = 0x4000c03
[cpu8] [0xfffffe000b7b3950] MMIO: R.4   0x497028000 (apcie[2], offset 0x28000) = 0x33000070
[cpu8] [0xfffffe000b7b3d7c] MMIO: W.4   0x497028000 (apcie[2], offset 0x28000) = 0x23000070
[cpu8] [0xfffffe000b7b3950] MMIO: R.4   0x497028010 (apcie[2], offset 0x28010) = 0x300c03
[cpu8] [0xfffffe000b7b3d7c] MMIO: W.4   0x497028010 (apcie[2], offset 0x28010) = 0x310003
[cpu8] [0xfffffe000b7b3950] MMIO: R.4   0x497028014 (apcie[2], offset 0x28014) = 0x300c03
[cpu8] [0xfffffe000b7b3d7c] MMIO: W.4   0x497028014 (apcie[2], offset 0x28014) = 0x4000c03
[cpu8] [0xfffffe000b7b3950] MMIO: R.4   0x497004000 (apcie[2], offset 0x4000) = 0x80300000
[cpu8] [0xfffffe000b7b3950] MMIO: R.4   0x497008000 (apcie[2], offset 0x8000) = 0xf3c03090
[cpu8] [0xfffffe000b7b3d7c] MMIO: W.4   0x497008000 (apcie[2], offset 0x8000) = 0xf3c03091
[cpu8] [0xfffffe000b7b3950] MMIO: R.4   0x497008000 (apcie[2], offset 0x8000) = 0xf3c03095
[cpu8] [0xfffffe000b7b3d7c] MMIO: W.4   0x497008000 (apcie[2], offset 0x8000) = 0xf3c03097
[cpu8] [0xfffffe000b7b3950] MMIO: R.4   0x497008000 (apcie[2], offset 0x8000) = 0xf3c0309f
[cpu8] [0xfffffe000b7b3d7c] MMIO: W.4   0x497008000 (apcie[2], offset 0x8000) = 0xf3c0308f
[cpu8] [0xfffffe000b7b3950] MMIO: R.4   0x497008004 (apcie[2], offset 0x8004) = 0x0
[cpu8] [0xfffffe000b7b3d7c] MMIO: W.4   0x497008004 (apcie[2], offset 0x8004) = 0x1
[cpu8] [0xfffffe000b7b3950] MMIO: R.4   0x497040038 (apcie[3], offset 0x38) = 0x5c800800
[cpu8] [0xfffffe000b7b3d7c] MMIO: W.4   0x497040038 (apcie[3], offset 0x38) = 0x4c800800
[cpu8] [0xfffffe000b7b3950] MMIO: R.4   0x497040090 (apcie[3], offset 0x90) = 0x80010004
[cpu8] [0xfffffe000b7b3d7c] MMIO: W.4   0x497040090 (apcie[3], offset 0x90) = 0x80010005
[cpu8] [0xfffffe000b7b3950] MMIO: R.4   0x4970400a4 (apcie[3], offset 0xa4) = 0x0
[cpu8] [0xfffffe000b7b3d7c] MMIO: W.4   0x4970400a4 (apcie[3], offset 0xa4) = 0x1
[cpu8] [0xfffffe000b7b3950] MMIO: R.4   0x497041000 (apcie[3], offset 0x1000) = 0x2a2083c8
[cpu8] [0xfffffe000b7b3d7c] MMIO: W.4   0x497041000 (apcie[3], offset 0x1000) = 0x2a2383c8
[cpu8] [0xfffffe000b7b3950] MMIO: R.4   0x49704102c (apcie[3], offset 0x102c) = 0x5133113
[cpu8] [0xfffffe000b7b3d7c] MMIO: W.4   0x49704102c (apcie[3], offset 0x102c) = 0x4454447
[cpu8] [0xfffffe000b7b3950] MMIO: R.4   0x497041204 (apcie[3], offset 0x1204) = 0x40
[cpu8] [0xfffffe000b7b3d7c] MMIO: W.4   0x497041204 (apcie[3], offset 0x1204) = 0x3c
[cpu8] [0xfffffe000b7b3950] MMIO: R.4   0x49704501c (apcie[3], offset 0x501c) = 0x0
[cpu8] [0xfffffe000b7b3950] MMIO: R.4   0x497045080 (apcie[3], offset 0x5080) = 0x298d8190
[cpu8] [0xfffffe000b7b3d7c] MMIO: W.4   0x497045080 (apcie[3], offset 0x5080) = 0x294d8190
[cpu8] [0xfffffe000b7b3950] MMIO: R.4   0x497045088 (apcie[3], offset 0x5088) = 0x550800
[cpu8] [0xfffffe000b7b3d7c] MMIO: W.4   0x497045088 (apcie[3], offset 0x5088) = 0x560800
[cpu8] [0xfffffe000b7b3950] MMIO: R.4   0x49704508c (apcie[3], offset 0x508c) = 0x298d8190
[cpu8] [0xfffffe000b7b3d7c] MMIO: W.4   0x49704508c (apcie[3], offset 0x508c) = 0x294d8190
[cpu8] [0xfffffe000b7b3950] MMIO: R.4   0x497045094 (apcie[3], offset 0x5094) = 0x50800
[cpu8] [0xfffffe000b7b3d7c] MMIO: W.4   0x497045094 (apcie[3], offset 0x5094) = 0x60800
[cpu8] [0xfffffe000b7b3950] MMIO: R.4   0x4970450a0 (apcie[3], offset 0x50a0) = 0x544800
[cpu8] [0xfffffe000b7b3d7c] MMIO: W.4   0x4970450a0 (apcie[3], offset 0x50a0) = 0x554800
[cpu8] [0xfffffe000b7b3950] MMIO: R.4   0x4970450ac (apcie[3], offset 0x50ac) = 0x544800
[cpu8] [0xfffffe000b7b3d7c] MMIO: W.4   0x4970450ac (apcie[3], offset 0x50ac) = 0x554800
[cpu8] [0xfffffe000b7b3950] MMIO: R.4   0x4970450b8 (apcie[3], offset 0x50b8) = 0x544800
[cpu8] [0xfffffe000b7b3d7c] MMIO: W.4   0x4970450b8 (apcie[3], offset 0x50b8) = 0x554800
[cpu8] [0xfffffe000b7b3950] MMIO: R.4   0x497045200 (apcie[3], offset 0x5200) = 0x81554
[cpu8] [0xfffffe000b7b3d7c] MMIO: W.4   0x497045200 (apcie[3], offset 0x5200) = 0x8155e
[cpu8] [0xfffffe000b7b3950] MMIO: R.4   0x497045224 (apcie[3], offset 0x5224) = 0x18
[cpu8] [0xfffffe000b7b3d7c] MMIO: W.4   0x497045224 (apcie[3], offset 0x5224) = 0x818
[cpu8] [0xfffffe000b7b3950] MMIO: R.4   0x497045230 (apcie[3], offset 0x5230) = 0x1d008
[cpu8] [0xfffffe000b7b3950] MMIO: R.4   0x497045240 (apcie[3], offset 0x5240) = 0x4010f30
[cpu8] [0xfffffe000b7b3d7c] MMIO: W.4   0x497045240 (apcie[3], offset 0x5240) = 0x4010f49
[cpu8] [0xfffffe000b7b3950] MMIO: R.4   0x4970452b0 (apcie[3], offset 0x52b0) = 0x18300811
[cpu8] [0xfffffe000b7b3d7c] MMIO: W.4   0x4970452b0 (apcie[3], offset 0x52b0) = 0x10300811
[cpu8] [0xfffffe000b7b3950] MMIO: R.4   0x4970452e8 (apcie[3], offset 0x52e8) = 0x1044201
[cpu8] [0xfffffe000b7b3950] MMIO: R.4   0x497045300 (apcie[3], offset 0x5300) = 0x30f00f0
[cpu8] [0xfffffe000b7b3d7c] MMIO: W.4   0x497045300 (apcie[3], offset 0x5300) = 0x3078078
[cpu8] [0xfffffe000b7b3950] MMIO: R.4   0x497045320 (apcie[3], offset 0x5320) = 0x0
[cpu8] [0xfffffe000b7b3d7c] MMIO: W.4   0x497045320 (apcie[3], offset 0x5320) = 0x2
[cpu8] [0xfffffe000b7b3950] MMIO: R.4   0x49704608c (apcie[3], offset 0x608c) = 0x66120280
[cpu8] [0xfffffe000b7b3d7c] MMIO: W.4   0x49704608c (apcie[3], offset 0x608c) = 0x65918280
[cpu8] [0xfffffe000b7b3950] MMIO: R.4   0x497046224 (apcie[3], offset 0x6224) = 0x18
[cpu8] [0xfffffe000b7b3d7c] MMIO: W.4   0x497046224 (apcie[3], offset 0x6224) = 0x818
[cpu8] [0xfffffe000b7b3950] MMIO: R.4   0x497046228 (apcie[3], offset 0x6228) = 0x18
[cpu8] [0xfffffe000b7b3d7c] MMIO: W.4   0x497046228 (apcie[3], offset 0x6228) = 0xb18
[cpu8] [0xfffffe000b7b3950] MMIO: R.4   0x497046230 (apcie[3], offset 0x6230) = 0x1e814
[cpu8] [0xfffffe000b7b3d7c] MMIO: W.4   0x497046230 (apcie[3], offset 0x6230) = 0x1e80f
[cpu8] [0xfffffe000b7b3950] MMIO: R.4   0x49704624c (apcie[3], offset 0x624c) = 0x1f800080
[cpu8] [0xfffffe000b7b3d7c] MMIO: W.4   0x49704624c (apcie[3], offset 0x624c) = 0x1f80009c
[cpu8] [0xfffffe000b7b3950] MMIO: R.4   0x4970462b0 (apcie[3], offset 0x62b0) = 0x18300811
[cpu8] [0xfffffe000b7b3950] MMIO: R.4   0x4970462e8 (apcie[3], offset 0x62e8) = 0x1044201
[cpu8] [0xfffffe000b7b3950] MMIO: R.4   0x49704a000 (apcie[3], offset 0xa000) = 0x80001ac
[cpu8] [0xfffffe000b7b3d7c] MMIO: W.4   0x49704a000 (apcie[3], offset 0xa000) = 0x80001aa
[cpu8] [0xfffffe000b7b3950] MMIO: R.4   0x49704a008 (apcie[3], offset 0xa008) = 0x9
[cpu6] [0xfffffe000b7b3d7c] MMIO: W.4   0x49704a008 (apcie[3], offset 0xa008) = 0xa
[cpu6] [0xfffffe000b7b3950] MMIO: R.4   0x49704a00c (apcie[3], offset 0xa00c) = 0x9
[cpu6] [0xfffffe000b7b3d7c] MMIO: W.4   0x49704a00c (apcie[3], offset 0xa00c) = 0xa
[cpu6] [0xfffffe000b7b3950] MMIO: R.4   0x49704a010 (apcie[3], offset 0xa010) = 0x9
[cpu6] [0xfffffe000b7b3d7c] MMIO: W.4   0x49704a010 (apcie[3], offset 0xa010) = 0xa
[cpu6] [0xfffffe000b7b3950] MMIO: R.4   0x49704a014 (apcie[3], offset 0xa014) = 0x9
[cpu6] [0xfffffe000b7b3d7c] MMIO: W.4   0x49704a014 (apcie[3], offset 0xa014) = 0xa
[cpu6] [0xfffffe000b7b3950] MMIO: R.4   0x49704a038 (apcie[3], offset 0xa038) = 0x4e2
[cpu6] [0xfffffe000b7b3d7c] MMIO: W.4   0x49704a038 (apcie[3], offset 0xa038) = 0x271
[cpu6] [0xfffffe000b7b3950] MMIO: R.4   0x49704a040 (apcie[3], offset 0xa040) = 0x8c8
[cpu6] [0xfffffe000b7b3d7c] MMIO: W.4   0x49704a040 (apcie[3], offset 0xa040) = 0xc8
[cpu6] [0xfffffe000b7b3950] MMIO: R.4   0x49704a04c (apcie[3], offset 0xa04c) = 0x18c8
[cpu6] [0xfffffe000b7b3d7c] MMIO: W.4   0x49704a04c (apcie[3], offset 0xa04c) = 0xbff
[cpu6] [0xfffffe000b7b3950] MMIO: R.4   0x49704a050 (apcie[3], offset 0xa050) = 0x0
[cpu6] [0xfffffe000b7b3d7c] MMIO: W.4   0x49704a050 (apcie[3], offset 0xa050) = 0x1
[cpu6] [0xfffffe000b7b3950] MMIO: R.4   0x49704a068 (apcie[3], offset 0xa068) = 0xc42
[cpu6] [0xfffffe000b7b3d7c] MMIO: W.4   0x49704a068 (apcie[3], offset 0xa068) = 0xc41
[cpu6] [0xfffffe000b7b3950] MMIO: R.4   0x49704a070 (apcie[3], offset 0xa070) = 0x49e01040
[cpu6] [0xfffffe000b7b3d7c] MMIO: W.4   0x49704a070 (apcie[3], offset 0xa070) = 0x55b00820
[cpu6] [0xfffffe000b7b3950] MMIO: R.4   0x49704a084 (apcie[3], offset 0xa084) = 0x1402710
[cpu6] [0xfffffe000b7b3d7c] MMIO: W.4   0x49704a084 (apcie[3], offset 0xa084) = 0x3e8f4240
[cpu6] [0xfffffe000b7b3950] MMIO: R.4   0x49704a088 (apcie[3], offset 0xa088) = 0x1
[cpu6] [0xfffffe000b7b3d7c] MMIO: W.4   0x49704a088 (apcie[3], offset 0xa088) = 0xfff
[cpu6] [0xfffffe000b7b3950] MMIO: R.4   0x49704a09c (apcie[3], offset 0xa09c) = 0x1a81a
[cpu6] [0xfffffe000b7b3d7c] MMIO: W.4   0x49704a09c (apcie[3], offset 0xa09c) = 0x541a81a
[cpu6] [0xfffffe000b7b3950] MMIO: R.4   0x49704a0b8 (apcie[3], offset 0xa0b8) = 0xff03f1f8
[cpu6] [0xfffffe000b7b3d7c] MMIO: W.4   0x49704a0b8 (apcie[3], offset 0xa0b8) = 0xaa03f1f8
[cpu6] [0xfffffe000b7b3950] MMIO: R.4   0x49704a0bc (apcie[3], offset 0xa0bc) = 0x52b1cff
[cpu6] [0xfffffe000b7b3d7c] MMIO: W.4   0x49704a0bc (apcie[3], offset 0xa0bc) = 0x52d1faa
[cpu6] [0xfffffe000b7b3950] MMIO: R.4   0x49704a0c0 (apcie[3], offset 0xa0c0) = 0xae051f8
[cpu6] [0xfffffe000b7b3d7c] MMIO: W.4   0x49704a0c0 (apcie[3], offset 0xa0c0) = 0x145051f8
[cpu6] [0xfffffe000b7b3950] MMIO: R.4   0x49704a0c4 (apcie[3], offset 0xa0c4) = 0x0
[cpu6] [0xfffffe000b7b3d7c] MMIO: W.4   0x49704a0c4 (apcie[3], offset 0xa0c4) = 0x7777
[cpu6] [0xfffffe000b7b3950] MMIO: R.4   0x49704a0e0 (apcie[3], offset 0xa0e0) = 0x5045000
[cpu6] [0xfffffe000b7b3d7c] MMIO: W.4   0x49704a0e0 (apcie[3], offset 0xa0e0) = 0xd045000
[cpu6] [0xfffffe000b7b3950] MMIO: R.4   0x49704a0e8 (apcie[3], offset 0xa0e8) = 0x8041
[cpu6] [0xfffffe000b7b3d7c] MMIO: W.4   0x49704a0e8 (apcie[3], offset 0xa0e8) = 0x2041
[cpu9] [0xfffffe000b7b3950] MMIO: R.4   0x49704a10c (apcie[3], offset 0xa10c) = 0x1388
[cpu9] [0xfffffe000b7b3d7c] MMIO: W.4   0x49704a10c (apcie[3], offset 0xa10c) = 0xf4240
[cpu9] [0xfffffe000b7b3950] MMIO: R.4   0x49704a11c (apcie[3], offset 0xa11c) = 0xb30dc
[cpu9] [0xfffffe000b7b3d7c] MMIO: W.4   0x49704a11c (apcie[3], offset 0xa11c) = 0xf30dc
[cpu9] [0xfffffe000b7b3950] MMIO: R.4   0x49704a178 (apcie[3], offset 0xa178) = 0xa00000
[cpu9] [0xfffffe000b7b3d7c] MMIO: W.4   0x49704a178 (apcie[3], offset 0xa178) = 0x300000
[cpu9] [0xfffffe000b7b3950] MMIO: R.4   0x49704a1b4 (apcie[3], offset 0xa1b4) = 0x1d00
[cpu9] [0xfffffe000b7b3d7c] MMIO: W.4   0x49704a1b4 (apcie[3], offset 0xa1b4) = 0x1500
[cpu9] [0xfffffe000b7b3950] MMIO: R.4   0x49704a1bc (apcie[3], offset 0xa1bc) = 0x2d00
[cpu9] [0xfffffe000b7b3d7c] MMIO: W.4   0x49704a1bc (apcie[3], offset 0xa1bc) = 0x1500
[cpu9] [0xfffffe000b7b3950] MMIO: R.4   0x49704a1c4 (apcie[3], offset 0xa1c4) = 0x0
[cpu9] [0xfffffe000b7b3d7c] MMIO: W.4   0x49704a1c4 (apcie[3], offset 0xa1c4) = 0x1
[cpu9] [0xfffffe000b7b3950] MMIO: R.4   0x49704a1cc (apcie[3], offset 0xa1cc) = 0x0
[cpu9] [0xfffffe000b7b3d7c] MMIO: W.4   0x49704a1cc (apcie[3], offset 0xa1cc) = 0x1
[cpu9] [0xfffffe000b7b3950] MMIO: R.4   0x49704a1e8 (apcie[3], offset 0xa1e8) = 0x100003
[cpu9] [0xfffffe000b7b3d7c] MMIO: W.4   0x49704a1e8 (apcie[3], offset 0xa1e8) = 0x100000
[cpu9] [0xfffffe000b7b3950] MMIO: R.4   0x49704a1b0 (apcie[3], offset 0xa1b0) = 0x82243
[cpu9] [0xfffffe000b7b3d7c] MMIO: W.4   0x49704a1b0 (apcie[3], offset 0xa1b0) = 0x98924
[cpu9] [0xfffffe000b7b3950] MMIO: R.4   0x49704a1b8 (apcie[3], offset 0xa1b8) = 0x582243
[cpu9] [0xfffffe000b7b3d7c] MMIO: W.4   0x49704a1b8 (apcie[3], offset 0xa1b8) = 0x98924
[cpu9] [0xfffffe000b7b3950] MMIO: R.4   0x497052000 (apcie[3], offset 0x12000) = 0x80001ac
[cpu9] [0xfffffe000b7b3d7c] MMIO: W.4   0x497052000 (apcie[3], offset 0x12000) = 0x80001aa
[cpu9] [0xfffffe000b7b3950] MMIO: R.4   0x497052008 (apcie[3], offset 0x12008) = 0x9
[cpu9] [0xfffffe000b7b3d7c] MMIO: W.4   0x497052008 (apcie[3], offset 0x12008) = 0xa
[cpu9] [0xfffffe000b7b3950] MMIO: R.4   0x49705200c (apcie[3], offset 0x1200c) = 0x9
[cpu9] [0xfffffe000b7b3d7c] MMIO: W.4   0x49705200c (apcie[3], offset 0x1200c) = 0xa
[cpu9] [0xfffffe000b7b3950] MMIO: R.4   0x497052010 (apcie[3], offset 0x12010) = 0x9
[cpu9] [0xfffffe000b7b3d7c] MMIO: W.4   0x497052010 (apcie[3], offset 0x12010) = 0xa
[cpu9] [0xfffffe000b7b3950] MMIO: R.4   0x497052014 (apcie[3], offset 0x12014) = 0x9
[cpu9] [0xfffffe000b7b3d7c] MMIO: W.4   0x497052014 (apcie[3], offset 0x12014) = 0xa
[cpu9] [0xfffffe000b7b3950] MMIO: R.4   0x497052038 (apcie[3], offset 0x12038) = 0x4e2
[cpu9] [0xfffffe000b7b3d7c] MMIO: W.4   0x497052038 (apcie[3], offset 0x12038) = 0x271
[cpu9] [0xfffffe000b7b3950] MMIO: R.4   0x497052040 (apcie[3], offset 0x12040) = 0x8c8
[cpu9] [0xfffffe000b7b3d7c] MMIO: W.4   0x497052040 (apcie[3], offset 0x12040) = 0xc8
[cpu9] [0xfffffe000b7b3950] MMIO: R.4   0x49705204c (apcie[3], offset 0x1204c) = 0x18c8
[cpu9] [0xfffffe000b7b3d7c] MMIO: W.4   0x49705204c (apcie[3], offset 0x1204c) = 0xbff
[cpu9] [0xfffffe000b7b3950] MMIO: R.4   0x497052050 (apcie[3], offset 0x12050) = 0x0
[cpu9] [0xfffffe000b7b3d7c] MMIO: W.4   0x497052050 (apcie[3], offset 0x12050) = 0x1
[cpu9] [0xfffffe000b7b3950] MMIO: R.4   0x497052068 (apcie[3], offset 0x12068) = 0xc42
[cpu9] [0xfffffe000b7b3d7c] MMIO: W.4   0x497052068 (apcie[3], offset 0x12068) = 0xc41
[cpu9] [0xfffffe000b7b3950] MMIO: R.4   0x497052070 (apcie[3], offset 0x12070) = 0x49e01040
[cpu9] [0xfffffe000b7b3d7c] MMIO: W.4   0x497052070 (apcie[3], offset 0x12070) = 0x55b00820
[cpu9] [0xfffffe000b7b3950] MMIO: R.4   0x497052084 (apcie[3], offset 0x12084) = 0x1402710
[cpu9] [0xfffffe000b7b3d7c] MMIO: W.4   0x497052084 (apcie[3], offset 0x12084) = 0x3e8f4240
[cpu9] [0xfffffe000b7b3950] MMIO: R.4   0x497052088 (apcie[3], offset 0x12088) = 0x1
[cpu9] [0xfffffe000b7b3d7c] MMIO: W.4   0x497052088 (apcie[3], offset 0x12088) = 0xfff
[cpu9] [0xfffffe000b7b3950] MMIO: R.4   0x49705209c (apcie[3], offset 0x1209c) = 0x1a81a
[cpu9] [0xfffffe000b7b3d7c] MMIO: W.4   0x49705209c (apcie[3], offset 0x1209c) = 0x541a81a
[cpu9] [0xfffffe000b7b3950] MMIO: R.4   0x4970520b8 (apcie[3], offset 0x120b8) = 0xff03f1f8
[cpu9] [0xfffffe000b7b3d7c] MMIO: W.4   0x4970520b8 (apcie[3], offset 0x120b8) = 0xaa03f1f8
[cpu9] [0xfffffe000b7b3950] MMIO: R.4   0x4970520bc (apcie[3], offset 0x120bc) = 0x52b1cff
[cpu9] [0xfffffe000b7b3d7c] MMIO: W.4   0x4970520bc (apcie[3], offset 0x120bc) = 0x52d1faa
[cpu9] [0xfffffe000b7b3950] MMIO: R.4   0x4970520c0 (apcie[3], offset 0x120c0) = 0xae051f8
[cpu9] [0xfffffe000b7b3d7c] MMIO: W.4   0x4970520c0 (apcie[3], offset 0x120c0) = 0x145051f8
[cpu9] [0xfffffe000b7b3950] MMIO: R.4   0x4970520c4 (apcie[3], offset 0x120c4) = 0x0
[cpu9] [0xfffffe000b7b3d7c] MMIO: W.4   0x4970520c4 (apcie[3], offset 0x120c4) = 0x7777
[cpu9] [0xfffffe000b7b3950] MMIO: R.4   0x4970520e0 (apcie[3], offset 0x120e0) = 0x5045000
[cpu9] [0xfffffe000b7b3d7c] MMIO: W.4   0x4970520e0 (apcie[3], offset 0x120e0) = 0xd045000
[cpu9] [0xfffffe000b7b3950] MMIO: R.4   0x4970520e8 (apcie[3], offset 0x120e8) = 0x8041
[cpu9] [0xfffffe000b7b3d7c] MMIO: W.4   0x4970520e8 (apcie[3], offset 0x120e8) = 0x2041
[cpu9] [0xfffffe000b7b3950] MMIO: R.4   0x49705210c (apcie[3], offset 0x1210c) = 0x1388
[cpu9] [0xfffffe000b7b3d7c] MMIO: W.4   0x49705210c (apcie[3], offset 0x1210c) = 0xf4240
[cpu9] [0xfffffe000b7b3950] MMIO: R.4   0x49705211c (apcie[3], offset 0x1211c) = 0xb30dc
[cpu9] [0xfffffe000b7b3d7c] MMIO: W.4   0x49705211c (apcie[3], offset 0x1211c) = 0xf30dc
[cpu9] [0xfffffe000b7b3950] MMIO: R.4   0x497052178 (apcie[3], offset 0x12178) = 0xa00000
[cpu9] [0xfffffe000b7b3d7c] MMIO: W.4   0x497052178 (apcie[3], offset 0x12178) = 0x300000
[cpu9] [0xfffffe000b7b3950] MMIO: R.4   0x4970521b4 (apcie[3], offset 0x121b4) = 0x1d00
[cpu9] [0xfffffe000b7b3d7c] MMIO: W.4   0x4970521b4 (apcie[3], offset 0x121b4) = 0x1500
[cpu9] [0xfffffe000b7b3950] MMIO: R.4   0x4970521bc (apcie[3], offset 0x121bc) = 0x2d00
[cpu9] [0xfffffe000b7b3d7c] MMIO: W.4   0x4970521bc (apcie[3], offset 0x121bc) = 0x1500
[cpu9] [0xfffffe000b7b3950] MMIO: R.4   0x4970521c4 (apcie[3], offset 0x121c4) = 0x0
[cpu9] [0xfffffe000b7b3d7c] MMIO: W.4   0x4970521c4 (apcie[3], offset 0x121c4) = 0x1
[cpu9] [0xfffffe000b7b3950] MMIO: R.4   0x4970521cc (apcie[3], offset 0x121cc) = 0x0
[cpu9] [0xfffffe000b7b3d7c] MMIO: W.4   0x4970521cc (apcie[3], offset 0x121cc) = 0x1
[cpu9] [0xfffffe000b7b3950] MMIO: R.4   0x4970521e8 (apcie[3], offset 0x121e8) = 0x100003
[cpu9] [0xfffffe000b7b3d7c] MMIO: W.4   0x4970521e8 (apcie[3], offset 0x121e8) = 0x100000
[cpu9] [0xfffffe000b7b3950] MMIO: R.4   0x4970521b0 (apcie[3], offset 0x121b0) = 0x82243
[cpu9] [0xfffffe000b7b3d7c] MMIO: W.4   0x4970521b0 (apcie[3], offset 0x121b0) = 0x98924
[cpu9] [0xfffffe000b7b3950] MMIO: R.4   0x4970521b8 (apcie[3], offset 0x121b8) = 0x582243
[cpu9] [0xfffffe000b7b3d7c] MMIO: W.4   0x4970521b8 (apcie[3], offset 0x121b8) = 0x98924
[cpu9] [0xfffffe000b7b3950] MMIO: R.4   0x49705a000 (apcie[3], offset 0x1a000) = 0x80001ac
[cpu9] [0xfffffe000b7b3d7c] MMIO: W.4   0x49705a000 (apcie[3], offset 0x1a000) = 0x80001aa
[cpu9] [0xfffffe000b7b3950] MMIO: R.4   0x49705a008 (apcie[3], offset 0x1a008) = 0x9
[cpu9] [0xfffffe000b7b3d7c] MMIO: W.4   0x49705a008 (apcie[3], offset 0x1a008) = 0xa
[cpu9] [0xfffffe000b7b3950] MMIO: R.4   0x49705a00c (apcie[3], offset 0x1a00c) = 0x9
[cpu9] [0xfffffe000b7b3d7c] MMIO: W.4   0x49705a00c (apcie[3], offset 0x1a00c) = 0xa
[cpu9] [0xfffffe000b7b3950] MMIO: R.4   0x49705a010 (apcie[3], offset 0x1a010) = 0x9
[cpu9] [0xfffffe000b7b3d7c] MMIO: W.4   0x49705a010 (apcie[3], offset 0x1a010) = 0xa
[cpu9] [0xfffffe000b7b3950] MMIO: R.4   0x49705a014 (apcie[3], offset 0x1a014) = 0x9
[cpu9] [0xfffffe000b7b3d7c] MMIO: W.4   0x49705a014 (apcie[3], offset 0x1a014) = 0xa
[cpu9] [0xfffffe000b7b3950] MMIO: R.4   0x49705a038 (apcie[3], offset 0x1a038) = 0x4e2
[cpu9] [0xfffffe000b7b3d7c] MMIO: W.4   0x49705a038 (apcie[3], offset 0x1a038) = 0x271
[cpu9] [0xfffffe000b7b3950] MMIO: R.4   0x49705a040 (apcie[3], offset 0x1a040) = 0x8c8
[cpu9] [0xfffffe000b7b3d7c] MMIO: W.4   0x49705a040 (apcie[3], offset 0x1a040) = 0xc8
[cpu9] [0xfffffe000b7b3950] MMIO: R.4   0x49705a04c (apcie[3], offset 0x1a04c) = 0x18c8
[cpu9] [0xfffffe000b7b3d7c] MMIO: W.4   0x49705a04c (apcie[3], offset 0x1a04c) = 0xbff
[cpu9] [0xfffffe000b7b3950] MMIO: R.4   0x49705a050 (apcie[3], offset 0x1a050) = 0x0
[cpu9] [0xfffffe000b7b3d7c] MMIO: W.4   0x49705a050 (apcie[3], offset 0x1a050) = 0x1
[cpu9] [0xfffffe000b7b3950] MMIO: R.4   0x49705a068 (apcie[3], offset 0x1a068) = 0xc42
[cpu9] [0xfffffe000b7b3d7c] MMIO: W.4   0x49705a068 (apcie[3], offset 0x1a068) = 0xc41
[cpu9] [0xfffffe000b7b3950] MMIO: R.4   0x49705a070 (apcie[3], offset 0x1a070) = 0x49e01040
[cpu9] [0xfffffe000b7b3d7c] MMIO: W.4   0x49705a070 (apcie[3], offset 0x1a070) = 0x55b00820
[cpu9] [0xfffffe000b7b3950] MMIO: R.4   0x49705a084 (apcie[3], offset 0x1a084) = 0x1402710
[cpu9] [0xfffffe000b7b3d7c] MMIO: W.4   0x49705a084 (apcie[3], offset 0x1a084) = 0x3e8f4240
[cpu9] [0xfffffe000b7b3950] MMIO: R.4   0x49705a088 (apcie[3], offset 0x1a088) = 0x1
[cpu9] [0xfffffe000b7b3d7c] MMIO: W.4   0x49705a088 (apcie[3], offset 0x1a088) = 0xfff
[cpu9] [0xfffffe000b7b3950] MMIO: R.4   0x49705a09c (apcie[3], offset 0x1a09c) = 0x1a81a
[cpu9] [0xfffffe000b7b3d7c] MMIO: W.4   0x49705a09c (apcie[3], offset 0x1a09c) = 0x541a81a
[cpu9] [0xfffffe000b7b3950] MMIO: R.4   0x49705a0b8 (apcie[3], offset 0x1a0b8) = 0xff03f1f8
[cpu9] [0xfffffe000b7b3d7c] MMIO: W.4   0x49705a0b8 (apcie[3], offset 0x1a0b8) = 0xaa03f1f8
[cpu9] [0xfffffe000b7b3950] MMIO: R.4   0x49705a0bc (apcie[3], offset 0x1a0bc) = 0x52b1cff
[cpu9] [0xfffffe000b7b3d7c] MMIO: W.4   0x49705a0bc (apcie[3], offset 0x1a0bc) = 0x52d1faa
[cpu9] [0xfffffe000b7b3950] MMIO: R.4   0x49705a0c0 (apcie[3], offset 0x1a0c0) = 0xae051f8
[cpu9] [0xfffffe000b7b3d7c] MMIO: W.4   0x49705a0c0 (apcie[3], offset 0x1a0c0) = 0x145051f8
[cpu9] [0xfffffe000b7b3950] MMIO: R.4   0x49705a0c4 (apcie[3], offset 0x1a0c4) = 0x0
[cpu9] [0xfffffe000b7b3d7c] MMIO: W.4   0x49705a0c4 (apcie[3], offset 0x1a0c4) = 0x7777
[cpu9] [0xfffffe000b7b3950] MMIO: R.4   0x49705a0e0 (apcie[3], offset 0x1a0e0) = 0x5045000
[cpu9] [0xfffffe000b7b3d7c] MMIO: W.4   0x49705a0e0 (apcie[3], offset 0x1a0e0) = 0xd045000
[cpu9] [0xfffffe000b7b3950] MMIO: R.4   0x49705a0e8 (apcie[3], offset 0x1a0e8) = 0x8041
[cpu9] [0xfffffe000b7b3d7c] MMIO: W.4   0x49705a0e8 (apcie[3], offset 0x1a0e8) = 0x2041
[cpu9] [0xfffffe000b7b3950] MMIO: R.4   0x49705a10c (apcie[3], offset 0x1a10c) = 0x1388
[cpu9] [0xfffffe000b7b3d7c] MMIO: W.4   0x49705a10c (apcie[3], offset 0x1a10c) = 0xf4240
[cpu9] [0xfffffe000b7b3950] MMIO: R.4   0x49705a11c (apcie[3], offset 0x1a11c) = 0xb30dc
[cpu9] [0xfffffe000b7b3d7c] MMIO: W.4   0x49705a11c (apcie[3], offset 0x1a11c) = 0xf30dc
[cpu9] [0xfffffe000b7b3950] MMIO: R.4   0x49705a178 (apcie[3], offset 0x1a178) = 0xa00000
[cpu9] [0xfffffe000b7b3d7c] MMIO: W.4   0x49705a178 (apcie[3], offset 0x1a178) = 0x300000
[cpu9] [0xfffffe000b7b3950] MMIO: R.4   0x49705a1b4 (apcie[3], offset 0x1a1b4) = 0x1d00
[cpu9] [0xfffffe000b7b3d7c] MMIO: W.4   0x49705a1b4 (apcie[3], offset 0x1a1b4) = 0x1500
[cpu9] [0xfffffe000b7b3950] MMIO: R.4   0x49705a1bc (apcie[3], offset 0x1a1bc) = 0x2d00
[cpu9] [0xfffffe000b7b3d7c] MMIO: W.4   0x49705a1bc (apcie[3], offset 0x1a1bc) = 0x1500
[cpu9] [0xfffffe000b7b3950] MMIO: R.4   0x49705a1c4 (apcie[3], offset 0x1a1c4) = 0x0
[cpu9] [0xfffffe000b7b3d7c] MMIO: W.4   0x49705a1c4 (apcie[3], offset 0x1a1c4) = 0x1
[cpu9] [0xfffffe000b7b3950] MMIO: R.4   0x49705a1cc (apcie[3], offset 0x1a1cc) = 0x0
[cpu9] [0xfffffe000b7b3d7c] MMIO: W.4   0x49705a1cc (apcie[3], offset 0x1a1cc) = 0x1
[cpu9] [0xfffffe000b7b3950] MMIO: R.4   0x49705a1e8 (apcie[3], offset 0x1a1e8) = 0x100003
[cpu9] [0xfffffe000b7b3d7c] MMIO: W.4   0x49705a1e8 (apcie[3], offset 0x1a1e8) = 0x100000
[cpu9] [0xfffffe000b7b3950] MMIO: R.4   0x49705a1b0 (apcie[3], offset 0x1a1b0) = 0x82243
[cpu9] [0xfffffe000b7b3d7c] MMIO: W.4   0x49705a1b0 (apcie[3], offset 0x1a1b0) = 0x98924
[cpu9] [0xfffffe000b7b3950] MMIO: R.4   0x49705a1b8 (apcie[3], offset 0x1a1b8) = 0x582243
[cpu9] [0xfffffe000b7b3d7c] MMIO: W.4   0x49705a1b8 (apcie[3], offset 0x1a1b8) = 0x98924
[cpu9] [0xfffffe000b7b3950] MMIO: R.4   0x49705a1a4 (apcie[3], offset 0x1a1a4) = 0x900
[cpu9] [0xfffffe000b7b3d7c] MMIO: W.4   0x49705a1a4 (apcie[3], offset 0x1a1a4) = 0x901
[cpu9] [0xfffffe000b7b3950] MMIO: R.4   0x49705a1b0 (apcie[3], offset 0x1a1b0) = 0x98924
[cpu9] [0xfffffe000b7b3d7c] MMIO: W.4   0x49705a1b0 (apcie[3], offset 0x1a1b0) = 0x0
[cpu9] [0xfffffe000b7b3950] MMIO: R.4   0x49705a1b8 (apcie[3], offset 0x1a1b8) = 0x98924
[cpu9] [0xfffffe000b7b3d7c] MMIO: W.4   0x49705a1b8 (apcie[3], offset 0x1a1b8) = 0x0
[cpu9] [0xfffffe000b7b3950] MMIO: R.4   0x49704b02c (apcie[3], offset 0xb02c) = 0x1880062
[cpu9] [0xfffffe000b7b3d7c] MMIO: W.4   0x49704b02c (apcie[3], offset 0xb02c) = 0x1980062
[cpu9] [0xfffffe000b7b3950] MMIO: R.4   0x49704b070 (apcie[3], offset 0xb070) = 0x85
[cpu9] [0xfffffe000b7b3d7c] MMIO: W.4   0x49704b070 (apcie[3], offset 0xb070) = 0xa5
[cpu9] [0xfffffe000b7b3950] MMIO: R.4   0x49705302c (apcie[3], offset 0x1302c) = 0x1880062
[cpu9] [0xfffffe000b7b3d7c] MMIO: W.4   0x49705302c (apcie[3], offset 0x1302c) = 0x1980062
[cpu9] [0xfffffe000b7b3950] MMIO: R.4   0x497053070 (apcie[3], offset 0x13070) = 0x85
[cpu9] [0xfffffe000b7b3d7c] MMIO: W.4   0x497053070 (apcie[3], offset 0x13070) = 0xa5
[cpu9] [0xfffffe000b7b3950] MMIO: R.4   0x49705b02c (apcie[3], offset 0x1b02c) = 0x1880062
[cpu9] [0xfffffe000b7b3d7c] MMIO: W.4   0x49705b02c (apcie[3], offset 0x1b02c) = 0x1980062
[cpu9] [0xfffffe000b7b3950] MMIO: R.4   0x49705b070 (apcie[3], offset 0x1b070) = 0x85
[cpu9] [0xfffffe000b7b3d7c] MMIO: W.4   0x49705b070 (apcie[3], offset 0x1b070) = 0xa5
[cpu9] [0xfffffe000b7b3950] MMIO: R.4   0x497049000 (apcie[3], offset 0x9000) = 0x5e000000
[cpu9] [0xfffffe000b7b3d7c] MMIO: W.4   0x497049000 (apcie[3], offset 0x9000) = 0x1e000000
[cpu9] [0xfffffe000b7b3950] MMIO: R.4   0x497049008 (apcie[3], offset 0x9008) = 0x100000
[cpu9] [0xfffffe000b7b3950] MMIO: R.4   0x49704903c (apcie[3], offset 0x903c) = 0xc3509
[cpu9] [0xfffffe000b7b3d7c] MMIO: W.4   0x49704903c (apcie[3], offset 0x903c) = 0x18c3509
[cpu9] [0xfffffe000b7b3950] MMIO: R.4   0x4970490d8 (apcie[3], offset 0x90d8) = 0x1021c38
[cpu9] [0xfffffe000b7b3d7c] MMIO: W.4   0x4970490d8 (apcie[3], offset 0x90d8) = 0x102068d
[cpu9] [0xfffffe000b7b3950] MMIO: R.4   0x4970490dc (apcie[3], offset 0x90dc) = 0x12004c18
[cpu9] [0xfffffe000b7b3d7c] MMIO: W.4   0x4970490dc (apcie[3], offset 0x90dc) = 0x12004408
[cpu9] [0xfffffe000b7b3950] MMIO: R.4   0x4970491e0 (apcie[3], offset 0x91e0) = 0x2000
[cpu9] [0xfffffe000b7b3d7c] MMIO: W.4   0x4970491e0 (apcie[3], offset 0x91e0) = 0x2008
[cpu9] [0xfffffe000b7b3950] MMIO: R.4   0x497049280 (apcie[3], offset 0x9280) = 0xcc8ccccc
[cpu9] [0xfffffe000b7b3d7c] MMIO: W.4   0x497049280 (apcie[3], offset 0x9280) = 0xcccccccc
[cpu9] [0xfffffe000b7b3950] MMIO: R.4   0x49704928c (apcie[3], offset 0x928c) = 0x0
[cpu9] [0xfffffe000b7b3d7c] MMIO: W.4   0x49704928c (apcie[3], offset 0x928c) = 0x3
[cpu9] [0xfffffe000b7b3950] MMIO: R.4   0x497051000 (apcie[3], offset 0x11000) = 0x5e000000
[cpu9] [0xfffffe000b7b3d7c] MMIO: W.4   0x497051000 (apcie[3], offset 0x11000) = 0x1e000000
[cpu9] [0xfffffe000b7b3950] MMIO: R.4   0x497051008 (apcie[3], offset 0x11008) = 0x100000
[cpu9] [0xfffffe000b7b3950] MMIO: R.4   0x49705103c (apcie[3], offset 0x1103c) = 0xc3509
[cpu9] [0xfffffe000b7b3d7c] MMIO: W.4   0x49705103c (apcie[3], offset 0x1103c) = 0x18c3509
[cpu9] [0xfffffe000b7b3950] MMIO: R.4   0x4970510d8 (apcie[3], offset 0x110d8) = 0x1021c38
[cpu9] [0xfffffe000b7b3d7c] MMIO: W.4   0x4970510d8 (apcie[3], offset 0x110d8) = 0x102068d
[cpu9] [0xfffffe000b7b3950] MMIO: R.4   0x4970510dc (apcie[3], offset 0x110dc) = 0x12004c18
[cpu9] [0xfffffe000b7b3d7c] MMIO: W.4   0x4970510dc (apcie[3], offset 0x110dc) = 0x12004408
[cpu9] [0xfffffe000b7b3950] MMIO: R.4   0x4970511e0 (apcie[3], offset 0x111e0) = 0x2000
[cpu9] [0xfffffe000b7b3d7c] MMIO: W.4   0x4970511e0 (apcie[3], offset 0x111e0) = 0x2008
[cpu9] [0xfffffe000b7b3950] MMIO: R.4   0x497051280 (apcie[3], offset 0x11280) = 0xcc8ccccc
[cpu9] [0xfffffe000b7b3d7c] MMIO: W.4   0x497051280 (apcie[3], offset 0x11280) = 0xcccccccc
[cpu9] [0xfffffe000b7b3950] MMIO: R.4   0x497059000 (apcie[3], offset 0x19000) = 0x5e000000
[cpu9] [0xfffffe000b7b3d7c] MMIO: W.4   0x497059000 (apcie[3], offset 0x19000) = 0x1e000000
[cpu9] [0xfffffe000b7b3950] MMIO: R.4   0x497059008 (apcie[3], offset 0x19008) = 0x100000
[cpu9] [0xfffffe000b7b3950] MMIO: R.4   0x49705903c (apcie[3], offset 0x1903c) = 0xc3509
[cpu9] [0xfffffe000b7b3d7c] MMIO: W.4   0x49705903c (apcie[3], offset 0x1903c) = 0x18c3509
[cpu9] [0xfffffe000b7b3950] MMIO: R.4   0x4970590d8 (apcie[3], offset 0x190d8) = 0x1021c38
[cpu9] [0xfffffe000b7b3d7c] MMIO: W.4   0x4970590d8 (apcie[3], offset 0x190d8) = 0x102068d
[cpu9] [0xfffffe000b7b3950] MMIO: R.4   0x4970590dc (apcie[3], offset 0x190dc) = 0x12004c18
[cpu9] [0xfffffe000b7b3d7c] MMIO: W.4   0x4970590dc (apcie[3], offset 0x190dc) = 0x12004408
[cpu9] [0xfffffe000b7b3950] MMIO: R.4   0x4970591e0 (apcie[3], offset 0x191e0) = 0x2000
[cpu9] [0xfffffe000b7b3d7c] MMIO: W.4   0x4970591e0 (apcie[3], offset 0x191e0) = 0x2008
[cpu9] [0xfffffe000b7b3950] MMIO: R.4   0x497059280 (apcie[3], offset 0x19280) = 0xcc8ccccc
[cpu9] [0xfffffe000b7b3d7c] MMIO: W.4   0x497059280 (apcie[3], offset 0x19280) = 0xcccccccc
[cpu9] [0xfffffe000b7b3950] MMIO: R.4   0x49705928c (apcie[3], offset 0x1928c) = 0x0
[cpu9] [0xfffffe000b7b3d7c] MMIO: W.4   0x49705928c (apcie[3], offset 0x1928c) = 0x3
[cpu9] [0xfffffe000b7b3950] MMIO: R.4   0x49704d008 (apcie[3], offset 0xd008) = 0x0
[cpu9] [0xfffffe000b7b3d7c] MMIO: W.4   0x49704d008 (apcie[3], offset 0xd008) = 0xc
[cpu9] [0xfffffe000b7b3950] MMIO: R.4   0x49704d014 (apcie[3], offset 0xd014) = 0x4840000
[cpu9] [0xfffffe000b7b3d7c] MMIO: W.4   0x49704d014 (apcie[3], offset 0xd014) = 0x4840408
[cpu9] [0xfffffe000b7b3950] MMIO: R.4   0x497055008 (apcie[3], offset 0x15008) = 0x0
[cpu9] [0xfffffe000b7b3d7c] MMIO: W.4   0x497055008 (apcie[3], offset 0x15008) = 0xc
[cpu9] [0xfffffe000b7b3950] MMIO: R.4   0x497055014 (apcie[3], offset 0x15014) = 0x4840000
[cpu9] [0xfffffe000b7b3d7c] MMIO: W.4   0x497055014 (apcie[3], offset 0x15014) = 0x4840408
[cpu9] [0xfffffe000b7b3950] MMIO: R.4   0x49705d008 (apcie[3], offset 0x1d008) = 0x0
[cpu9] [0xfffffe000b7b3d7c] MMIO: W.4   0x49705d008 (apcie[3], offset 0x1d008) = 0xc
[cpu9] [0xfffffe000b7b3950] MMIO: R.4   0x49705d014 (apcie[3], offset 0x1d014) = 0x4840000
[cpu9] [0xfffffe000b7b3d7c] MMIO: W.4   0x49705d014 (apcie[3], offset 0x1d014) = 0x4840408
[cpu9] [0xfffffe000b7b3950] MMIO: R.4   0x49704c01c (apcie[3], offset 0xc01c) = 0x641
[cpu9] [0xfffffe000b7b3d7c] MMIO: W.4   0x49704c01c (apcie[3], offset 0xc01c) = 0x6a1
[cpu9] [0xfffffe000b7b3950] MMIO: R.4   0x49704c080 (apcie[3], offset 0xc080) = 0x140c6831
[cpu9] [0xfffffe000b7b3d7c] MMIO: W.4   0x49704c080 (apcie[3], offset 0xc080) = 0x540c6831
[cpu9] [0xfffffe000b7b3950] MMIO: R.4   0x49704c08c (apcie[3], offset 0xc08c) = 0x10bc0c1f
[cpu9] [0xfffffe000b7b3d7c] MMIO: W.4   0x49704c08c (apcie[3], offset 0xc08c) = 0x10be0c1f
[cpu9] [0xfffffe000b7b3950] MMIO: R.4   0x49704c0a0 (apcie[3], offset 0xc0a0) = 0x2021780
[cpu9] [0xfffffe000b7b3d7c] MMIO: W.4   0x49704c0a0 (apcie[3], offset 0xc0a0) = 0x23a1780
[cpu9] [0xfffffe000b7b3950] MMIO: R.4   0x49704c0ec (apcie[3], offset 0xc0ec) = 0x1
[cpu9] [0xfffffe000b7b3d7c] MMIO: W.4   0x49704c0ec (apcie[3], offset 0xc0ec) = 0x0
[cpu9] [0xfffffe000b7b3950] MMIO: R.4   0x49705401c (apcie[3], offset 0x1401c) = 0x641
[cpu9] [0xfffffe000b7b3d7c] MMIO: W.4   0x49705401c (apcie[3], offset 0x1401c) = 0x6a1
[cpu9] [0xfffffe000b7b3950] MMIO: R.4   0x497054080 (apcie[3], offset 0x14080) = 0x140c6831
[cpu9] [0xfffffe000b7b3d7c] MMIO: W.4   0x497054080 (apcie[3], offset 0x14080) = 0x540c6831
[cpu9] [0xfffffe000b7b3950] MMIO: R.4   0x49705408c (apcie[3], offset 0x1408c) = 0x10bc0c1f
[cpu9] [0xfffffe000b7b3d7c] MMIO: W.4   0x49705408c (apcie[3], offset 0x1408c) = 0x10be0c1f
[cpu9] [0xfffffe000b7b3950] MMIO: R.4   0x4970540a0 (apcie[3], offset 0x140a0) = 0x2021780
[cpu9] [0xfffffe000b7b3d7c] MMIO: W.4   0x4970540a0 (apcie[3], offset 0x140a0) = 0x23a1780
[cpu9] [0xfffffe000b7b3950] MMIO: R.4   0x4970540ec (apcie[3], offset 0x140ec) = 0x1
[cpu9] [0xfffffe000b7b3d7c] MMIO: W.4   0x4970540ec (apcie[3], offset 0x140ec) = 0x0
[cpu9] [0xfffffe000b7b3950] MMIO: R.4   0x49705c01c (apcie[3], offset 0x1c01c) = 0x641
[cpu9] [0xfffffe000b7b3d7c] MMIO: W.4   0x49705c01c (apcie[3], offset 0x1c01c) = 0x6a1
[cpu9] [0xfffffe000b7b3950] MMIO: R.4   0x49705c080 (apcie[3], offset 0x1c080) = 0x140c6831
[cpu9] [0xfffffe000b7b3d7c] MMIO: W.4   0x49705c080 (apcie[3], offset 0x1c080) = 0x540c6831
[cpu9] [0xfffffe000b7b3950] MMIO: R.4   0x49705c08c (apcie[3], offset 0x1c08c) = 0x10bc0c1f
[cpu9] [0xfffffe000b7b3d7c] MMIO: W.4   0x49705c08c (apcie[3], offset 0x1c08c) = 0x10be0c1f
[cpu9] [0xfffffe000b7b3950] MMIO: R.4   0x49705c0a0 (apcie[3], offset 0x1c0a0) = 0x2021780
[cpu9] [0xfffffe000b7b3d7c] MMIO: W.4   0x49705c0a0 (apcie[3], offset 0x1c0a0) = 0x23a1780
[cpu9] [0xfffffe000b7b3950] MMIO: R.4   0x49705c0ec (apcie[3], offset 0x1c0ec) = 0x1
[cpu9] [0xfffffe000b7b3d7c] MMIO: W.4   0x49705c0ec (apcie[3], offset 0x1c0ec) = 0x0
[cpu9] [0xfffffe000b7b3950] MMIO: R.4   0x49704e404 (apcie[3], offset 0xe404) = 0x30021810
[cpu9] [0xfffffe000b7b3d7c] MMIO: W.4   0x49704e404 (apcie[3], offset 0xe404) = 0x70021810
[cpu9] [0xfffffe000b7b3950] MMIO: R.4   0x497056404 (apcie[3], offset 0x16404) = 0x30021810
[cpu9] [0xfffffe000b7b3d7c] MMIO: W.4   0x497056404 (apcie[3], offset 0x16404) = 0x70021810
[cpu9] [0xfffffe000b7b3950] MMIO: R.4   0x49705e404 (apcie[3], offset 0x1e404) = 0x30021810
[cpu9] [0xfffffe000b7b3d7c] MMIO: W.4   0x49705e404 (apcie[3], offset 0x1e404) = 0x70021810
[cpu9] [0xfffffe000b7b3950] MMIO: R.4   0x497040090 (apcie[3], offset 0x90) = 0x80010005
[cpu9] [0xfffffe000b7b3d7c] MMIO: W.4   0x497040090 (apcie[3], offset 0x90) = 0x80000005
[cpu9] [0xfffffe000b7b3950] MMIO: R.4   0x497008004 (apcie[2], offset 0x8004) = 0x1
[cpu9] [0xfffffe000b7b3d7c] MMIO: W.4   0x497008004 (apcie[2], offset 0x8004) = 0x11
[cpu9] [0xfffffe000b7b3950] MMIO: R.4   0x497008008 (apcie[2], offset 0x8008) = 0x0
[cpu9] [0xfffffe000b7b3950] MMIO: R.4   0x497008008 (apcie[2], offset 0x8008) = 0x1
[cpu9] [0xfffffe000b7b3950] MMIO: R.4   0x497004000 (apcie[2], offset 0x4000) = 0x80300000
[cpu9] [0xfffffe000b7b3d7c] MMIO: W.4   0x497004000 (apcie[2], offset 0x4000) = 0x80300001
[cpu9] [0xfffffe000b7b3950] MMIO: R.4   0x497008000 (apcie[2], offset 0x8000) = 0xf3c0308f
[cpu9] [0xfffffe000b7b3d7c] MMIO: W.4   0x497008000 (apcie[2], offset 0x8000) = 0xfbc0308f
[cpu9] [0xfffffe000b7b3d7c] MMIO: W.4   0x494000054 (apcie[1], offset 0x54) = 0x140
[cpu9] [0xfffffe000b7b3950] MMIO: R.4   0x494000050 (apcie[1], offset 0x50) = 0x0
[cpu9] [0xfffffe000b7b3d7c] MMIO: W.4   0x494000050 (apcie[1], offset 0x50) = 0x1
[cpu9] [0xfffffe000b7b3950] MMIO: R.4   0x494000058 (apcie[1], offset 0x58) = 0x1
[cpu9] [0xfffffe000b7b3d7c] MMIO: W.4   0x490028088 (apcie[7], offset 0x88) = 0x110
[cpu9] [0xfffffe000b7b3d7c] MMIO: W.4   0x490028100 (apcie[7], offset 0x100) = 0xffffffff
[cpu9] [0xfffffe000b7b3d7c] MMIO: W.4   0x490028148 (apcie[7], offset 0x148) = 0xffffffff
[cpu9] [0xfffffe000b7b3d7c] MMIO: W.4   0x490028210 (apcie[7], offset 0x210) = 0xffffffff
[cpu9] [0xfffffe000b7b3d7c] MMIO: W.4   0x490028080 (apcie[7], offset 0x80) = 0x0
[cpu9] [0xfffffe000b7b3d7c] MMIO: W.4   0x490028084 (apcie[7], offset 0x84) = 0x0
[cpu9] [0xfffffe000b7b3d7c] MMIO: W.4   0x490028104 (apcie[7], offset 0x104) = 0xfffffff0
[cpu9] [0xfffffe000b7b3d7c] MMIO: W.4   0x490028124 (apcie[7], offset 0x124) = 0x100
[cpu9] [0xfffffe000b7b3d7c] MMIO: W.4   0x49002816c (apcie[7], offset 0x16c) = 0x0
[cpu9] [0xfffffe000b7b3d7c] MMIO: W.4   0x49002813c (apcie[7], offset 0x13c) = 0x0
[cpu9] [0xfffffe000b7b3d7c] MMIO: W.4   0x490028800 (apcie[7], offset 0x800) = 0x100100
[cpu9] [0xfffffe000b7b3d7c] MMIO: W.4   0x490028808 (apcie[7], offset 0x808) = 0x1000ff
[cpu9] [0xfffffe000b7b3d7c] MMIO: W.4   0x49002882c (apcie[7], offset 0x82c) = 0x0
[cpu9] [0xfffffe000b7b3d7c] MMIO: W.4   0x49002b000 (apcie[7], offset 0x3000) = 0x0
[cpu9] [0xfffffe000b7b3d7c] MMIO: W.4   0x49002b004 (apcie[7], offset 0x3004) = 0x0
[cpu9] [0xfffffe000b7b3d7c] MMIO: W.4   0x49002b008 (apcie[7], offset 0x3008) = 0x0
[cpu9] [0xfffffe000b7b3d7c] MMIO: W.4   0x49002b00c (apcie[7], offset 0x300c) = 0x0
[cpu9] [0xfffffe000b7b3d7c] MMIO: W.4   0x49002b010 (apcie[7], offset 0x3010) = 0x0
[cpu9] [0xfffffe000b7b3d7c] MMIO: W.4   0x49002b014 (apcie[7], offset 0x3014) = 0x0
[cpu9] [0xfffffe000b7b3d7c] MMIO: W.4   0x49002b018 (apcie[7], offset 0x3018) = 0x0
[cpu9] [0xfffffe000b7b3d7c] MMIO: W.4   0x49002b01c (apcie[7], offset 0x301c) = 0x0
[cpu9] [0xfffffe000b7b3d7c] MMIO: W.4   0x49002b020 (apcie[7], offset 0x3020) = 0x0
[cpu9] [0xfffffe000b7b3d7c] MMIO: W.4   0x49002b024 (apcie[7], offset 0x3024) = 0x0
[cpu9] [0xfffffe000b7b3d7c] MMIO: W.4   0x49002b028 (apcie[7], offset 0x3028) = 0x0
[cpu9] [0xfffffe000b7b3d7c] MMIO: W.4   0x49002b02c (apcie[7], offset 0x302c) = 0x0
[cpu9] [0xfffffe000b7b3d7c] MMIO: W.4   0x49002b030 (apcie[7], offset 0x3030) = 0x0
[cpu9] [0xfffffe000b7b3d7c] MMIO: W.4   0x49002b034 (apcie[7], offset 0x3034) = 0x0
[cpu9] [0xfffffe000b7b3d7c] MMIO: W.4   0x49002b038 (apcie[7], offset 0x3038) = 0x0
[cpu9] [0xfffffe000b7b3d7c] MMIO: W.4   0x49002b03c (apcie[7], offset 0x303c) = 0x0
[cpu9] [0xfffffe000b7b3d7c] MMIO: W.4   0x49002b800 (apcie[7], offset 0x3800) = 0x0
[cpu9] [0xfffffe000b7b3d7c] MMIO: W.4   0x49002b804 (apcie[7], offset 0x3804) = 0x0
[cpu9] [0xfffffe000b7b3d7c] MMIO: W.4   0x49002b808 (apcie[7], offset 0x3808) = 0x0
[cpu9] [0xfffffe000b7b3d7c] MMIO: W.4   0x49002b80c (apcie[7], offset 0x380c) = 0x0
[cpu9] [0xfffffe000b7b3d7c] MMIO: W.4   0x49002b810 (apcie[7], offset 0x3810) = 0x0
[cpu9] [0xfffffe000b7b3d7c] MMIO: W.4   0x49002b814 (apcie[7], offset 0x3814) = 0x0
[cpu9] [0xfffffe000b7b3d7c] MMIO: W.4   0x49002b818 (apcie[7], offset 0x3818) = 0x0
[cpu9] [0xfffffe000b7b3d7c] MMIO: W.4   0x49002b81c (apcie[7], offset 0x381c) = 0x0
[cpu9] [0xfffffe000b7b3d7c] MMIO: W.4   0x49002b820 (apcie[7], offset 0x3820) = 0x0
[cpu9] [0xfffffe000b7b3d7c] MMIO: W.4   0x49002b824 (apcie[7], offset 0x3824) = 0x0
[cpu9] [0xfffffe000b7b3d7c] MMIO: W.4   0x49002b828 (apcie[7], offset 0x3828) = 0x0
[cpu9] [0xfffffe000b7b3d7c] MMIO: W.4   0x49002b82c (apcie[7], offset 0x382c) = 0x0
[cpu9] [0xfffffe000b7b3d7c] MMIO: W.4   0x49002b830 (apcie[7], offset 0x3830) = 0x0
[cpu9] [0xfffffe000b7b3d7c] MMIO: W.4   0x49002b834 (apcie[7], offset 0x3834) = 0x0
[cpu9] [0xfffffe000b7b3d7c] MMIO: W.4   0x49002b838 (apcie[7], offset 0x3838) = 0x0
[cpu9] [0xfffffe000b7b3d7c] MMIO: W.4   0x49002b83c (apcie[7], offset 0x383c) = 0x0
[cpu9] [0xfffffe000b7b3d7c] MMIO: W.4   0x49002b840 (apcie[7], offset 0x3840) = 0x0
[cpu9] [0xfffffe000b7b3d7c] MMIO: W.4   0x49002b844 (apcie[7], offset 0x3844) = 0x0
[cpu9] [0xfffffe000b7b3d7c] MMIO: W.4   0x49002b848 (apcie[7], offset 0x3848) = 0x0
[cpu9] [0xfffffe000b7b3d7c] MMIO: W.4   0x49002b84c (apcie[7], offset 0x384c) = 0x0
[cpu9] [0xfffffe000b7b3d7c] MMIO: W.4   0x49002b850 (apcie[7], offset 0x3850) = 0x0
[cpu9] [0xfffffe000b7b3d7c] MMIO: W.4   0x49002b854 (apcie[7], offset 0x3854) = 0x0
[cpu9] [0xfffffe000b7b3d7c] MMIO: W.4   0x49002b858 (apcie[7], offset 0x3858) = 0x0
[cpu9] [0xfffffe000b7b3d7c] MMIO: W.4   0x49002b85c (apcie[7], offset 0x385c) = 0x0
[cpu9] [0xfffffe000b7b3d7c] MMIO: W.4   0x49002b860 (apcie[7], offset 0x3860) = 0x0
[cpu9] [0xfffffe000b7b3d7c] MMIO: W.4   0x49002b864 (apcie[7], offset 0x3864) = 0x0
[cpu9] [0xfffffe000b7b3d7c] MMIO: W.4   0x49002b868 (apcie[7], offset 0x3868) = 0x0
[cpu9] [0xfffffe000b7b3d7c] MMIO: W.4   0x49002b86c (apcie[7], offset 0x386c) = 0x0
[cpu9] [0xfffffe000b7b3d7c] MMIO: W.4   0x49002b870 (apcie[7], offset 0x3870) = 0x0
[cpu9] [0xfffffe000b7b3d7c] MMIO: W.4   0x49002b874 (apcie[7], offset 0x3874) = 0x0
[cpu9] [0xfffffe000b7b3d7c] MMIO: W.4   0x49002b878 (apcie[7], offset 0x3878) = 0x0
[cpu9] [0xfffffe000b7b3d7c] MMIO: W.4   0x49002b87c (apcie[7], offset 0x387c) = 0x0
[cpu9] [0xfffffe000b7b3d7c] MMIO: W.4   0x49002b880 (apcie[7], offset 0x3880) = 0x0
[cpu9] [0xfffffe000b7b3d7c] MMIO: W.4   0x49002b884 (apcie[7], offset 0x3884) = 0x0
[cpu9] [0xfffffe000b7b3d7c] MMIO: W.4   0x49002b888 (apcie[7], offset 0x3888) = 0x0
[cpu9] [0xfffffe000b7b3d7c] MMIO: W.4   0x49002b88c (apcie[7], offset 0x388c) = 0x0
[cpu9] [0xfffffe000b7b3d7c] MMIO: W.4   0x49002b890 (apcie[7], offset 0x3890) = 0x0
[cpu9] [0xfffffe000b7b3d7c] MMIO: W.4   0x49002b894 (apcie[7], offset 0x3894) = 0x0
[cpu9] [0xfffffe000b7b3d7c] MMIO: W.4   0x49002b898 (apcie[7], offset 0x3898) = 0x0
[cpu9] [0xfffffe000b7b3d7c] MMIO: W.4   0x49002b89c (apcie[7], offset 0x389c) = 0x0
[cpu9] [0xfffffe000b7b3d7c] MMIO: W.4   0x49002b8a0 (apcie[7], offset 0x38a0) = 0x0
[cpu9] [0xfffffe000b7b3d7c] MMIO: W.4   0x49002b8a4 (apcie[7], offset 0x38a4) = 0x0
[cpu9] [0xfffffe000b7b3d7c] MMIO: W.4   0x49002b8a8 (apcie[7], offset 0x38a8) = 0x0
[cpu9] [0xfffffe000b7b3d7c] MMIO: W.4   0x49002b8ac (apcie[7], offset 0x38ac) = 0x0
[cpu9] [0xfffffe000b7b3d7c] MMIO: W.4   0x49002b8b0 (apcie[7], offset 0x38b0) = 0x0
[cpu9] [0xfffffe000b7b3d7c] MMIO: W.4   0x49002b8b4 (apcie[7], offset 0x38b4) = 0x0
[cpu9] [0xfffffe000b7b3d7c] MMIO: W.4   0x49002b8b8 (apcie[7], offset 0x38b8) = 0x0
[cpu9] [0xfffffe000b7b3d7c] MMIO: W.4   0x49002b8bc (apcie[7], offset 0x38bc) = 0x0
[cpu9] [0xfffffe000b7b3d7c] MMIO: W.4   0x49002b8c0 (apcie[7], offset 0x38c0) = 0x0
[cpu9] [0xfffffe000b7b3d7c] MMIO: W.4   0x49002b8c4 (apcie[7], offset 0x38c4) = 0x0
[cpu9] [0xfffffe000b7b3d7c] MMIO: W.4   0x49002b8c8 (apcie[7], offset 0x38c8) = 0x0
[cpu9] [0xfffffe000b7b3d7c] MMIO: W.4   0x49002b8cc (apcie[7], offset 0x38cc) = 0x0
[cpu9] [0xfffffe000b7b3d7c] MMIO: W.4   0x49002b8d0 (apcie[7], offset 0x38d0) = 0x0
[cpu9] [0xfffffe000b7b3d7c] MMIO: W.4   0x49002b8d4 (apcie[7], offset 0x38d4) = 0x0
[cpu9] [0xfffffe000b7b3d7c] MMIO: W.4   0x49002b8d8 (apcie[7], offset 0x38d8) = 0x0
[cpu9] [0xfffffe000b7b3d7c] MMIO: W.4   0x49002b8dc (apcie[7], offset 0x38dc) = 0x0
[cpu9] [0xfffffe000b7b3d7c] MMIO: W.4   0x49002b8e0 (apcie[7], offset 0x38e0) = 0x0
[cpu9] [0xfffffe000b7b3d7c] MMIO: W.4   0x49002b8e4 (apcie[7], offset 0x38e4) = 0x0
[cpu9] [0xfffffe000b7b3d7c] MMIO: W.4   0x49002b8e8 (apcie[7], offset 0x38e8) = 0x0
[cpu9] [0xfffffe000b7b3d7c] MMIO: W.4   0x49002b8ec (apcie[7], offset 0x38ec) = 0x0
[cpu9] [0xfffffe000b7b3d7c] MMIO: W.4   0x49002b8f0 (apcie[7], offset 0x38f0) = 0x0
[cpu9] [0xfffffe000b7b3d7c] MMIO: W.4   0x49002b8f4 (apcie[7], offset 0x38f4) = 0x0
[cpu9] [0xfffffe000b7b3d7c] MMIO: W.4   0x49002b8f8 (apcie[7], offset 0x38f8) = 0x0
[cpu9] [0xfffffe000b7b3d7c] MMIO: W.4   0x49002b8fc (apcie[7], offset 0x38fc) = 0x0
[cpu9] [0xfffffe000b7b3d7c] MMIO: W.4   0x49002b900 (apcie[7], offset 0x3900) = 0x0
[cpu9] [0xfffffe000b7b3d7c] MMIO: W.4   0x49002b904 (apcie[7], offset 0x3904) = 0x0
[cpu9] [0xfffffe000b7b3d7c] MMIO: W.4   0x49002b908 (apcie[7], offset 0x3908) = 0x0
[cpu9] [0xfffffe000b7b3d7c] MMIO: W.4   0x49002b90c (apcie[7], offset 0x390c) = 0x0
[cpu9] [0xfffffe000b7b3d7c] MMIO: W.4   0x49002b910 (apcie[7], offset 0x3910) = 0x0
[cpu9] [0xfffffe000b7b3d7c] MMIO: W.4   0x49002b914 (apcie[7], offset 0x3914) = 0x0
[cpu9] [0xfffffe000b7b3d7c] MMIO: W.4   0x49002b918 (apcie[7], offset 0x3918) = 0x0
[cpu9] [0xfffffe000b7b3d7c] MMIO: W.4   0x49002b91c (apcie[7], offset 0x391c) = 0x0
[cpu9] [0xfffffe000b7b3d7c] MMIO: W.4   0x49002b920 (apcie[7], offset 0x3920) = 0x0
[cpu9] [0xfffffe000b7b3d7c] MMIO: W.4   0x49002b924 (apcie[7], offset 0x3924) = 0x0
[cpu9] [0xfffffe000b7b3d7c] MMIO: W.4   0x49002b928 (apcie[7], offset 0x3928) = 0x0
[cpu9] [0xfffffe000b7b3d7c] MMIO: W.4   0x49002b92c (apcie[7], offset 0x392c) = 0x0
[cpu9] [0xfffffe000b7b3d7c] MMIO: W.4   0x49002b930 (apcie[7], offset 0x3930) = 0x0
[cpu9] [0xfffffe000b7b3d7c] MMIO: W.4   0x49002b934 (apcie[7], offset 0x3934) = 0x0
[cpu9] [0xfffffe000b7b3d7c] MMIO: W.4   0x49002b938 (apcie[7], offset 0x3938) = 0x0
[cpu9] [0xfffffe000b7b3d7c] MMIO: W.4   0x49002b93c (apcie[7], offset 0x393c) = 0x0
[cpu9] [0xfffffe000b7b3d7c] MMIO: W.4   0x49002b940 (apcie[7], offset 0x3940) = 0x0
[cpu9] [0xfffffe000b7b3d7c] MMIO: W.4   0x49002b944 (apcie[7], offset 0x3944) = 0x0
[cpu9] [0xfffffe000b7b3d7c] MMIO: W.4   0x49002b948 (apcie[7], offset 0x3948) = 0x0
[cpu9] [0xfffffe000b7b3d7c] MMIO: W.4   0x49002b94c (apcie[7], offset 0x394c) = 0x0
[cpu9] [0xfffffe000b7b3d7c] MMIO: W.4   0x49002b950 (apcie[7], offset 0x3950) = 0x0
[cpu9] [0xfffffe000b7b3d7c] MMIO: W.4   0x49002b954 (apcie[7], offset 0x3954) = 0x0
[cpu9] [0xfffffe000b7b3d7c] MMIO: W.4   0x49002b958 (apcie[7], offset 0x3958) = 0x0
[cpu9] [0xfffffe000b7b3d7c] MMIO: W.4   0x49002b95c (apcie[7], offset 0x395c) = 0x0
[cpu9] [0xfffffe000b7b3d7c] MMIO: W.4   0x49002b960 (apcie[7], offset 0x3960) = 0x0
[cpu9] [0xfffffe000b7b3d7c] MMIO: W.4   0x49002b964 (apcie[7], offset 0x3964) = 0x0
[cpu9] [0xfffffe000b7b3d7c] MMIO: W.4   0x49002b968 (apcie[7], offset 0x3968) = 0x0
[cpu9] [0xfffffe000b7b3d7c] MMIO: W.4   0x49002b96c (apcie[7], offset 0x396c) = 0x0
[cpu9] [0xfffffe000b7b3d7c] MMIO: W.4   0x49002b970 (apcie[7], offset 0x3970) = 0x0
[cpu9] [0xfffffe000b7b3d7c] MMIO: W.4   0x49002b974 (apcie[7], offset 0x3974) = 0x0
[cpu9] [0xfffffe000b7b3d7c] MMIO: W.4   0x49002b978 (apcie[7], offset 0x3978) = 0x0
[cpu9] [0xfffffe000b7b3d7c] MMIO: W.4   0x49002b97c (apcie[7], offset 0x397c) = 0x0
[cpu9] [0xfffffe000b7b3d7c] MMIO: W.4   0x49002b980 (apcie[7], offset 0x3980) = 0x0
[cpu9] [0xfffffe000b7b3d7c] MMIO: W.4   0x49002b984 (apcie[7], offset 0x3984) = 0x0
[cpu9] [0xfffffe000b7b3d7c] MMIO: W.4   0x49002b988 (apcie[7], offset 0x3988) = 0x0
[cpu9] [0xfffffe000b7b3d7c] MMIO: W.4   0x49002b98c (apcie[7], offset 0x398c) = 0x0
[cpu9] [0xfffffe000b7b3d7c] MMIO: W.4   0x49002b990 (apcie[7], offset 0x3990) = 0x0
[cpu9] [0xfffffe000b7b3d7c] MMIO: W.4   0x49002b994 (apcie[7], offset 0x3994) = 0x0
[cpu9] [0xfffffe000b7b3d7c] MMIO: W.4   0x49002b998 (apcie[7], offset 0x3998) = 0x0
[cpu9] [0xfffffe000b7b3d7c] MMIO: W.4   0x49002b99c (apcie[7], offset 0x399c) = 0x0
[cpu9] [0xfffffe000b7b3d7c] MMIO: W.4   0x49002b9a0 (apcie[7], offset 0x39a0) = 0x0
[cpu9] [0xfffffe000b7b3d7c] MMIO: W.4   0x49002b9a4 (apcie[7], offset 0x39a4) = 0x0
[cpu9] [0xfffffe000b7b3d7c] MMIO: W.4   0x49002b9a8 (apcie[7], offset 0x39a8) = 0x0
[cpu9] [0xfffffe000b7b3d7c] MMIO: W.4   0x49002b9ac (apcie[7], offset 0x39ac) = 0x0
[cpu9] [0xfffffe000b7b3d7c] MMIO: W.4   0x49002b9b0 (apcie[7], offset 0x39b0) = 0x0
[cpu9] [0xfffffe000b7b3d7c] MMIO: W.4   0x49002b9b4 (apcie[7], offset 0x39b4) = 0x0
[cpu9] [0xfffffe000b7b3d7c] MMIO: W.4   0x49002b9b8 (apcie[7], offset 0x39b8) = 0x0
[cpu9] [0xfffffe000b7b3d7c] MMIO: W.4   0x49002b9bc (apcie[7], offset 0x39bc) = 0x0
[cpu9] [0xfffffe000b7b3d7c] MMIO: W.4   0x49002b9c0 (apcie[7], offset 0x39c0) = 0x0
[cpu9] [0xfffffe000b7b3d7c] MMIO: W.4   0x49002b9c4 (apcie[7], offset 0x39c4) = 0x0
[cpu9] [0xfffffe000b7b3d7c] MMIO: W.4   0x49002b9c8 (apcie[7], offset 0x39c8) = 0x0
[cpu9] [0xfffffe000b7b3d7c] MMIO: W.4   0x49002b9cc (apcie[7], offset 0x39cc) = 0x0
[cpu9] [0xfffffe000b7b3d7c] MMIO: W.4   0x49002b9d0 (apcie[7], offset 0x39d0) = 0x0
[cpu9] [0xfffffe000b7b3d7c] MMIO: W.4   0x49002b9d4 (apcie[7], offset 0x39d4) = 0x0
[cpu9] [0xfffffe000b7b3d7c] MMIO: W.4   0x49002b9d8 (apcie[7], offset 0x39d8) = 0x0
[cpu9] [0xfffffe000b7b3d7c] MMIO: W.4   0x49002b9dc (apcie[7], offset 0x39dc) = 0x0
[cpu9] [0xfffffe000b7b3d7c] MMIO: W.4   0x49002b9e0 (apcie[7], offset 0x39e0) = 0x0
[cpu9] [0xfffffe000b7b3d7c] MMIO: W.4   0x49002b9e4 (apcie[7], offset 0x39e4) = 0x0
[cpu9] [0xfffffe000b7b3d7c] MMIO: W.4   0x49002b9e8 (apcie[7], offset 0x39e8) = 0x0
[cpu9] [0xfffffe000b7b3d7c] MMIO: W.4   0x49002b9ec (apcie[7], offset 0x39ec) = 0x0
[cpu9] [0xfffffe000b7b3d7c] MMIO: W.4   0x49002b9f0 (apcie[7], offset 0x39f0) = 0x0
[cpu9] [0xfffffe000b7b3d7c] MMIO: W.4   0x49002b9f4 (apcie[7], offset 0x39f4) = 0x0
[cpu9] [0xfffffe000b7b3d7c] MMIO: W.4   0x49002b9f8 (apcie[7], offset 0x39f8) = 0x0
[cpu9] [0xfffffe000b7b3d7c] MMIO: W.4   0x49002b9fc (apcie[7], offset 0x39fc) = 0x0
[cpu9] [0xfffffe000b7b3d7c] MMIO: W.4   0x49002ba00 (apcie[7], offset 0x3a00) = 0x0
[cpu9] [0xfffffe000b7b3d7c] MMIO: W.4   0x49002ba04 (apcie[7], offset 0x3a04) = 0x0
[cpu9] [0xfffffe000b7b3d7c] MMIO: W.4   0x49002ba08 (apcie[7], offset 0x3a08) = 0x0
[cpu9] [0xfffffe000b7b3d7c] MMIO: W.4   0x49002ba0c (apcie[7], offset 0x3a0c) = 0x0
[cpu9] [0xfffffe000b7b3d7c] MMIO: W.4   0x49002ba10 (apcie[7], offset 0x3a10) = 0x0
[cpu9] [0xfffffe000b7b3d7c] MMIO: W.4   0x49002ba14 (apcie[7], offset 0x3a14) = 0x0
[cpu9] [0xfffffe000b7b3d7c] MMIO: W.4   0x49002ba18 (apcie[7], offset 0x3a18) = 0x0
[cpu9] [0xfffffe000b7b3d7c] MMIO: W.4   0x49002ba1c (apcie[7], offset 0x3a1c) = 0x0
[cpu9] [0xfffffe000b7b3d7c] MMIO: W.4   0x49002ba20 (apcie[7], offset 0x3a20) = 0x0
[cpu9] [0xfffffe000b7b3d7c] MMIO: W.4   0x49002ba24 (apcie[7], offset 0x3a24) = 0x0
[cpu9] [0xfffffe000b7b3d7c] MMIO: W.4   0x49002ba28 (apcie[7], offset 0x3a28) = 0x0
[cpu9] [0xfffffe000b7b3d7c] MMIO: W.4   0x49002ba2c (apcie[7], offset 0x3a2c) = 0x0
[cpu9] [0xfffffe000b7b3d7c] MMIO: W.4   0x49002ba30 (apcie[7], offset 0x3a30) = 0x0
[cpu9] [0xfffffe000b7b3d7c] MMIO: W.4   0x49002ba34 (apcie[7], offset 0x3a34) = 0x0
[cpu9] [0xfffffe000b7b3d7c] MMIO: W.4   0x49002ba38 (apcie[7], offset 0x3a38) = 0x0
[cpu9] [0xfffffe000b7b3d7c] MMIO: W.4   0x49002ba3c (apcie[7], offset 0x3a3c) = 0x0
[cpu9] [0xfffffe000b7b3d7c] MMIO: W.4   0x49002ba40 (apcie[7], offset 0x3a40) = 0x0
[cpu9] [0xfffffe000b7b3d7c] MMIO: W.4   0x49002ba44 (apcie[7], offset 0x3a44) = 0x0
[cpu9] [0xfffffe000b7b3d7c] MMIO: W.4   0x49002ba48 (apcie[7], offset 0x3a48) = 0x0
[cpu9] [0xfffffe000b7b3d7c] MMIO: W.4   0x49002ba4c (apcie[7], offset 0x3a4c) = 0x0
[cpu9] [0xfffffe000b7b3d7c] MMIO: W.4   0x49002ba50 (apcie[7], offset 0x3a50) = 0x0
[cpu9] [0xfffffe000b7b3d7c] MMIO: W.4   0x49002ba54 (apcie[7], offset 0x3a54) = 0x0
[cpu9] [0xfffffe000b7b3d7c] MMIO: W.4   0x49002ba58 (apcie[7], offset 0x3a58) = 0x0
[cpu9] [0xfffffe000b7b3d7c] MMIO: W.4   0x49002ba5c (apcie[7], offset 0x3a5c) = 0x0
[cpu9] [0xfffffe000b7b3d7c] MMIO: W.4   0x49002ba60 (apcie[7], offset 0x3a60) = 0x0
[cpu9] [0xfffffe000b7b3d7c] MMIO: W.4   0x49002ba64 (apcie[7], offset 0x3a64) = 0x0
[cpu9] [0xfffffe000b7b3d7c] MMIO: W.4   0x49002ba68 (apcie[7], offset 0x3a68) = 0x0
[cpu9] [0xfffffe000b7b3d7c] MMIO: W.4   0x49002ba6c (apcie[7], offset 0x3a6c) = 0x0
[cpu9] [0xfffffe000b7b3d7c] MMIO: W.4   0x49002ba70 (apcie[7], offset 0x3a70) = 0x0
[cpu9] [0xfffffe000b7b3d7c] MMIO: W.4   0x49002ba74 (apcie[7], offset 0x3a74) = 0x0
[cpu9] [0xfffffe000b7b3d7c] MMIO: W.4   0x49002ba78 (apcie[7], offset 0x3a78) = 0x0
[cpu9] [0xfffffe000b7b3d7c] MMIO: W.4   0x49002ba7c (apcie[7], offset 0x3a7c) = 0x0
[cpu9] [0xfffffe000b7b3d7c] MMIO: W.4   0x49002ba80 (apcie[7], offset 0x3a80) = 0x0
[cpu9] [0xfffffe000b7b3d7c] MMIO: W.4   0x49002ba84 (apcie[7], offset 0x3a84) = 0x0
[cpu9] [0xfffffe000b7b3d7c] MMIO: W.4   0x49002ba88 (apcie[7], offset 0x3a88) = 0x0
[cpu9] [0xfffffe000b7b3d7c] MMIO: W.4   0x49002ba8c (apcie[7], offset 0x3a8c) = 0x0
[cpu9] [0xfffffe000b7b3d7c] MMIO: W.4   0x49002ba90 (apcie[7], offset 0x3a90) = 0x0
[cpu9] [0xfffffe000b7b3d7c] MMIO: W.4   0x49002ba94 (apcie[7], offset 0x3a94) = 0x0
[cpu9] [0xfffffe000b7b3d7c] MMIO: W.4   0x49002ba98 (apcie[7], offset 0x3a98) = 0x0
[cpu9] [0xfffffe000b7b3d7c] MMIO: W.4   0x49002ba9c (apcie[7], offset 0x3a9c) = 0x0
[cpu9] [0xfffffe000b7b3d7c] MMIO: W.4   0x49002baa0 (apcie[7], offset 0x3aa0) = 0x0
[cpu9] [0xfffffe000b7b3d7c] MMIO: W.4   0x49002baa4 (apcie[7], offset 0x3aa4) = 0x0
[cpu9] [0xfffffe000b7b3d7c] MMIO: W.4   0x49002baa8 (apcie[7], offset 0x3aa8) = 0x0
[cpu9] [0xfffffe000b7b3d7c] MMIO: W.4   0x49002baac (apcie[7], offset 0x3aac) = 0x0
[cpu9] [0xfffffe000b7b3d7c] MMIO: W.4   0x49002bab0 (apcie[7], offset 0x3ab0) = 0x0
[cpu9] [0xfffffe000b7b3d7c] MMIO: W.4   0x49002bab4 (apcie[7], offset 0x3ab4) = 0x0
[cpu9] [0xfffffe000b7b3d7c] MMIO: W.4   0x49002bab8 (apcie[7], offset 0x3ab8) = 0x0
[cpu9] [0xfffffe000b7b3d7c] MMIO: W.4   0x49002babc (apcie[7], offset 0x3abc) = 0x0
[cpu9] [0xfffffe000b7b3d7c] MMIO: W.4   0x49002bac0 (apcie[7], offset 0x3ac0) = 0x0
[cpu9] [0xfffffe000b7b3d7c] MMIO: W.4   0x49002bac4 (apcie[7], offset 0x3ac4) = 0x0
[cpu9] [0xfffffe000b7b3d7c] MMIO: W.4   0x49002bac8 (apcie[7], offset 0x3ac8) = 0x0
[cpu9] [0xfffffe000b7b3d7c] MMIO: W.4   0x49002bacc (apcie[7], offset 0x3acc) = 0x0
[cpu9] [0xfffffe000b7b3d7c] MMIO: W.4   0x49002bad0 (apcie[7], offset 0x3ad0) = 0x0
[cpu9] [0xfffffe000b7b3d7c] MMIO: W.4   0x49002bad4 (apcie[7], offset 0x3ad4) = 0x0
[cpu9] [0xfffffe000b7b3d7c] MMIO: W.4   0x49002bad8 (apcie[7], offset 0x3ad8) = 0x0
[cpu9] [0xfffffe000b7b3d7c] MMIO: W.4   0x49002badc (apcie[7], offset 0x3adc) = 0x0
[cpu9] [0xfffffe000b7b3d7c] MMIO: W.4   0x49002bae0 (apcie[7], offset 0x3ae0) = 0x0
[cpu9] [0xfffffe000b7b3d7c] MMIO: W.4   0x49002bae4 (apcie[7], offset 0x3ae4) = 0x0
[cpu9] [0xfffffe000b7b3d7c] MMIO: W.4   0x49002bae8 (apcie[7], offset 0x3ae8) = 0x0
[cpu9] [0xfffffe000b7b3d7c] MMIO: W.4   0x49002baec (apcie[7], offset 0x3aec) = 0x0
[cpu9] [0xfffffe000b7b3d7c] MMIO: W.4   0x49002baf0 (apcie[7], offset 0x3af0) = 0x0
[cpu9] [0xfffffe000b7b3d7c] MMIO: W.4   0x49002baf4 (apcie[7], offset 0x3af4) = 0x0
[cpu9] [0xfffffe000b7b3d7c] MMIO: W.4   0x49002baf8 (apcie[7], offset 0x3af8) = 0x0
[cpu9] [0xfffffe000b7b3d7c] MMIO: W.4   0x49002bafc (apcie[7], offset 0x3afc) = 0x0
[cpu9] [0xfffffe000b7b3d7c] MMIO: W.4   0x49002bb00 (apcie[7], offset 0x3b00) = 0x0
[cpu9] [0xfffffe000b7b3d7c] MMIO: W.4   0x49002bb04 (apcie[7], offset 0x3b04) = 0x0
[cpu9] [0xfffffe000b7b3d7c] MMIO: W.4   0x49002bb08 (apcie[7], offset 0x3b08) = 0x0
[cpu9] [0xfffffe000b7b3d7c] MMIO: W.4   0x49002bb0c (apcie[7], offset 0x3b0c) = 0x0
[cpu9] [0xfffffe000b7b3d7c] MMIO: W.4   0x49002bb10 (apcie[7], offset 0x3b10) = 0x0
[cpu9] [0xfffffe000b7b3d7c] MMIO: W.4   0x49002bb14 (apcie[7], offset 0x3b14) = 0x0
[cpu9] [0xfffffe000b7b3d7c] MMIO: W.4   0x49002bb18 (apcie[7], offset 0x3b18) = 0x0
[cpu9] [0xfffffe000b7b3d7c] MMIO: W.4   0x49002bb1c (apcie[7], offset 0x3b1c) = 0x0
[cpu9] [0xfffffe000b7b3d7c] MMIO: W.4   0x49002bb20 (apcie[7], offset 0x3b20) = 0x0
[cpu9] [0xfffffe000b7b3d7c] MMIO: W.4   0x49002bb24 (apcie[7], offset 0x3b24) = 0x0
[cpu9] [0xfffffe000b7b3d7c] MMIO: W.4   0x49002bb28 (apcie[7], offset 0x3b28) = 0x0
[cpu9] [0xfffffe000b7b3d7c] MMIO: W.4   0x49002bb2c (apcie[7], offset 0x3b2c) = 0x0
[cpu9] [0xfffffe000b7b3d7c] MMIO: W.4   0x49002bb30 (apcie[7], offset 0x3b30) = 0x0
[cpu9] [0xfffffe000b7b3d7c] MMIO: W.4   0x49002bb34 (apcie[7], offset 0x3b34) = 0x0
[cpu9] [0xfffffe000b7b3d7c] MMIO: W.4   0x49002bb38 (apcie[7], offset 0x3b38) = 0x0
[cpu9] [0xfffffe000b7b3d7c] MMIO: W.4   0x49002bb3c (apcie[7], offset 0x3b3c) = 0x0
[cpu9] [0xfffffe000b7b3d7c] MMIO: W.4   0x49002bb40 (apcie[7], offset 0x3b40) = 0x0
[cpu9] [0xfffffe000b7b3d7c] MMIO: W.4   0x49002bb44 (apcie[7], offset 0x3b44) = 0x0
[cpu9] [0xfffffe000b7b3d7c] MMIO: W.4   0x49002bb48 (apcie[7], offset 0x3b48) = 0x0
[cpu9] [0xfffffe000b7b3d7c] MMIO: W.4   0x49002bb4c (apcie[7], offset 0x3b4c) = 0x0
[cpu9] [0xfffffe000b7b3d7c] MMIO: W.4   0x49002bb50 (apcie[7], offset 0x3b50) = 0x0
[cpu9] [0xfffffe000b7b3d7c] MMIO: W.4   0x49002bb54 (apcie[7], offset 0x3b54) = 0x0
[cpu9] [0xfffffe000b7b3d7c] MMIO: W.4   0x49002bb58 (apcie[7], offset 0x3b58) = 0x0
[cpu9] [0xfffffe000b7b3d7c] MMIO: W.4   0x49002bb5c (apcie[7], offset 0x3b5c) = 0x0
[cpu9] [0xfffffe000b7b3d7c] MMIO: W.4   0x49002bb60 (apcie[7], offset 0x3b60) = 0x0
[cpu9] [0xfffffe000b7b3d7c] MMIO: W.4   0x49002bb64 (apcie[7], offset 0x3b64) = 0x0
[cpu9] [0xfffffe000b7b3d7c] MMIO: W.4   0x49002bb68 (apcie[7], offset 0x3b68) = 0x0
[cpu9] [0xfffffe000b7b3d7c] MMIO: W.4   0x49002bb6c (apcie[7], offset 0x3b6c) = 0x0
[cpu9] [0xfffffe000b7b3d7c] MMIO: W.4   0x49002bb70 (apcie[7], offset 0x3b70) = 0x0
[cpu9] [0xfffffe000b7b3d7c] MMIO: W.4   0x49002bb74 (apcie[7], offset 0x3b74) = 0x0
[cpu9] [0xfffffe000b7b3d7c] MMIO: W.4   0x49002bb78 (apcie[7], offset 0x3b78) = 0x0
[cpu9] [0xfffffe000b7b3d7c] MMIO: W.4   0x49002bb7c (apcie[7], offset 0x3b7c) = 0x0
[cpu9] [0xfffffe000b7b3d7c] MMIO: W.4   0x49002bb80 (apcie[7], offset 0x3b80) = 0x0
[cpu9] [0xfffffe000b7b3d7c] MMIO: W.4   0x49002bb84 (apcie[7], offset 0x3b84) = 0x0
[cpu9] [0xfffffe000b7b3d7c] MMIO: W.4   0x49002bb88 (apcie[7], offset 0x3b88) = 0x0
[cpu9] [0xfffffe000b7b3d7c] MMIO: W.4   0x49002bb8c (apcie[7], offset 0x3b8c) = 0x0
[cpu9] [0xfffffe000b7b3d7c] MMIO: W.4   0x49002bb90 (apcie[7], offset 0x3b90) = 0x0
[cpu9] [0xfffffe000b7b3d7c] MMIO: W.4   0x49002bb94 (apcie[7], offset 0x3b94) = 0x0
[cpu9] [0xfffffe000b7b3d7c] MMIO: W.4   0x49002bb98 (apcie[7], offset 0x3b98) = 0x0
[cpu9] [0xfffffe000b7b3d7c] MMIO: W.4   0x49002bb9c (apcie[7], offset 0x3b9c) = 0x0
[cpu9] [0xfffffe000b7b3d7c] MMIO: W.4   0x49002bba0 (apcie[7], offset 0x3ba0) = 0x0
[cpu9] [0xfffffe000b7b3d7c] MMIO: W.4   0x49002bba4 (apcie[7], offset 0x3ba4) = 0x0
[cpu9] [0xfffffe000b7b3d7c] MMIO: W.4   0x49002bba8 (apcie[7], offset 0x3ba8) = 0x0
[cpu9] [0xfffffe000b7b3d7c] MMIO: W.4   0x49002bbac (apcie[7], offset 0x3bac) = 0x0
[cpu9] [0xfffffe000b7b3d7c] MMIO: W.4   0x49002bbb0 (apcie[7], offset 0x3bb0) = 0x0
[cpu9] [0xfffffe000b7b3d7c] MMIO: W.4   0x49002bbb4 (apcie[7], offset 0x3bb4) = 0x0
[cpu9] [0xfffffe000b7b3d7c] MMIO: W.4   0x49002bbb8 (apcie[7], offset 0x3bb8) = 0x0
[cpu9] [0xfffffe000b7b3d7c] MMIO: W.4   0x49002bbbc (apcie[7], offset 0x3bbc) = 0x0
[cpu9] [0xfffffe000b7b3d7c] MMIO: W.4   0x49002bbc0 (apcie[7], offset 0x3bc0) = 0x0
[cpu9] [0xfffffe000b7b3d7c] MMIO: W.4   0x49002bbc4 (apcie[7], offset 0x3bc4) = 0x0
[cpu9] [0xfffffe000b7b3d7c] MMIO: W.4   0x49002bbc8 (apcie[7], offset 0x3bc8) = 0x0
[cpu9] [0xfffffe000b7b3d7c] MMIO: W.4   0x49002bbcc (apcie[7], offset 0x3bcc) = 0x0
[cpu9] [0xfffffe000b7b3d7c] MMIO: W.4   0x49002bbd0 (apcie[7], offset 0x3bd0) = 0x0
[cpu9] [0xfffffe000b7b3d7c] MMIO: W.4   0x49002bbd4 (apcie[7], offset 0x3bd4) = 0x0
[cpu9] [0xfffffe000b7b3d7c] MMIO: W.4   0x49002bbd8 (apcie[7], offset 0x3bd8) = 0x0
[cpu9] [0xfffffe000b7b3d7c] MMIO: W.4   0x49002bbdc (apcie[7], offset 0x3bdc) = 0x0
[cpu9] [0xfffffe000b7b3d7c] MMIO: W.4   0x49002bbe0 (apcie[7], offset 0x3be0) = 0x0
[cpu9] [0xfffffe000b7b3d7c] MMIO: W.4   0x49002bbe4 (apcie[7], offset 0x3be4) = 0x0
[cpu9] [0xfffffe000b7b3d7c] MMIO: W.4   0x49002bbe8 (apcie[7], offset 0x3be8) = 0x0
[cpu9] [0xfffffe000b7b3d7c] MMIO: W.4   0x49002bbec (apcie[7], offset 0x3bec) = 0x0
[cpu9] [0xfffffe000b7b3d7c] MMIO: W.4   0x49002bbf0 (apcie[7], offset 0x3bf0) = 0x0
[cpu9] [0xfffffe000b7b3d7c] MMIO: W.4   0x49002bbf4 (apcie[7], offset 0x3bf4) = 0x0
[cpu9] [0xfffffe000b7b3d7c] MMIO: W.4   0x49002bbf8 (apcie[7], offset 0x3bf8) = 0x0
[cpu9] [0xfffffe000b7b3d7c] MMIO: W.4   0x49002bbfc (apcie[7], offset 0x3bfc) = 0x0
[cpu9] [0xfffffe000b7b3d7c] MMIO: W.4   0x490028130 (apcie[7], offset 0x130) = 0x3020000
[cpu9] [0xfffffe000b7b3d7c] MMIO: W.4   0x490028140 (apcie[7], offset 0x140) = 0x10
[cpu9] [0xfffffe000b7b3d7c] MMIO: W.4   0x490028144 (apcie[7], offset 0x144) = 0x253770
[cpu9] [0xfffffe000b7b3d7c] MMIO: W.4   0x49002821c (apcie[7], offset 0x21c) = 0x0
[cpu9] [0xfffffe000b7b3d7c] MMIO: W.4   0x490028834 (apcie[7], offset 0x834) = 0x0
[cpu9] [0xfffffe000b7b3d7c] MMIO: W.4   0x49002883c (apcie[7], offset 0x83c) = 0x0
[cpu9] [0xfffffe000b7b3950] MMIO: R.4   0x490028140 (apcie[7], offset 0x140) = 0x10
[cpu9] [0xfffffe000b7b3d7c] MMIO: W.4   0x490028140 (apcie[7], offset 0x140) = 0x11
[cpu9] [0xfffffe000b7b3950] MMIO: R.4   0x490028800 (apcie[7], offset 0x800) = 0x100100
[cpu9] [0xfffffe000b7b3d7c] MMIO: W.4   0x490028800 (apcie[7], offset 0x800) = 0x100101
[cpu9] [0xfffffe000b7b3950] MMIO: R.4   0x49002882c (apcie[7], offset 0x82c) = 0x0
[cpu9] [0xfffffe000b7b3d7c] MMIO: W.4   0x49002882c (apcie[7], offset 0x82c) = 0x1
[cpu9] [0xfffffe000b7b3950] MMIO: R.4   0x490028804 (apcie[7], offset 0x804) = 0x5
[cpu9] [0xfffffe000b7b3d7c] MMIO: W.4   0x49003c010 (apcie[8], offset 0x10) = 0x2
[cpu9] [0xfffffe000b7b3d7c] MMIO: W.4   0x49003c01c (apcie[8], offset 0x1c) = 0x4
[cpu9] [0xfffffe000b7b3950] MMIO: R.4   0x49003c020 (apcie[8], offset 0x20) = 0x0
[cpu9] [0xfffffe000b7b3d7c] MMIO: W.4   0x49003c020 (apcie[8], offset 0x20) = 0x2
[cpu9] [0xfffffe000b7b3d7c] MMIO: W.4   0x49003c014 (apcie[8], offset 0x14) = 0x1
[cpu9] [0xfffffe000b7b3950] MMIO: R.4   0x490028800 (apcie[7], offset 0x800) = 0x100101
[cpu9] [0xfffffe000b7b3d7c] MMIO: W.4   0x490028800 (apcie[7], offset 0x800) = 0x100001
[cpu9] [0xfffffe000b7b3950] MMIO: R.4   0x490028208 (apcie[7], offset 0x208) = 0x8300020c
[cpu9] [0xfffffe000b7b3950] MMIO: R.4   0x497020000 (apcie[2], offset 0x20000) = 0x23000070
[cpu9] [0xfffffe000b7b3950] MMIO: R.4   0x490028208 (apcie[7], offset 0x208) = 0x8300020c
[cpu9] [0xfffffe000b7b3950] MMIO: R.4   0x497020000 (apcie[2], offset 0x20000) = 0x23000070
[cpu9] [0xfffffe000b7b3950] MMIO: R.4   0x490028208 (apcie[7], offset 0x208) = 0x8300020c
[cpu9] [0xfffffe000b7b3950] MMIO: R.4   0x497020000 (apcie[2], offset 0x20000) = 0x23000070
[cpu9] [0xfffffe000b7b3950] MMIO: R.4   0x490028208 (apcie[7], offset 0x208) = 0x8300020c
[cpu9] [0xfffffe000b7b3950] MMIO: R.4   0x497020000 (apcie[2], offset 0x20000) = 0x23000070
[cpu9] [0xfffffe000b7b3950] MMIO: R.4   0x490028208 (apcie[7], offset 0x208) = 0x8300020c
[cpu9] [0xfffffe000b7b3950] MMIO: R.4   0x497020000 (apcie[2], offset 0x20000) = 0x23000070
[cpu9] [0xfffffe000b7b3950] MMIO: R.4   0x490028208 (apcie[7], offset 0x208) = 0x8300020c
[cpu9] [0xfffffe000b7b3950] MMIO: R.4   0x497020000 (apcie[2], offset 0x20000) = 0x23000070
[cpu9] [0xfffffe000b7b3950] MMIO: R.4   0x490028208 (apcie[7], offset 0x208) = 0x8300020c
[cpu9] [0xfffffe000b7b3950] MMIO: R.4   0x497020000 (apcie[2], offset 0x20000) = 0x23000070
[cpu9] [0xfffffe000b7b3950] MMIO: R.4   0x490028208 (apcie[7], offset 0x208) = 0x8300020c
[cpu9] [0xfffffe000b7b3950] MMIO: R.4   0x497020000 (apcie[2], offset 0x20000) = 0x23000070
[cpu9] [0xfffffe000b7b3950] MMIO: R.4   0x490028208 (apcie[7], offset 0x208) = 0x8300020c
[cpu9] [0xfffffe000b7b3950] MMIO: R.4   0x497020000 (apcie[2], offset 0x20000) = 0x23000070
[cpu9] [0xfffffe000b7b3950] MMIO: R.4   0x490028208 (apcie[7], offset 0x208) = 0x8300020c
[cpu9] [0xfffffe000b7b3950] MMIO: R.4   0x497020000 (apcie[2], offset 0x20000) = 0x23000070
[cpu9] [0xfffffe000b7b3950] MMIO: R.4   0x490028208 (apcie[7], offset 0x208) = 0x8300020c
[cpu9] [0xfffffe000b7b3950] MMIO: R.4   0x497020000 (apcie[2], offset 0x20000) = 0x23000070
[cpu9] [0xfffffe000b7b3950] MMIO: R.4   0x490028208 (apcie[7], offset 0x208) = 0x8300020c
[cpu9] [0xfffffe000b7b3950] MMIO: R.4   0x497020000 (apcie[2], offset 0x20000) = 0x23000070
[cpu9] [0xfffffe000b7b3950] MMIO: R.4   0x490028208 (apcie[7], offset 0x208) = 0x8300020c
[cpu9] [0xfffffe000b7b3950] MMIO: R.4   0x497020000 (apcie[2], offset 0x20000) = 0x23000070
[cpu9] [0xfffffe000b7b3950] MMIO: R.4   0x490028208 (apcie[7], offset 0x208) = 0x8300020c
[cpu9] [0xfffffe000b7b3950] MMIO: R.4   0x497020000 (apcie[2], offset 0x20000) = 0x23000070
[cpu9] [0xfffffe000b7b3950] MMIO: R.4   0x490028208 (apcie[7], offset 0x208) = 0x8300020c
[cpu9] [0xfffffe000b7b3950] MMIO: R.4   0x497020000 (apcie[2], offset 0x20000) = 0x23000070
[cpu9] [0xfffffe000b7b3950] MMIO: R.4   0x490028208 (apcie[7], offset 0x208) = 0xab000208
[cpu9] [0xfffffe000b7b3950] MMIO: R.4   0x1cb0000004 (apcie[0], offset 0x04) = 0x100000
[cpu9] [0xfffffe000b7b3950] MMIO: R.4   0x1cb0000034 (apcie[0], offset 0x34) = 0x40
[cpu9] [0xfffffe000b7b3950] MMIO: R.4   0x1cb0000040 (apcie[0], offset 0x40) = 0xc9c35001
[cpu9] [0xfffffe000b7b3950] MMIO: R.4   0x1cb0000050 (apcie[0], offset 0x50) = 0x807005
[cpu2] [0xfffffe000b7b3950] MMIO: R.4   0x1cb0000070 (apcie[0], offset 0x70) = 0x420010
[cpu2] [0xfffffe000b7b3950] MMIO: R.4   0x1cb00008bc (apcie[0], offset 0x8bc) = 0xbff48
[cpu2] [0xfffffe000b7b3d7c] MMIO: W.4   0x1cb00008bc (apcie[0], offset 0x8bc) = 0xbff49
[cpu2] [0xfffffe000b7b3950] MMIO: R.4   0x1cb0000078 (apcie[0], offset 0x78) = 0x102810
[cpu2] [0xfffffe000b7b3d7c] MMIO: W.4   0x1cb0000078 (apcie[0], offset 0x78) = 0x100810
[cpu2] [0xfffffe000b7b3950] MMIO: R.4   0x1cb00008c4 (apcie[0], offset 0x8c4) = 0x1e244
[cpu2] [0xfffffe000b7b3d7c] MMIO: W.4   0x1cb00008c4 (apcie[0], offset 0x8c4) = 0x301e244
[cpu2] [0xfffffe000b7b3950] MMIO: R.4   0x1cb0000b80 (apcie[0], offset 0xb80) = 0x1d203220
[cpu2] [0xfffffe000b7b3d7c] MMIO: W.4   0x1cb0000b80 (apcie[0], offset 0xb80) = 0x1d1f3220
[cpu2] [0xfffffe000b7b3950] MMIO: R.4   0x1cb0000890 (apcie[0], offset 0x890) = 0x2000
[cpu2] [0xfffffe000b7b3d7c] MMIO: W.4   0x1cb0000890 (apcie[0], offset 0x890) = 0x2000
[cpu2] [0xfffffe000b7b3950] MMIO: R.4   0x1cb0000154 (apcie[0], offset 0x154) = 0x74747474
[cpu2] [0xfffffe000b7b3950] MMIO: R.4   0x1cb0000890 (apcie[0], offset 0x890) = 0x2000
[cpu2] [0xfffffe000b7b3950] MMIO: R.4   0x1cb00008a8 (apcie[0], offset 0x8a8) = 0xc001061
[cpu2] [0xfffffe000b7b3d7c] MMIO: W.4   0x1cb00008a8 (apcie[0], offset 0x8a8) = 0xc000061
[cpu2] [0xfffffe000b7b3950] MMIO: R.4   0x1cb0000890 (apcie[0], offset 0x890) = 0x2000
[cpu2] [0xfffffe000b7b3d7c] MMIO: W.4   0x1cb0000890 (apcie[0], offset 0x890) = 0x1002000
[cpu2] [0xfffffe000b7b3950] MMIO: R.4   0x1cb0000178 (apcie[0], offset 0x178) = 0x4444
[cpu2] [0xfffffe000b7b3950] MMIO: R.4   0x1cb0000890 (apcie[0], offset 0x890) = 0x1402000
[cpu2] [0xfffffe000b7b3950] MMIO: R.4   0x1cb00008a8 (apcie[0], offset 0x8a8) = 0x4001021
[cpu2] [0xfffffe000b7b3d7c] MMIO: W.4   0x1cb00008a8 (apcie[0], offset 0x8a8) = 0x4000021
[cpu2] [0xfffffe000b7b3950] MMIO: R.4   0x1cb000009c (apcie[0], offset 0x9c) = 0x180001e
[cpu2] [0xfffffe000b7b38c0] MMIO: R.2   0x1cb00000a0 (apcie[0], offset 0xa0) = 0x44
[cpu2] [0xfffffe000b7b3ce4] MMIO: W.2   0x1cb00000a0 (apcie[0], offset 0xa0) = 0x42
[cpu2] [0xfffffe000b7b3950] MMIO: R.4   0x1cb00000a0 (apcie[0], offset 0xa0) = 0x2010042
[cpu2] [0xfffffe000b7b3950] MMIO: R.4   0x1cb0000710 (apcie[0], offset 0x710) = 0x30120
[cpu2] [0xfffffe000b7b3d7c] MMIO: W.4   0x1cb0000710 (apcie[0], offset 0x710) = 0x10120
[cpu2] [0xfffffe000b7b3950] MMIO: R.4   0x1cb000080c (apcie[0], offset 0x80c) = 0x1302ff
[cpu2] [0xfffffe000b7b3d7c] MMIO: W.4   0x1cb000080c (apcie[0], offset 0x80c) = 0x1301ff
[cpu2] [0xfffffe000b7b3950] MMIO: R.4   0x1cb000007c (apcie[0], offset 0x7c) = 0x737824
[cpu2] [0xfffffe000b7b3d7c] MMIO: W.4   0x1cb000007c (apcie[0], offset 0x7c) = 0x737814
[cpu2] [0xfffffe000b7b3950] MMIO: R.4   0x1cb00008bc (apcie[0], offset 0x8bc) = 0xbff49
[cpu2] [0xfffffe000b7b3d7c] MMIO: W.4   0x1cb00008bc (apcie[0], offset 0x8bc) = 0xbff48
[cpu2] [0xfffffe000b7b3950] MMIO: R.4   0x1cb0000080 (apcie[0], offset 0x80) = 0x10110000
[cpu2] [0xfffffe000b7b3d7c] MMIO: W.4   0x1cb0000080 (apcie[0], offset 0x80) = 0x10110400
[cpu2] [0xfffffe000b7b3950] MMIO: R.4   0x1cb000080c (apcie[0], offset 0x80c) = 0x1301ff
[cpu2] [0xfffffe000b7b3d7c] MMIO: W.4   0x1cb000080c (apcie[0], offset 0x80c) = 0x1301ff
[cpu2] [0xfffffe000b7b3d7c] MMIO: W.4   0x49002c020 (apcie[7], offset 0x4020) = 0x3
[cpu2] [0xfffffe000b7b3d7c] MMIO: W.4   0x490024080 (apcie[11], offset 0x80) = 0x1
[cpu0] [0xfffffe0009b6fe20] MMIO: R.4   0x490000000 (apcie[12], offset 0x00) = 0x9e313020
[cpu0] [0xfffffe0009b6fe3c] MMIO: R.4   0x490000004 (apcie[12], offset 0x04) = 0x341100a3
[cpu0] [0xfffffe000b925afc] MMIO: R.4   0x490000008 (apcie[12], offset 0x08) = 0x2a2a0202
[cpu3] [0xfffffe000b925b04] MMIO: R.4   0x49000000c (apcie[12], offset 0x0c) = 0x10013
[cpu3] [0xfffffe0009b685fc] MMIO: R.4   0x49000000c (apcie[12], offset 0x0c) = 0x10013
[cpu3] [0xfffffe000b7b3950] MMIO: R.4   0x490048000 (apcie[13], offset 0x00) = 0x11000
[cpu3] [0xfffffe000b7b3d7c] MMIO: W.4   0x490048000 (apcie[13], offset 0x00) = 0xff01
[cpu3] [0xfffffe000b7b3950] MMIO: R.4   0x490048000 (apcie[13], offset 0x00) = 0xff01
[cpu3] [0xfffffe000b7b3d7c] MMIO: W.4   0x490048000 (apcie[13], offset 0x00) = 0x8000ff01
[cpu3] [0xfffffe000b7b3d7c] MMIO: W.4   0x490044000 (apcie[14], offset 0x00) = 0x10
[cpu3] [0xfffffe000b7b3d7c] MMIO: W.4   0x490028104 (apcie[7], offset 0x104) = 0xff5527ff
[cpu3] [0xfffffe000b7b3d7c] MMIO: W.4   0x490028100 (apcie[7], offset 0x100) = 0xaad800
[cpu3] [0xfffffe000b7b3d7c] MMIO: W.4   0x490028124 (apcie[7], offset 0x124) = 0x1
[cpu3] [0xfffffe000b7b3d7c] MMIO: W.4   0x49002816c (apcie[7], offset 0x16c) = 0xfffff000
[cpu3] [0xfffffe000b7b3d7c] MMIO: W.4   0x490028170 (apcie[7], offset 0x170) = 0x0
[cpu3] [0xfffffe000b7b3d7c] MMIO: W.4   0x49002b800 (apcie[7], offset 0x3800) = 0x80000000
[cpu3] [0xfffffe000b7b3d7c] MMIO: W.4   0x49002b804 (apcie[7], offset 0x3804) = 0x80000001
[cpu3] [0xfffffe000b7b3d7c] MMIO: W.4   0x49002b808 (apcie[7], offset 0x3808) = 0x80000002
[cpu3] [0xfffffe000b7b3d7c] MMIO: W.4   0x49002b80c (apcie[7], offset 0x380c) = 0x80000003
[cpu3] [0xfffffe000b7b3d7c] MMIO: W.4   0x49002b810 (apcie[7], offset 0x3810) = 0x80000004
[cpu3] [0xfffffe000b7b3d7c] MMIO: W.4   0x49002b814 (apcie[7], offset 0x3814) = 0x80000005
[cpu3] [0xfffffe000b7b3d7c] MMIO: W.4   0x49002b818 (apcie[7], offset 0x3818) = 0x80000006
[cpu3] [0xfffffe000b7b3d7c] MMIO: W.4   0x49002b81c (apcie[7], offset 0x381c) = 0x80000007
[cpu3] [0xfffffe000b7b3d7c] MMIO: W.4   0x49002b820 (apcie[7], offset 0x3820) = 0x80000008
[cpu3] [0xfffffe000b7b3d7c] MMIO: W.4   0x49002b824 (apcie[7], offset 0x3824) = 0x80000009
[cpu3] [0xfffffe000b7b3d7c] MMIO: W.4   0x49002b828 (apcie[7], offset 0x3828) = 0x8000000a
[cpu3] [0xfffffe000b7b3d7c] MMIO: W.4   0x49002b82c (apcie[7], offset 0x382c) = 0x8000000b
[cpu3] [0xfffffe000b7b3d7c] MMIO: W.4   0x49002b830 (apcie[7], offset 0x3830) = 0x8000000c
[cpu8] [0xfffffe000b7b3d7c] MMIO: W.4   0x49002b834 (apcie[7], offset 0x3834) = 0x8000000d
[cpu8] [0xfffffe000b7b3d7c] MMIO: W.4   0x49002b838 (apcie[7], offset 0x3838) = 0x8000000e
[cpu8] [0xfffffe000b7b3d7c] MMIO: W.4   0x49002b83c (apcie[7], offset 0x383c) = 0x8000000f
[cpu8] [0xfffffe000b7b3d7c] MMIO: W.4   0x49002b840 (apcie[7], offset 0x3840) = 0x80000010
[cpu8] [0xfffffe000b7b3d7c] MMIO: W.4   0x49002b844 (apcie[7], offset 0x3844) = 0x80000011
[cpu8] [0xfffffe000b7b3d7c] MMIO: W.4   0x49002b848 (apcie[7], offset 0x3848) = 0x80000012
[cpu8] [0xfffffe000b7b3d7c] MMIO: W.4   0x49002b84c (apcie[7], offset 0x384c) = 0x80000013
[cpu8] [0xfffffe000b7b3d7c] MMIO: W.4   0x49002b850 (apcie[7], offset 0x3850) = 0x80000014
[cpu8] [0xfffffe000b7b3d7c] MMIO: W.4   0x49002b854 (apcie[7], offset 0x3854) = 0x80000015
[cpu8] [0xfffffe000b7b3d7c] MMIO: W.4   0x49002b858 (apcie[7], offset 0x3858) = 0x80000016
[cpu8] [0xfffffe000b7b3d7c] MMIO: W.4   0x49002b85c (apcie[7], offset 0x385c) = 0x80000017
[cpu8] [0xfffffe000b7b3d7c] MMIO: W.4   0x49002b860 (apcie[7], offset 0x3860) = 0x80000018
[cpu8] [0xfffffe000b7b3d7c] MMIO: W.4   0x49002b864 (apcie[7], offset 0x3864) = 0x80000019
[cpu8] [0xfffffe000b7b3d7c] MMIO: W.4   0x49002b868 (apcie[7], offset 0x3868) = 0x8000001a
[cpu8] [0xfffffe000b7b3d7c] MMIO: W.4   0x49002b86c (apcie[7], offset 0x386c) = 0x8000001b
[cpu8] [0xfffffe000b7b3d7c] MMIO: W.4   0x49002b870 (apcie[7], offset 0x3870) = 0x8000001c
[cpu8] [0xfffffe000b7b3d7c] MMIO: W.4   0x49002b874 (apcie[7], offset 0x3874) = 0x8000001d
[cpu8] [0xfffffe000b7b3d7c] MMIO: W.4   0x49002b878 (apcie[7], offset 0x3878) = 0x8000001e
[cpu8] [0xfffffe000b7b3d7c] MMIO: W.4   0x49002b87c (apcie[7], offset 0x387c) = 0x8000001f
[cpu8] [0xfffffe000b7b3d7c] MMIO: W.4   0x492028088 (apcie[23], offset 0x88) = 0x110
[cpu8] [0xfffffe000b7b3d7c] MMIO: W.4   0x492028100 (apcie[23], offset 0x100) = 0xffffffff
[cpu8] [0xfffffe000b7b3d7c] MMIO: W.4   0x492028148 (apcie[23], offset 0x148) = 0xffffffff
[cpu8] [0xfffffe000b7b3d7c] MMIO: W.4   0x492028210 (apcie[23], offset 0x210) = 0xffffffff
[cpu8] [0xfffffe000b7b3d7c] MMIO: W.4   0x492028080 (apcie[23], offset 0x80) = 0x0
[cpu8] [0xfffffe000b7b3d7c] MMIO: W.4   0x492028084 (apcie[23], offset 0x84) = 0x0
[cpu8] [0xfffffe000b7b3d7c] MMIO: W.4   0x492028104 (apcie[23], offset 0x104) = 0xfffffff0
[cpu8] [0xfffffe000b7b3d7c] MMIO: W.4   0x492028124 (apcie[23], offset 0x124) = 0x100
[cpu8] [0xfffffe000b7b3d7c] MMIO: W.4   0x49202816c (apcie[23], offset 0x16c) = 0x0
[cpu8] [0xfffffe000b7b3d7c] MMIO: W.4   0x49202813c (apcie[23], offset 0x13c) = 0x0
[cpu8] [0xfffffe000b7b3d7c] MMIO: W.4   0x492028800 (apcie[23], offset 0x800) = 0x100100
[cpu8] [0xfffffe000b7b3d7c] MMIO: W.4   0x492028808 (apcie[23], offset 0x808) = 0x1000ff
[cpu8] [0xfffffe000b7b3d7c] MMIO: W.4   0x49202882c (apcie[23], offset 0x82c) = 0x0
[cpu8] [0xfffffe000b7b3d7c] MMIO: W.4   0x49202b000 (apcie[23], offset 0x3000) = 0x0
[cpu8] [0xfffffe000b7b3d7c] MMIO: W.4   0x49202b004 (apcie[23], offset 0x3004) = 0x0
[cpu8] [0xfffffe000b7b3d7c] MMIO: W.4   0x49202b008 (apcie[23], offset 0x3008) = 0x0
[cpu8] [0xfffffe000b7b3d7c] MMIO: W.4   0x49202b00c (apcie[23], offset 0x300c) = 0x0
[cpu8] [0xfffffe000b7b3d7c] MMIO: W.4   0x49202b010 (apcie[23], offset 0x3010) = 0x0
[cpu8] [0xfffffe000b7b3d7c] MMIO: W.4   0x49202b014 (apcie[23], offset 0x3014) = 0x0
[cpu8] [0xfffffe000b7b3d7c] MMIO: W.4   0x49202b018 (apcie[23], offset 0x3018) = 0x0
[cpu8] [0xfffffe000b7b3d7c] MMIO: W.4   0x49202b01c (apcie[23], offset 0x301c) = 0x0
[cpu8] [0xfffffe000b7b3d7c] MMIO: W.4   0x49202b020 (apcie[23], offset 0x3020) = 0x0
[cpu8] [0xfffffe000b7b3d7c] MMIO: W.4   0x49202b024 (apcie[23], offset 0x3024) = 0x0
[cpu8] [0xfffffe000b7b3d7c] MMIO: W.4   0x49202b028 (apcie[23], offset 0x3028) = 0x0
[cpu8] [0xfffffe000b7b3d7c] MMIO: W.4   0x49202b02c (apcie[23], offset 0x302c) = 0x0
[cpu8] [0xfffffe000b7b3d7c] MMIO: W.4   0x49202b030 (apcie[23], offset 0x3030) = 0x0
[cpu8] [0xfffffe000b7b3d7c] MMIO: W.4   0x49202b034 (apcie[23], offset 0x3034) = 0x0
[cpu8] [0xfffffe000b7b3d7c] MMIO: W.4   0x49202b038 (apcie[23], offset 0x3038) = 0x0
[cpu8] [0xfffffe000b7b3d7c] MMIO: W.4   0x49202b03c (apcie[23], offset 0x303c) = 0x0
[cpu8] [0xfffffe000b7b3d7c] MMIO: W.4   0x49202b800 (apcie[23], offset 0x3800) = 0x0
[cpu8] [0xfffffe000b7b3d7c] MMIO: W.4   0x49202b804 (apcie[23], offset 0x3804) = 0x0
[cpu8] [0xfffffe000b7b3d7c] MMIO: W.4   0x49202b808 (apcie[23], offset 0x3808) = 0x0
[cpu8] [0xfffffe000b7b3d7c] MMIO: W.4   0x49202b80c (apcie[23], offset 0x380c) = 0x0
[cpu8] [0xfffffe000b7b3d7c] MMIO: W.4   0x49202b810 (apcie[23], offset 0x3810) = 0x0
[cpu8] [0xfffffe000b7b3d7c] MMIO: W.4   0x49202b814 (apcie[23], offset 0x3814) = 0x0
[cpu8] [0xfffffe000b7b3d7c] MMIO: W.4   0x49202b818 (apcie[23], offset 0x3818) = 0x0
[cpu8] [0xfffffe000b7b3d7c] MMIO: W.4   0x49202b81c (apcie[23], offset 0x381c) = 0x0
[cpu8] [0xfffffe000b7b3d7c] MMIO: W.4   0x49202b820 (apcie[23], offset 0x3820) = 0x0
[cpu8] [0xfffffe000b7b3d7c] MMIO: W.4   0x49202b824 (apcie[23], offset 0x3824) = 0x0
[cpu8] [0xfffffe000b7b3d7c] MMIO: W.4   0x49202b828 (apcie[23], offset 0x3828) = 0x0
[cpu8] [0xfffffe000b7b3d7c] MMIO: W.4   0x49202b82c (apcie[23], offset 0x382c) = 0x0
[cpu8] [0xfffffe000b7b3d7c] MMIO: W.4   0x49202b830 (apcie[23], offset 0x3830) = 0x0
[cpu8] [0xfffffe000b7b3d7c] MMIO: W.4   0x49202b834 (apcie[23], offset 0x3834) = 0x0
[cpu8] [0xfffffe000b7b3d7c] MMIO: W.4   0x49202b838 (apcie[23], offset 0x3838) = 0x0
[cpu8] [0xfffffe000b7b3d7c] MMIO: W.4   0x49202b83c (apcie[23], offset 0x383c) = 0x0
[cpu8] [0xfffffe000b7b3d7c] MMIO: W.4   0x49202b840 (apcie[23], offset 0x3840) = 0x0
[cpu8] [0xfffffe000b7b3d7c] MMIO: W.4   0x49202b844 (apcie[23], offset 0x3844) = 0x0
[cpu8] [0xfffffe000b7b3d7c] MMIO: W.4   0x49202b848 (apcie[23], offset 0x3848) = 0x0
[cpu8] [0xfffffe000b7b3d7c] MMIO: W.4   0x49202b84c (apcie[23], offset 0x384c) = 0x0
[cpu8] [0xfffffe000b7b3d7c] MMIO: W.4   0x49202b850 (apcie[23], offset 0x3850) = 0x0
[cpu8] [0xfffffe000b7b3d7c] MMIO: W.4   0x49202b854 (apcie[23], offset 0x3854) = 0x0
[cpu8] [0xfffffe000b7b3d7c] MMIO: W.4   0x49202b858 (apcie[23], offset 0x3858) = 0x0
[cpu8] [0xfffffe000b7b3d7c] MMIO: W.4   0x49202b85c (apcie[23], offset 0x385c) = 0x0
[cpu8] [0xfffffe000b7b3d7c] MMIO: W.4   0x49202b860 (apcie[23], offset 0x3860) = 0x0
[cpu8] [0xfffffe000b7b3d7c] MMIO: W.4   0x49202b864 (apcie[23], offset 0x3864) = 0x0
[cpu8] [0xfffffe000b7b3d7c] MMIO: W.4   0x49202b868 (apcie[23], offset 0x3868) = 0x0
[cpu8] [0xfffffe000b7b3d7c] MMIO: W.4   0x49202b86c (apcie[23], offset 0x386c) = 0x0
[cpu8] [0xfffffe000b7b3d7c] MMIO: W.4   0x49202b870 (apcie[23], offset 0x3870) = 0x0
[cpu8] [0xfffffe000b7b3d7c] MMIO: W.4   0x49202b874 (apcie[23], offset 0x3874) = 0x0
[cpu8] [0xfffffe000b7b3d7c] MMIO: W.4   0x49202b878 (apcie[23], offset 0x3878) = 0x0
[cpu8] [0xfffffe000b7b3d7c] MMIO: W.4   0x49202b87c (apcie[23], offset 0x387c) = 0x0
[cpu8] [0xfffffe000b7b3d7c] MMIO: W.4   0x49202b880 (apcie[23], offset 0x3880) = 0x0
[cpu8] [0xfffffe000b7b3d7c] MMIO: W.4   0x49202b884 (apcie[23], offset 0x3884) = 0x0
[cpu8] [0xfffffe000b7b3d7c] MMIO: W.4   0x49202b888 (apcie[23], offset 0x3888) = 0x0
[cpu8] [0xfffffe000b7b3d7c] MMIO: W.4   0x49202b88c (apcie[23], offset 0x388c) = 0x0
[cpu8] [0xfffffe000b7b3d7c] MMIO: W.4   0x49202b890 (apcie[23], offset 0x3890) = 0x0
[cpu8] [0xfffffe000b7b3d7c] MMIO: W.4   0x49202b894 (apcie[23], offset 0x3894) = 0x0
[cpu8] [0xfffffe000b7b3d7c] MMIO: W.4   0x49202b898 (apcie[23], offset 0x3898) = 0x0
[cpu8] [0xfffffe000b7b3d7c] MMIO: W.4   0x49202b89c (apcie[23], offset 0x389c) = 0x0
[cpu8] [0xfffffe000b7b3d7c] MMIO: W.4   0x49202b8a0 (apcie[23], offset 0x38a0) = 0x0
[cpu8] [0xfffffe000b7b3d7c] MMIO: W.4   0x49202b8a4 (apcie[23], offset 0x38a4) = 0x0
[cpu8] [0xfffffe000b7b3d7c] MMIO: W.4   0x49202b8a8 (apcie[23], offset 0x38a8) = 0x0
[cpu8] [0xfffffe000b7b3d7c] MMIO: W.4   0x49202b8ac (apcie[23], offset 0x38ac) = 0x0
[cpu8] [0xfffffe000b7b3d7c] MMIO: W.4   0x49202b8b0 (apcie[23], offset 0x38b0) = 0x0
[cpu8] [0xfffffe000b7b3d7c] MMIO: W.4   0x49202b8b4 (apcie[23], offset 0x38b4) = 0x0
[cpu8] [0xfffffe000b7b3d7c] MMIO: W.4   0x49202b8b8 (apcie[23], offset 0x38b8) = 0x0
[cpu8] [0xfffffe000b7b3d7c] MMIO: W.4   0x49202b8bc (apcie[23], offset 0x38bc) = 0x0
[cpu8] [0xfffffe000b7b3d7c] MMIO: W.4   0x49202b8c0 (apcie[23], offset 0x38c0) = 0x0
[cpu8] [0xfffffe000b7b3d7c] MMIO: W.4   0x49202b8c4 (apcie[23], offset 0x38c4) = 0x0
[cpu8] [0xfffffe000b7b3d7c] MMIO: W.4   0x49202b8c8 (apcie[23], offset 0x38c8) = 0x0
[cpu8] [0xfffffe000b7b3d7c] MMIO: W.4   0x49202b8cc (apcie[23], offset 0x38cc) = 0x0
[cpu8] [0xfffffe000b7b3d7c] MMIO: W.4   0x49202b8d0 (apcie[23], offset 0x38d0) = 0x0
[cpu8] [0xfffffe000b7b3d7c] MMIO: W.4   0x49202b8d4 (apcie[23], offset 0x38d4) = 0x0
[cpu8] [0xfffffe000b7b3d7c] MMIO: W.4   0x49202b8d8 (apcie[23], offset 0x38d8) = 0x0
[cpu8] [0xfffffe000b7b3d7c] MMIO: W.4   0x49202b8dc (apcie[23], offset 0x38dc) = 0x0
[cpu8] [0xfffffe000b7b3d7c] MMIO: W.4   0x49202b8e0 (apcie[23], offset 0x38e0) = 0x0
[cpu8] [0xfffffe000b7b3d7c] MMIO: W.4   0x49202b8e4 (apcie[23], offset 0x38e4) = 0x0
[cpu8] [0xfffffe000b7b3d7c] MMIO: W.4   0x49202b8e8 (apcie[23], offset 0x38e8) = 0x0
[cpu8] [0xfffffe000b7b3d7c] MMIO: W.4   0x49202b8ec (apcie[23], offset 0x38ec) = 0x0
[cpu8] [0xfffffe000b7b3d7c] MMIO: W.4   0x49202b8f0 (apcie[23], offset 0x38f0) = 0x0
[cpu8] [0xfffffe000b7b3d7c] MMIO: W.4   0x49202b8f4 (apcie[23], offset 0x38f4) = 0x0
[cpu8] [0xfffffe000b7b3d7c] MMIO: W.4   0x49202b8f8 (apcie[23], offset 0x38f8) = 0x0
[cpu8] [0xfffffe000b7b3d7c] MMIO: W.4   0x49202b8fc (apcie[23], offset 0x38fc) = 0x0
[cpu8] [0xfffffe000b7b3d7c] MMIO: W.4   0x49202b900 (apcie[23], offset 0x3900) = 0x0
[cpu8] [0xfffffe000b7b3d7c] MMIO: W.4   0x49202b904 (apcie[23], offset 0x3904) = 0x0
[cpu8] [0xfffffe000b7b3d7c] MMIO: W.4   0x49202b908 (apcie[23], offset 0x3908) = 0x0
[cpu8] [0xfffffe000b7b3d7c] MMIO: W.4   0x49202b90c (apcie[23], offset 0x390c) = 0x0
[cpu8] [0xfffffe000b7b3d7c] MMIO: W.4   0x49202b910 (apcie[23], offset 0x3910) = 0x0
[cpu8] [0xfffffe000b7b3d7c] MMIO: W.4   0x49202b914 (apcie[23], offset 0x3914) = 0x0
[cpu8] [0xfffffe000b7b3d7c] MMIO: W.4   0x49202b918 (apcie[23], offset 0x3918) = 0x0
[cpu8] [0xfffffe000b7b3d7c] MMIO: W.4   0x49202b91c (apcie[23], offset 0x391c) = 0x0
[cpu8] [0xfffffe000b7b3d7c] MMIO: W.4   0x49202b920 (apcie[23], offset 0x3920) = 0x0
[cpu8] [0xfffffe000b7b3d7c] MMIO: W.4   0x49202b924 (apcie[23], offset 0x3924) = 0x0
[cpu8] [0xfffffe000b7b3d7c] MMIO: W.4   0x49202b928 (apcie[23], offset 0x3928) = 0x0
[cpu8] [0xfffffe000b7b3d7c] MMIO: W.4   0x49202b92c (apcie[23], offset 0x392c) = 0x0
[cpu8] [0xfffffe000b7b3d7c] MMIO: W.4   0x49202b930 (apcie[23], offset 0x3930) = 0x0
[cpu8] [0xfffffe000b7b3d7c] MMIO: W.4   0x49202b934 (apcie[23], offset 0x3934) = 0x0
[cpu8] [0xfffffe000b7b3d7c] MMIO: W.4   0x49202b938 (apcie[23], offset 0x3938) = 0x0
[cpu8] [0xfffffe000b7b3d7c] MMIO: W.4   0x49202b93c (apcie[23], offset 0x393c) = 0x0
[cpu8] [0xfffffe000b7b3d7c] MMIO: W.4   0x49202b940 (apcie[23], offset 0x3940) = 0x0
[cpu8] [0xfffffe000b7b3d7c] MMIO: W.4   0x49202b944 (apcie[23], offset 0x3944) = 0x0
[cpu8] [0xfffffe000b7b3d7c] MMIO: W.4   0x49202b948 (apcie[23], offset 0x3948) = 0x0
[cpu8] [0xfffffe000b7b3d7c] MMIO: W.4   0x49202b94c (apcie[23], offset 0x394c) = 0x0
[cpu8] [0xfffffe000b7b3d7c] MMIO: W.4   0x49202b950 (apcie[23], offset 0x3950) = 0x0
[cpu8] [0xfffffe000b7b3d7c] MMIO: W.4   0x49202b954 (apcie[23], offset 0x3954) = 0x0
[cpu8] [0xfffffe000b7b3d7c] MMIO: W.4   0x49202b958 (apcie[23], offset 0x3958) = 0x0
[cpu8] [0xfffffe000b7b3d7c] MMIO: W.4   0x49202b95c (apcie[23], offset 0x395c) = 0x0
[cpu8] [0xfffffe000b7b3d7c] MMIO: W.4   0x49202b960 (apcie[23], offset 0x3960) = 0x0
[cpu8] [0xfffffe000b7b3d7c] MMIO: W.4   0x49202b964 (apcie[23], offset 0x3964) = 0x0
[cpu8] [0xfffffe000b7b3d7c] MMIO: W.4   0x49202b968 (apcie[23], offset 0x3968) = 0x0
[cpu8] [0xfffffe000b7b3d7c] MMIO: W.4   0x49202b96c (apcie[23], offset 0x396c) = 0x0
[cpu8] [0xfffffe000b7b3d7c] MMIO: W.4   0x49202b970 (apcie[23], offset 0x3970) = 0x0
[cpu8] [0xfffffe000b7b3d7c] MMIO: W.4   0x49202b974 (apcie[23], offset 0x3974) = 0x0
[cpu8] [0xfffffe000b7b3d7c] MMIO: W.4   0x49202b978 (apcie[23], offset 0x3978) = 0x0
[cpu8] [0xfffffe000b7b3d7c] MMIO: W.4   0x49202b97c (apcie[23], offset 0x397c) = 0x0
[cpu8] [0xfffffe000b7b3d7c] MMIO: W.4   0x49202b980 (apcie[23], offset 0x3980) = 0x0
[cpu8] [0xfffffe000b7b3d7c] MMIO: W.4   0x49202b984 (apcie[23], offset 0x3984) = 0x0
[cpu8] [0xfffffe000b7b3d7c] MMIO: W.4   0x49202b988 (apcie[23], offset 0x3988) = 0x0
[cpu8] [0xfffffe000b7b3d7c] MMIO: W.4   0x49202b98c (apcie[23], offset 0x398c) = 0x0
[cpu8] [0xfffffe000b7b3d7c] MMIO: W.4   0x49202b990 (apcie[23], offset 0x3990) = 0x0
[cpu8] [0xfffffe000b7b3d7c] MMIO: W.4   0x49202b994 (apcie[23], offset 0x3994) = 0x0
[cpu8] [0xfffffe000b7b3d7c] MMIO: W.4   0x49202b998 (apcie[23], offset 0x3998) = 0x0
[cpu8] [0xfffffe000b7b3d7c] MMIO: W.4   0x49202b99c (apcie[23], offset 0x399c) = 0x0
[cpu8] [0xfffffe000b7b3d7c] MMIO: W.4   0x49202b9a0 (apcie[23], offset 0x39a0) = 0x0
[cpu8] [0xfffffe000b7b3d7c] MMIO: W.4   0x49202b9a4 (apcie[23], offset 0x39a4) = 0x0
[cpu8] [0xfffffe000b7b3d7c] MMIO: W.4   0x49202b9a8 (apcie[23], offset 0x39a8) = 0x0
[cpu8] [0xfffffe000b7b3d7c] MMIO: W.4   0x49202b9ac (apcie[23], offset 0x39ac) = 0x0
[cpu8] [0xfffffe000b7b3d7c] MMIO: W.4   0x49202b9b0 (apcie[23], offset 0x39b0) = 0x0
[cpu8] [0xfffffe000b7b3d7c] MMIO: W.4   0x49202b9b4 (apcie[23], offset 0x39b4) = 0x0
[cpu8] [0xfffffe000b7b3d7c] MMIO: W.4   0x49202b9b8 (apcie[23], offset 0x39b8) = 0x0
[cpu8] [0xfffffe000b7b3d7c] MMIO: W.4   0x49202b9bc (apcie[23], offset 0x39bc) = 0x0
[cpu8] [0xfffffe000b7b3d7c] MMIO: W.4   0x49202b9c0 (apcie[23], offset 0x39c0) = 0x0
[cpu8] [0xfffffe000b7b3d7c] MMIO: W.4   0x49202b9c4 (apcie[23], offset 0x39c4) = 0x0
[cpu8] [0xfffffe000b7b3d7c] MMIO: W.4   0x49202b9c8 (apcie[23], offset 0x39c8) = 0x0
[cpu8] [0xfffffe000b7b3d7c] MMIO: W.4   0x49202b9cc (apcie[23], offset 0x39cc) = 0x0
[cpu8] [0xfffffe000b7b3d7c] MMIO: W.4   0x49202b9d0 (apcie[23], offset 0x39d0) = 0x0
[cpu8] [0xfffffe000b7b3d7c] MMIO: W.4   0x49202b9d4 (apcie[23], offset 0x39d4) = 0x0
[cpu8] [0xfffffe000b7b3d7c] MMIO: W.4   0x49202b9d8 (apcie[23], offset 0x39d8) = 0x0
[cpu8] [0xfffffe000b7b3d7c] MMIO: W.4   0x49202b9dc (apcie[23], offset 0x39dc) = 0x0
[cpu8] [0xfffffe000b7b3d7c] MMIO: W.4   0x49202b9e0 (apcie[23], offset 0x39e0) = 0x0
[cpu8] [0xfffffe000b7b3d7c] MMIO: W.4   0x49202b9e4 (apcie[23], offset 0x39e4) = 0x0
[cpu8] [0xfffffe000b7b3d7c] MMIO: W.4   0x49202b9e8 (apcie[23], offset 0x39e8) = 0x0
[cpu8] [0xfffffe000b7b3d7c] MMIO: W.4   0x49202b9ec (apcie[23], offset 0x39ec) = 0x0
[cpu8] [0xfffffe000b7b3d7c] MMIO: W.4   0x49202b9f0 (apcie[23], offset 0x39f0) = 0x0
[cpu8] [0xfffffe000b7b3d7c] MMIO: W.4   0x49202b9f4 (apcie[23], offset 0x39f4) = 0x0
[cpu8] [0xfffffe000b7b3d7c] MMIO: W.4   0x49202b9f8 (apcie[23], offset 0x39f8) = 0x0
[cpu8] [0xfffffe000b7b3d7c] MMIO: W.4   0x49202b9fc (apcie[23], offset 0x39fc) = 0x0
[cpu8] [0xfffffe000b7b3d7c] MMIO: W.4   0x49202ba00 (apcie[23], offset 0x3a00) = 0x0
[cpu8] [0xfffffe000b7b3d7c] MMIO: W.4   0x49202ba04 (apcie[23], offset 0x3a04) = 0x0
[cpu8] [0xfffffe000b7b3d7c] MMIO: W.4   0x49202ba08 (apcie[23], offset 0x3a08) = 0x0
[cpu8] [0xfffffe000b7b3d7c] MMIO: W.4   0x49202ba0c (apcie[23], offset 0x3a0c) = 0x0
[cpu8] [0xfffffe000b7b3d7c] MMIO: W.4   0x49202ba10 (apcie[23], offset 0x3a10) = 0x0
[cpu8] [0xfffffe000b7b3d7c] MMIO: W.4   0x49202ba14 (apcie[23], offset 0x3a14) = 0x0
[cpu8] [0xfffffe000b7b3d7c] MMIO: W.4   0x49202ba18 (apcie[23], offset 0x3a18) = 0x0
[cpu8] [0xfffffe000b7b3d7c] MMIO: W.4   0x49202ba1c (apcie[23], offset 0x3a1c) = 0x0
[cpu8] [0xfffffe000b7b3d7c] MMIO: W.4   0x49202ba20 (apcie[23], offset 0x3a20) = 0x0
[cpu8] [0xfffffe000b7b3d7c] MMIO: W.4   0x49202ba24 (apcie[23], offset 0x3a24) = 0x0
[cpu8] [0xfffffe000b7b3d7c] MMIO: W.4   0x49202ba28 (apcie[23], offset 0x3a28) = 0x0
[cpu8] [0xfffffe000b7b3d7c] MMIO: W.4   0x49202ba2c (apcie[23], offset 0x3a2c) = 0x0
[cpu8] [0xfffffe000b7b3d7c] MMIO: W.4   0x49202ba30 (apcie[23], offset 0x3a30) = 0x0
[cpu8] [0xfffffe000b7b3d7c] MMIO: W.4   0x49202ba34 (apcie[23], offset 0x3a34) = 0x0
[cpu8] [0xfffffe000b7b3d7c] MMIO: W.4   0x49202ba38 (apcie[23], offset 0x3a38) = 0x0
[cpu8] [0xfffffe000b7b3d7c] MMIO: W.4   0x49202ba3c (apcie[23], offset 0x3a3c) = 0x0
[cpu8] [0xfffffe000b7b3d7c] MMIO: W.4   0x49202ba40 (apcie[23], offset 0x3a40) = 0x0
[cpu8] [0xfffffe000b7b3d7c] MMIO: W.4   0x49202ba44 (apcie[23], offset 0x3a44) = 0x0
[cpu8] [0xfffffe000b7b3d7c] MMIO: W.4   0x49202ba48 (apcie[23], offset 0x3a48) = 0x0
[cpu8] [0xfffffe000b7b3d7c] MMIO: W.4   0x49202ba4c (apcie[23], offset 0x3a4c) = 0x0
[cpu8] [0xfffffe000b7b3d7c] MMIO: W.4   0x49202ba50 (apcie[23], offset 0x3a50) = 0x0
[cpu8] [0xfffffe000b7b3d7c] MMIO: W.4   0x49202ba54 (apcie[23], offset 0x3a54) = 0x0
[cpu8] [0xfffffe000b7b3d7c] MMIO: W.4   0x49202ba58 (apcie[23], offset 0x3a58) = 0x0
[cpu8] [0xfffffe000b7b3d7c] MMIO: W.4   0x49202ba5c (apcie[23], offset 0x3a5c) = 0x0
[cpu8] [0xfffffe000b7b3d7c] MMIO: W.4   0x49202ba60 (apcie[23], offset 0x3a60) = 0x0
[cpu8] [0xfffffe000b7b3d7c] MMIO: W.4   0x49202ba64 (apcie[23], offset 0x3a64) = 0x0
[cpu8] [0xfffffe000b7b3d7c] MMIO: W.4   0x49202ba68 (apcie[23], offset 0x3a68) = 0x0
[cpu8] [0xfffffe000b7b3d7c] MMIO: W.4   0x49202ba6c (apcie[23], offset 0x3a6c) = 0x0
[cpu8] [0xfffffe000b7b3d7c] MMIO: W.4   0x49202ba70 (apcie[23], offset 0x3a70) = 0x0
[cpu8] [0xfffffe000b7b3d7c] MMIO: W.4   0x49202ba74 (apcie[23], offset 0x3a74) = 0x0
[cpu8] [0xfffffe000b7b3d7c] MMIO: W.4   0x49202ba78 (apcie[23], offset 0x3a78) = 0x0
[cpu8] [0xfffffe000b7b3d7c] MMIO: W.4   0x49202ba7c (apcie[23], offset 0x3a7c) = 0x0
[cpu8] [0xfffffe000b7b3d7c] MMIO: W.4   0x49202ba80 (apcie[23], offset 0x3a80) = 0x0
[cpu8] [0xfffffe000b7b3d7c] MMIO: W.4   0x49202ba84 (apcie[23], offset 0x3a84) = 0x0
[cpu8] [0xfffffe000b7b3d7c] MMIO: W.4   0x49202ba88 (apcie[23], offset 0x3a88) = 0x0
[cpu8] [0xfffffe000b7b3d7c] MMIO: W.4   0x49202ba8c (apcie[23], offset 0x3a8c) = 0x0
[cpu8] [0xfffffe000b7b3d7c] MMIO: W.4   0x49202ba90 (apcie[23], offset 0x3a90) = 0x0
[cpu8] [0xfffffe000b7b3d7c] MMIO: W.4   0x49202ba94 (apcie[23], offset 0x3a94) = 0x0
[cpu8] [0xfffffe000b7b3d7c] MMIO: W.4   0x49202ba98 (apcie[23], offset 0x3a98) = 0x0
[cpu8] [0xfffffe000b7b3d7c] MMIO: W.4   0x49202ba9c (apcie[23], offset 0x3a9c) = 0x0
[cpu8] [0xfffffe000b7b3d7c] MMIO: W.4   0x49202baa0 (apcie[23], offset 0x3aa0) = 0x0
[cpu8] [0xfffffe000b7b3d7c] MMIO: W.4   0x49202baa4 (apcie[23], offset 0x3aa4) = 0x0
[cpu8] [0xfffffe000b7b3d7c] MMIO: W.4   0x49202baa8 (apcie[23], offset 0x3aa8) = 0x0
[cpu8] [0xfffffe000b7b3d7c] MMIO: W.4   0x49202baac (apcie[23], offset 0x3aac) = 0x0
[cpu8] [0xfffffe000b7b3d7c] MMIO: W.4   0x49202bab0 (apcie[23], offset 0x3ab0) = 0x0
[cpu8] [0xfffffe000b7b3d7c] MMIO: W.4   0x49202bab4 (apcie[23], offset 0x3ab4) = 0x0
[cpu8] [0xfffffe000b7b3d7c] MMIO: W.4   0x49202bab8 (apcie[23], offset 0x3ab8) = 0x0
[cpu8] [0xfffffe000b7b3d7c] MMIO: W.4   0x49202babc (apcie[23], offset 0x3abc) = 0x0
[cpu8] [0xfffffe000b7b3d7c] MMIO: W.4   0x49202bac0 (apcie[23], offset 0x3ac0) = 0x0
[cpu8] [0xfffffe000b7b3d7c] MMIO: W.4   0x49202bac4 (apcie[23], offset 0x3ac4) = 0x0
[cpu8] [0xfffffe000b7b3d7c] MMIO: W.4   0x49202bac8 (apcie[23], offset 0x3ac8) = 0x0
[cpu8] [0xfffffe000b7b3d7c] MMIO: W.4   0x49202bacc (apcie[23], offset 0x3acc) = 0x0
[cpu8] [0xfffffe000b7b3d7c] MMIO: W.4   0x49202bad0 (apcie[23], offset 0x3ad0) = 0x0
[cpu8] [0xfffffe000b7b3d7c] MMIO: W.4   0x49202bad4 (apcie[23], offset 0x3ad4) = 0x0
[cpu8] [0xfffffe000b7b3d7c] MMIO: W.4   0x49202bad8 (apcie[23], offset 0x3ad8) = 0x0
[cpu8] [0xfffffe000b7b3d7c] MMIO: W.4   0x49202badc (apcie[23], offset 0x3adc) = 0x0
[cpu8] [0xfffffe000b7b3d7c] MMIO: W.4   0x49202bae0 (apcie[23], offset 0x3ae0) = 0x0
[cpu8] [0xfffffe000b7b3d7c] MMIO: W.4   0x49202bae4 (apcie[23], offset 0x3ae4) = 0x0
[cpu8] [0xfffffe000b7b3d7c] MMIO: W.4   0x49202bae8 (apcie[23], offset 0x3ae8) = 0x0
[cpu8] [0xfffffe000b7b3d7c] MMIO: W.4   0x49202baec (apcie[23], offset 0x3aec) = 0x0
[cpu8] [0xfffffe000b7b3d7c] MMIO: W.4   0x49202baf0 (apcie[23], offset 0x3af0) = 0x0
[cpu8] [0xfffffe000b7b3d7c] MMIO: W.4   0x49202baf4 (apcie[23], offset 0x3af4) = 0x0
[cpu8] [0xfffffe000b7b3d7c] MMIO: W.4   0x49202baf8 (apcie[23], offset 0x3af8) = 0x0
[cpu8] [0xfffffe000b7b3d7c] MMIO: W.4   0x49202bafc (apcie[23], offset 0x3afc) = 0x0
[cpu8] [0xfffffe000b7b3d7c] MMIO: W.4   0x49202bb00 (apcie[23], offset 0x3b00) = 0x0
[cpu8] [0xfffffe000b7b3d7c] MMIO: W.4   0x49202bb04 (apcie[23], offset 0x3b04) = 0x0
[cpu8] [0xfffffe000b7b3d7c] MMIO: W.4   0x49202bb08 (apcie[23], offset 0x3b08) = 0x0
[cpu8] [0xfffffe000b7b3d7c] MMIO: W.4   0x49202bb0c (apcie[23], offset 0x3b0c) = 0x0
[cpu8] [0xfffffe000b7b3d7c] MMIO: W.4   0x49202bb10 (apcie[23], offset 0x3b10) = 0x0
[cpu8] [0xfffffe000b7b3d7c] MMIO: W.4   0x49202bb14 (apcie[23], offset 0x3b14) = 0x0
[cpu8] [0xfffffe000b7b3d7c] MMIO: W.4   0x49202bb18 (apcie[23], offset 0x3b18) = 0x0
[cpu8] [0xfffffe000b7b3d7c] MMIO: W.4   0x49202bb1c (apcie[23], offset 0x3b1c) = 0x0
[cpu8] [0xfffffe000b7b3d7c] MMIO: W.4   0x49202bb20 (apcie[23], offset 0x3b20) = 0x0
[cpu8] [0xfffffe000b7b3d7c] MMIO: W.4   0x49202bb24 (apcie[23], offset 0x3b24) = 0x0
[cpu8] [0xfffffe000b7b3d7c] MMIO: W.4   0x49202bb28 (apcie[23], offset 0x3b28) = 0x0
[cpu8] [0xfffffe000b7b3d7c] MMIO: W.4   0x49202bb2c (apcie[23], offset 0x3b2c) = 0x0
[cpu8] [0xfffffe000b7b3d7c] MMIO: W.4   0x49202bb30 (apcie[23], offset 0x3b30) = 0x0
[cpu8] [0xfffffe000b7b3d7c] MMIO: W.4   0x49202bb34 (apcie[23], offset 0x3b34) = 0x0
[cpu8] [0xfffffe000b7b3d7c] MMIO: W.4   0x49202bb38 (apcie[23], offset 0x3b38) = 0x0
[cpu8] [0xfffffe000b7b3d7c] MMIO: W.4   0x49202bb3c (apcie[23], offset 0x3b3c) = 0x0
[cpu8] [0xfffffe000b7b3d7c] MMIO: W.4   0x49202bb40 (apcie[23], offset 0x3b40) = 0x0
[cpu8] [0xfffffe000b7b3d7c] MMIO: W.4   0x49202bb44 (apcie[23], offset 0x3b44) = 0x0
[cpu8] [0xfffffe000b7b3d7c] MMIO: W.4   0x49202bb48 (apcie[23], offset 0x3b48) = 0x0
[cpu8] [0xfffffe000b7b3d7c] MMIO: W.4   0x49202bb4c (apcie[23], offset 0x3b4c) = 0x0
[cpu8] [0xfffffe000b7b3d7c] MMIO: W.4   0x49202bb50 (apcie[23], offset 0x3b50) = 0x0
[cpu8] [0xfffffe000b7b3d7c] MMIO: W.4   0x49202bb54 (apcie[23], offset 0x3b54) = 0x0
[cpu8] [0xfffffe000b7b3d7c] MMIO: W.4   0x49202bb58 (apcie[23], offset 0x3b58) = 0x0
[cpu8] [0xfffffe000b7b3d7c] MMIO: W.4   0x49202bb5c (apcie[23], offset 0x3b5c) = 0x0
[cpu8] [0xfffffe000b7b3d7c] MMIO: W.4   0x49202bb60 (apcie[23], offset 0x3b60) = 0x0
[cpu8] [0xfffffe000b7b3d7c] MMIO: W.4   0x49202bb64 (apcie[23], offset 0x3b64) = 0x0
[cpu8] [0xfffffe000b7b3d7c] MMIO: W.4   0x49202bb68 (apcie[23], offset 0x3b68) = 0x0
[cpu8] [0xfffffe000b7b3d7c] MMIO: W.4   0x49202bb6c (apcie[23], offset 0x3b6c) = 0x0
[cpu8] [0xfffffe000b7b3d7c] MMIO: W.4   0x49202bb70 (apcie[23], offset 0x3b70) = 0x0
[cpu8] [0xfffffe000b7b3d7c] MMIO: W.4   0x49202bb74 (apcie[23], offset 0x3b74) = 0x0
[cpu8] [0xfffffe000b7b3d7c] MMIO: W.4   0x49202bb78 (apcie[23], offset 0x3b78) = 0x0
[cpu8] [0xfffffe000b7b3d7c] MMIO: W.4   0x49202bb7c (apcie[23], offset 0x3b7c) = 0x0
[cpu8] [0xfffffe000b7b3d7c] MMIO: W.4   0x49202bb80 (apcie[23], offset 0x3b80) = 0x0
[cpu8] [0xfffffe000b7b3d7c] MMIO: W.4   0x49202bb84 (apcie[23], offset 0x3b84) = 0x0
[cpu8] [0xfffffe000b7b3d7c] MMIO: W.4   0x49202bb88 (apcie[23], offset 0x3b88) = 0x0
[cpu8] [0xfffffe000b7b3d7c] MMIO: W.4   0x49202bb8c (apcie[23], offset 0x3b8c) = 0x0
[cpu8] [0xfffffe000b7b3d7c] MMIO: W.4   0x49202bb90 (apcie[23], offset 0x3b90) = 0x0
[cpu8] [0xfffffe000b7b3d7c] MMIO: W.4   0x49202bb94 (apcie[23], offset 0x3b94) = 0x0
[cpu8] [0xfffffe000b7b3d7c] MMIO: W.4   0x49202bb98 (apcie[23], offset 0x3b98) = 0x0
[cpu8] [0xfffffe000b7b3d7c] MMIO: W.4   0x49202bb9c (apcie[23], offset 0x3b9c) = 0x0
[cpu8] [0xfffffe000b7b3d7c] MMIO: W.4   0x49202bba0 (apcie[23], offset 0x3ba0) = 0x0
[cpu8] [0xfffffe000b7b3d7c] MMIO: W.4   0x49202bba4 (apcie[23], offset 0x3ba4) = 0x0
[cpu8] [0xfffffe000b7b3d7c] MMIO: W.4   0x49202bba8 (apcie[23], offset 0x3ba8) = 0x0
[cpu8] [0xfffffe000b7b3d7c] MMIO: W.4   0x49202bbac (apcie[23], offset 0x3bac) = 0x0
[cpu8] [0xfffffe000b7b3d7c] MMIO: W.4   0x49202bbb0 (apcie[23], offset 0x3bb0) = 0x0
[cpu8] [0xfffffe000b7b3d7c] MMIO: W.4   0x49202bbb4 (apcie[23], offset 0x3bb4) = 0x0
[cpu8] [0xfffffe000b7b3d7c] MMIO: W.4   0x49202bbb8 (apcie[23], offset 0x3bb8) = 0x0
[cpu8] [0xfffffe000b7b3d7c] MMIO: W.4   0x49202bbbc (apcie[23], offset 0x3bbc) = 0x0
[cpu8] [0xfffffe000b7b3d7c] MMIO: W.4   0x49202bbc0 (apcie[23], offset 0x3bc0) = 0x0
[cpu8] [0xfffffe000b7b3d7c] MMIO: W.4   0x49202bbc4 (apcie[23], offset 0x3bc4) = 0x0
[cpu8] [0xfffffe000b7b3d7c] MMIO: W.4   0x49202bbc8 (apcie[23], offset 0x3bc8) = 0x0
[cpu8] [0xfffffe000b7b3d7c] MMIO: W.4   0x49202bbcc (apcie[23], offset 0x3bcc) = 0x0
[cpu8] [0xfffffe000b7b3d7c] MMIO: W.4   0x49202bbd0 (apcie[23], offset 0x3bd0) = 0x0
[cpu8] [0xfffffe000b7b3d7c] MMIO: W.4   0x49202bbd4 (apcie[23], offset 0x3bd4) = 0x0
[cpu8] [0xfffffe000b7b3d7c] MMIO: W.4   0x49202bbd8 (apcie[23], offset 0x3bd8) = 0x0
[cpu8] [0xfffffe000b7b3d7c] MMIO: W.4   0x49202bbdc (apcie[23], offset 0x3bdc) = 0x0
[cpu8] [0xfffffe000b7b3d7c] MMIO: W.4   0x49202bbe0 (apcie[23], offset 0x3be0) = 0x0
[cpu8] [0xfffffe000b7b3d7c] MMIO: W.4   0x49202bbe4 (apcie[23], offset 0x3be4) = 0x0
[cpu8] [0xfffffe000b7b3d7c] MMIO: W.4   0x49202bbe8 (apcie[23], offset 0x3be8) = 0x0
[cpu8] [0xfffffe000b7b3d7c] MMIO: W.4   0x49202bbec (apcie[23], offset 0x3bec) = 0x0
[cpu8] [0xfffffe000b7b3d7c] MMIO: W.4   0x49202bbf0 (apcie[23], offset 0x3bf0) = 0x0
[cpu8] [0xfffffe000b7b3d7c] MMIO: W.4   0x49202bbf4 (apcie[23], offset 0x3bf4) = 0x0
[cpu8] [0xfffffe000b7b3d7c] MMIO: W.4   0x49202bbf8 (apcie[23], offset 0x3bf8) = 0x0
[cpu8] [0xfffffe000b7b3d7c] MMIO: W.4   0x49202bbfc (apcie[23], offset 0x3bfc) = 0x0
[cpu8] [0xfffffe000b7b3d7c] MMIO: W.4   0x492028130 (apcie[23], offset 0x130) = 0x3020000
[cpu8] [0xfffffe000b7b3d7c] MMIO: W.4   0x492028140 (apcie[23], offset 0x140) = 0x10
[cpu8] [0xfffffe000b7b3d7c] MMIO: W.4   0x492028144 (apcie[23], offset 0x144) = 0x253770
[cpu8] [0xfffffe000b7b3d7c] MMIO: W.4   0x49202821c (apcie[23], offset 0x21c) = 0x0
[cpu8] [0xfffffe000b7b3d7c] MMIO: W.4   0x492028834 (apcie[23], offset 0x834) = 0x0
[cpu8] [0xfffffe000b7b3d7c] MMIO: W.4   0x49202883c (apcie[23], offset 0x83c) = 0x0
[cpu8] [0xfffffe000b7b3950] MMIO: R.4   0x492028140 (apcie[23], offset 0x140) = 0x10
[cpu8] [0xfffffe000b7b3d7c] MMIO: W.4   0x492028140 (apcie[23], offset 0x140) = 0x11
[cpu8] [0xfffffe000b7b3950] MMIO: R.4   0x492028800 (apcie[23], offset 0x800) = 0x100100
[cpu8] [0xfffffe000b7b3d7c] MMIO: W.4   0x492028800 (apcie[23], offset 0x800) = 0x100101
[cpu8] [0xfffffe000b7b3950] MMIO: R.4   0x49202882c (apcie[23], offset 0x82c) = 0x0
[cpu8] [0xfffffe000b7b3d7c] MMIO: W.4   0x49202882c (apcie[23], offset 0x82c) = 0x1
[cpu8] [0xfffffe000b7b3950] MMIO: R.4   0x492028804 (apcie[23], offset 0x804) = 0x5
[cpu8] [0xfffffe000b7b3d7c] MMIO: W.4   0x49203c010 (apcie[24], offset 0x10) = 0x2
[cpu8] [0xfffffe000b7b3d7c] MMIO: W.4   0x49203c01c (apcie[24], offset 0x1c) = 0x4
[cpu8] [0xfffffe000b7b3950] MMIO: R.4   0x49203c020 (apcie[24], offset 0x20) = 0x0
[cpu8] [0xfffffe000b7b3d7c] MMIO: W.4   0x49203c020 (apcie[24], offset 0x20) = 0x2
[cpu8] [0xfffffe000b7b3d7c] MMIO: W.4   0x49203c014 (apcie[24], offset 0x14) = 0x1
[cpu8] [0xfffffe000b7b3950] MMIO: R.4   0x492028800 (apcie[23], offset 0x800) = 0x100101
[cpu8] [0xfffffe000b7b3d7c] MMIO: W.4   0x492028800 (apcie[23], offset 0x800) = 0x100001
[cpu8] [0xfffffe000b7b3950] MMIO: R.4   0x492028208 (apcie[23], offset 0x208) = 0x83000204
[cpu8] [0xfffffe000b7b3950] MMIO: R.4   0x497028000 (apcie[2], offset 0x28000) = 0x23000070
[cpu8] [0xfffffe000b7b3950] MMIO: R.4   0x492028208 (apcie[23], offset 0x208) = 0x83000204
[cpu8] [0xfffffe000b7b3950] MMIO: R.4   0x497028000 (apcie[2], offset 0x28000) = 0x23000070
[cpu8] [0xfffffe000b7b3950] MMIO: R.4   0x492028208 (apcie[23], offset 0x208) = 0x83000204
[cpu8] [0xfffffe000b7b3950] MMIO: R.4   0x497028000 (apcie[2], offset 0x28000) = 0x23000070
[cpu8] [0xfffffe000b7b3950] MMIO: R.4   0x492028208 (apcie[23], offset 0x208) = 0x83000204
[cpu8] [0xfffffe000b7b3950] MMIO: R.4   0x497028000 (apcie[2], offset 0x28000) = 0x23000070
[cpu8] [0xfffffe000b7b3950] MMIO: R.4   0x492028208 (apcie[23], offset 0x208) = 0x83000204
[cpu8] [0xfffffe000b7b3950] MMIO: R.4   0x497028000 (apcie[2], offset 0x28000) = 0x23000070
[cpu8] [0xfffffe000b7b3950] MMIO: R.4   0x492028208 (apcie[23], offset 0x208) = 0x83000204
[cpu8] [0xfffffe000b7b3950] MMIO: R.4   0x497028000 (apcie[2], offset 0x28000) = 0x23000070
[cpu8] [0xfffffe000b7b3950] MMIO: R.4   0x492028208 (apcie[23], offset 0x208) = 0x83000204
[cpu8] [0xfffffe000b7b3950] MMIO: R.4   0x497028000 (apcie[2], offset 0x28000) = 0x23000070
[cpu8] [0xfffffe000b7b3950] MMIO: R.4   0x492028208 (apcie[23], offset 0x208) = 0x83000204
[cpu8] [0xfffffe000b7b3950] MMIO: R.4   0x497028000 (apcie[2], offset 0x28000) = 0x23000070
[cpu8] [0xfffffe000b7b3950] MMIO: R.4   0x492028208 (apcie[23], offset 0x208) = 0xab000200
[cpu8] [0xfffffe000b7b3950] MMIO: R.4   0x1cb0010004 (apcie[0], offset 0x10004) = 0x100000
[cpu8] [0xfffffe000b7b3950] MMIO: R.4   0x1cb0010034 (apcie[0], offset 0x10034) = 0x40
[cpu8] [0xfffffe000b7b3950] MMIO: R.4   0x1cb0010040 (apcie[0], offset 0x10040) = 0xc9c35001
[cpu8] [0xfffffe000b7b3950] MMIO: R.4   0x1cb0010050 (apcie[0], offset 0x10050) = 0x807005
[cpu8] [0xfffffe000b7b3950] MMIO: R.4   0x1cb0010070 (apcie[0], offset 0x10070) = 0x420010
[cpu8] [0xfffffe000b7b3950] MMIO: R.4   0x1cb00108bc (apcie[0], offset 0x108bc) = 0xbff48
[cpu8] [0xfffffe000b7b3d7c] MMIO: W.4   0x1cb00108bc (apcie[0], offset 0x108bc) = 0xbff49
[cpu8] [0xfffffe000b7b3950] MMIO: R.4   0x1cb0010078 (apcie[0], offset 0x10078) = 0x102810
[cpu8] [0xfffffe000b7b3d7c] MMIO: W.4   0x1cb0010078 (apcie[0], offset 0x10078) = 0x100810
[cpu8] [0xfffffe000b7b3950] MMIO: R.4   0x1cb00108c4 (apcie[0], offset 0x108c4) = 0x1e244
[cpu8] [0xfffffe000b7b3d7c] MMIO: W.4   0x1cb00108c4 (apcie[0], offset 0x108c4) = 0x301e244
[cpu8] [0xfffffe000b7b3950] MMIO: R.4   0x1cb0010b80 (apcie[0], offset 0x10b80) = 0x1d203220
[cpu8] [0xfffffe000b7b3d7c] MMIO: W.4   0x1cb0010b80 (apcie[0], offset 0x10b80) = 0x1d1f3220
[cpu8] [0xfffffe000b7b3950] MMIO: R.4   0x1cb0010890 (apcie[0], offset 0x10890) = 0x2000
[cpu8] [0xfffffe000b7b3d7c] MMIO: W.4   0x1cb0010890 (apcie[0], offset 0x10890) = 0x2000
[cpu8] [0xfffffe000b7b3950] MMIO: R.4   0x1cb0010154 (apcie[0], offset 0x10154) = 0x74747474
[cpu8] [0xfffffe000b7b3950] MMIO: R.4   0x1cb0010890 (apcie[0], offset 0x10890) = 0x2000
[cpu8] [0xfffffe000b7b3950] MMIO: R.4   0x1cb00108a8 (apcie[0], offset 0x108a8) = 0xc001061
[cpu8] [0xfffffe000b7b3d7c] MMIO: W.4   0x1cb00108a8 (apcie[0], offset 0x108a8) = 0xc000061
[cpu8] [0xfffffe000b7b3950] MMIO: R.4   0x1cb0010890 (apcie[0], offset 0x10890) = 0x2000
[cpu8] [0xfffffe000b7b3d7c] MMIO: W.4   0x1cb0010890 (apcie[0], offset 0x10890) = 0x1002000
[cpu8] [0xfffffe000b7b3950] MMIO: R.4   0x1cb0010178 (apcie[0], offset 0x10178) = 0x4444
[cpu8] [0xfffffe000b7b3950] MMIO: R.4   0x1cb0010890 (apcie[0], offset 0x10890) = 0x1402000
[cpu8] [0xfffffe000b7b3950] MMIO: R.4   0x1cb00108a8 (apcie[0], offset 0x108a8) = 0x4001021
[cpu8] [0xfffffe000b7b3d7c] MMIO: W.4   0x1cb00108a8 (apcie[0], offset 0x108a8) = 0x4000021
[cpu8] [0xfffffe000b7b3950] MMIO: R.4   0x1cb001009c (apcie[0], offset 0x1009c) = 0x180001e
[cpu8] [0xfffffe000b7b38c0] MMIO: R.2   0x1cb00100a0 (apcie[0], offset 0x100a0) = 0x44
[cpu8] [0xfffffe000b7b3ce4] MMIO: W.2   0x1cb00100a0 (apcie[0], offset 0x100a0) = 0x41
[cpu8] [0xfffffe000b7b3950] MMIO: R.4   0x1cb00100a0 (apcie[0], offset 0x100a0) = 0x2010041
[cpu8] [0xfffffe000b7b3950] MMIO: R.4   0x1cb0010710 (apcie[0], offset 0x10710) = 0x30120
[cpu8] [0xfffffe000b7b3d7c] MMIO: W.4   0x1cb0010710 (apcie[0], offset 0x10710) = 0x10120
[cpu8] [0xfffffe000b7b3950] MMIO: R.4   0x1cb001080c (apcie[0], offset 0x1080c) = 0x1302ff
[cpu8] [0xfffffe000b7b3d7c] MMIO: W.4   0x1cb001080c (apcie[0], offset 0x1080c) = 0x1301ff
[cpu8] [0xfffffe000b7b3950] MMIO: R.4   0x1cb001007c (apcie[0], offset 0x1007c) = 0x737824
[cpu8] [0xfffffe000b7b3d7c] MMIO: W.4   0x1cb001007c (apcie[0], offset 0x1007c) = 0x737814
[cpu8] [0xfffffe000b7b3950] MMIO: R.4   0x1cb00108bc (apcie[0], offset 0x108bc) = 0xbff49
[cpu8] [0xfffffe000b7b3d7c] MMIO: W.4   0x1cb00108bc (apcie[0], offset 0x108bc) = 0xbff48
[cpu8] [0xfffffe000b7b3950] MMIO: R.4   0x1cb0010080 (apcie[0], offset 0x10080) = 0x10110000
[cpu8] [0xfffffe000b7b3d7c] MMIO: W.4   0x1cb0010080 (apcie[0], offset 0x10080) = 0x10110400
[cpu8] [0xfffffe000b7b3d7c] MMIO: W.4   0x49202c020 (apcie[23], offset 0x4020) = 0x3
[cpu8] [0xfffffe000b7b3d7c] MMIO: W.4   0x492024080 (apcie[27], offset 0x80) = 0x1
[cpu8] [0xfffffe0009b6fe20] MMIO: R.4   0x492000000 (dart-apcie2[0], offset 0x00) = 0x9e313020
[cpu8] [0xfffffe0009b6fe3c] MMIO: R.4   0x492000004 (dart-apcie2[0], offset 0x04) = 0x341100a3
[cpu8] [0xfffffe000b925afc] MMIO: R.4   0x492000008 (dart-apcie2[0], offset 0x08) = 0x2a2a0202
[cpu8] [0xfffffe000b925b04] MMIO: R.4   0x49200000c (dart-apcie2[0], offset 0x0c) = 0x10013
[cpu8] [0xfffffe0009b685fc] MMIO: R.4   0x49200000c (dart-apcie2[0], offset 0x0c) = 0x10013
[cpu8] [0xfffffe000b7b3950] MMIO: R.4   0x492048000 (apcie[29], offset 0x00) = 0x11000
[cpu8] [0xfffffe000b7b3d7c] MMIO: W.4   0x492048000 (apcie[29], offset 0x00) = 0xff01
[cpu8] [0xfffffe000b7b3950] MMIO: R.4   0x492048000 (apcie[29], offset 0x00) = 0xff01
[cpu8] [0xfffffe000b7b3d7c] MMIO: W.4   0x492048000 (apcie[29], offset 0x00) = 0x8000ff01
[cpu8] [0xfffffe000b7b3d7c] MMIO: W.4   0x492044000 (apcie[30], offset 0x00) = 0x10
[cpu8] [0xfffffe000b7b3d7c] MMIO: W.4   0x492028104 (apcie[23], offset 0x104) = 0xff5527ff
[cpu8] [0xfffffe000b7b3d7c] MMIO: W.4   0x492028100 (apcie[23], offset 0x100) = 0xaad800
[cpu8] [0xfffffe000b7b3d7c] MMIO: W.4   0x492028124 (apcie[23], offset 0x124) = 0x1
[cpu8] [0xfffffe000b7b3d7c] MMIO: W.4   0x49202816c (apcie[23], offset 0x16c) = 0xfffff000
[cpu8] [0xfffffe000b7b3d7c] MMIO: W.4   0x492028170 (apcie[23], offset 0x170) = 0x0
[cpu8] [0xfffffe000b7b3d7c] MMIO: W.4   0x49202b900 (apcie[23], offset 0x3900) = 0x80000040
[cpu8] [0xfffffe000b7b3d7c] MMIO: W.4   0x49202b904 (apcie[23], offset 0x3904) = 0x80000041
[cpu8] [0xfffffe000b7b3d7c] MMIO: W.4   0x49202b908 (apcie[23], offset 0x3908) = 0x80000042
[cpu8] [0xfffffe000b7b3d7c] MMIO: W.4   0x49202b90c (apcie[23], offset 0x390c) = 0x80000043
[cpu8] [0xfffffe000b7b3d7c] MMIO: W.4   0x49202b910 (apcie[23], offset 0x3910) = 0x80000044
[cpu8] [0xfffffe000b7b3d7c] MMIO: W.4   0x49202b914 (apcie[23], offset 0x3914) = 0x80000045
[cpu8] [0xfffffe000b7b3d7c] MMIO: W.4   0x49202b918 (apcie[23], offset 0x3918) = 0x80000046
[cpu8] [0xfffffe000b7b3d7c] MMIO: W.4   0x49202b91c (apcie[23], offset 0x391c) = 0x80000047
[cpu8] [0xfffffe000b7b3d7c] MMIO: W.4   0x49202b920 (apcie[23], offset 0x3920) = 0x80000048
[cpu8] [0xfffffe000b7b3d7c] MMIO: W.4   0x49202b924 (apcie[23], offset 0x3924) = 0x80000049
[cpu8] [0xfffffe000b7b3d7c] MMIO: W.4   0x49202b928 (apcie[23], offset 0x3928) = 0x8000004a
[cpu8] [0xfffffe000b7b3d7c] MMIO: W.4   0x49202b92c (apcie[23], offset 0x392c) = 0x8000004b
[cpu8] [0xfffffe000b7b3d7c] MMIO: W.4   0x49202b930 (apcie[23], offset 0x3930) = 0x8000004c
[cpu8] [0xfffffe000b7b3d7c] MMIO: W.4   0x49202b934 (apcie[23], offset 0x3934) = 0x8000004d
[cpu8] [0xfffffe000b7b3d7c] MMIO: W.4   0x49202b938 (apcie[23], offset 0x3938) = 0x8000004e
[cpu8] [0xfffffe000b7b3d7c] MMIO: W.4   0x49202b93c (apcie[23], offset 0x393c) = 0x8000004f
[cpu8] [0xfffffe000b7b3d7c] MMIO: W.4   0x49202b940 (apcie[23], offset 0x3940) = 0x80000050
[cpu8] [0xfffffe000b7b3d7c] MMIO: W.4   0x49202b944 (apcie[23], offset 0x3944) = 0x80000051
[cpu8] [0xfffffe000b7b3d7c] MMIO: W.4   0x49202b948 (apcie[23], offset 0x3948) = 0x80000052
[cpu8] [0xfffffe000b7b3d7c] MMIO: W.4   0x49202b94c (apcie[23], offset 0x394c) = 0x80000053
[cpu8] [0xfffffe000b7b3d7c] MMIO: W.4   0x49202b950 (apcie[23], offset 0x3950) = 0x80000054
[cpu8] [0xfffffe000b7b3d7c] MMIO: W.4   0x49202b954 (apcie[23], offset 0x3954) = 0x80000055
[cpu8] [0xfffffe000b7b3d7c] MMIO: W.4   0x49202b958 (apcie[23], offset 0x3958) = 0x80000056
[cpu8] [0xfffffe000b7b3d7c] MMIO: W.4   0x49202b95c (apcie[23], offset 0x395c) = 0x80000057
[cpu8] [0xfffffe000b7b3d7c] MMIO: W.4   0x49202b960 (apcie[23], offset 0x3960) = 0x80000058
[cpu8] [0xfffffe000b7b3d7c] MMIO: W.4   0x49202b964 (apcie[23], offset 0x3964) = 0x80000059
[cpu8] [0xfffffe000b7b3d7c] MMIO: W.4   0x49202b968 (apcie[23], offset 0x3968) = 0x8000005a
[cpu8] [0xfffffe000b7b3d7c] MMIO: W.4   0x49202b96c (apcie[23], offset 0x396c) = 0x8000005b
[cpu8] [0xfffffe000b7b3d7c] MMIO: W.4   0x49202b970 (apcie[23], offset 0x3970) = 0x8000005c
[cpu8] [0xfffffe000b7b3d7c] MMIO: W.4   0x49202b974 (apcie[23], offset 0x3974) = 0x8000005d
[cpu8] [0xfffffe000b7b3d7c] MMIO: W.4   0x49202b978 (apcie[23], offset 0x3978) = 0x8000005e
[cpu8] [0xfffffe000b7b3d7c] MMIO: W.4   0x49202b97c (apcie[23], offset 0x397c) = 0x8000005f
[cpu8] [0xfffffe000b7b3950] MMIO: R.4   0x497028000 (apcie[2], offset 0x28000) = 0x23000070
[cpu8] [0xfffffe000b7b3d7c] MMIO: W.4   0x497028000 (apcie[2], offset 0x28000) = 0x23000071
[cpu8] [0xfffffe000b7b3950] MMIO: R.4   0x497028000 (apcie[2], offset 0x28000) = 0x23000075
[cpu8] [0xfffffe000b7b3950] MMIO: R.4   0x497028000 (apcie[2], offset 0x28000) = 0x23000075
[cpu8] [0xfffffe000b7b3d7c] MMIO: W.4   0x497028000 (apcie[2], offset 0x28000) = 0x23000077
[cpu8] [0xfffffe000b7b3950] MMIO: R.4   0x497028000 (apcie[2], offset 0x28000) = 0x2300007f
[cpu8] [0xfffffe000b7b3950] MMIO: R.4   0x497028000 (apcie[2], offset 0x28000) = 0x2300007f
[cpu8] [0xfffffe000b7b3d7c] MMIO: W.4   0x497028000 (apcie[2], offset 0x28000) = 0x2300006f
[cpu8] [0xfffffe000b7b3950] MMIO: R.4   0x497028000 (apcie[2], offset 0x28000) = 0x2300006f
[cpu8] [0xfffffe000b7b3d7c] MMIO: W.4   0x497028000 (apcie[2], offset 0x28000) = 0x2300026f
[cpu8] [0xfffffe000b7b3950] MMIO: R.4   0x497028000 (apcie[2], offset 0x28000) = 0x2300026f
[cpu8] [0xfffffe000b7b3d7c] MMIO: W.4   0x497028000 (apcie[2], offset 0x28000) = 0x2300066f
[cpu8] [0xfffffe000b7b3950] MMIO: R.4   0x492028080 (apcie[23], offset 0x80) = 0x0
[cpu8] [0xfffffe000b7b3d7c] MMIO: W.4   0x492028080 (apcie[23], offset 0x80) = 0x1
[cpu8] [0xfffffe000b7b3950] MMIO: R.4   0x492028100 (apcie[23], offset 0x100) = 0x0
[cpu6] [0xfffffe000b7b3950] MMIO: R.4   0x492028100 (apcie[23], offset 0x100) = 0x1000
[cpu8] [0xfffffe000b7b3950] MMIO: R.4   0x492028100 (apcie[23], offset 0x100) = 0x1000
[cpu8] [0xfffffe000b7b38c0] MMIO: R.2   0x1cb0010082 (apcie[0], offset 0x10082) = 0x3011
[cpu8] [0xfffffe000b7b38c0] MMIO: R.2   0x1cb0010082 (apcie[0], offset 0x10082) = 0x3011
[cpu8] [0xfffffe000b7b3950] MMIO: R.4   0x497028000 (apcie[2], offset 0x28000) = 0x2300066f
[cpu8] [0xfffffe000b7b3d7c] MMIO: W.4   0x497028000 (apcie[2], offset 0x28000) = 0xa300066f
[cpu4] [0xfffffe000b7b38c0] MMIO: R.2   0x1cb0010098 (apcie[0], offset 0x10098) = 0x0
[cpu4] [0xfffffe000b7b3ce4] MMIO: W.2   0x1cb0010098 (apcie[0], offset 0x10098) = 0x400
[cpu4] [0xfffffe000b7b3d7c] MMIO: W.4   0x492028100 (apcie[23], offset 0x100) = 0x1000
[cpu3] [0xfffffe000b7b3950] MMIO: R.4   0x492028100 (apcie[23], offset 0x100) = 0x0
[cpu3] [0xfffffe000b7b3950] MMIO: R.4   0x492028208 (apcie[23], offset 0x208) = 0x9b000001
[cpu3] [0xfffffe000b7b3950] MMIO: R.4   0x492028208 (apcie[23], offset 0x208) = 0x9b000001
[cpu3] [0xfffffe000b7b3950] MMIO: R.4   0x1cb0000000 (apcie[0], offset 0x00) = 0x100c106b
[cpu7] [0xfffffe000b7b3950] MMIO: R.4   0x1cb0000000 (apcie[0], offset 0x00) = 0x100c106b
[cpu7] [0xfffffe000b7b38c8] MMIO: R.1   0x1cb000000e (apcie[0], offset 0x0e) = 0x1
[cpu7] [0xfffffe000b7b3950] MMIO: R.4   0x1cb0000008 (apcie[0], offset 0x08) = 0x6040001
[cpu7] [0xfffffe000b7b38c0] MMIO: R.2   0x1cb0000004 (apcie[0], offset 0x04) = 0x0
[cpu7] [0xfffffe000b7b3950] MMIO: R.4   0x1cb0000004 (apcie[0], offset 0x04) = 0x100000
[cpu7] [0xfffffe000b7b3950] MMIO: R.4   0x1cb0000034 (apcie[0], offset 0x34) = 0x40
[cpu7] [0xfffffe000b7b3950] MMIO: R.4   0x1cb0000040 (apcie[0], offset 0x40) = 0xc9c35001
[cpu7] [0xfffffe000b7b3950] MMIO: R.4   0x1cb0000050 (apcie[0], offset 0x50) = 0x807005
[cpu7] [0xfffffe000b7b3950] MMIO: R.4   0x1cb0000070 (apcie[0], offset 0x70) = 0x420010
[cpu7] [0xfffffe000b7b3950] MMIO: R.4   0x1cb000007c (apcie[0], offset 0x7c) = 0x737814
[cpu7] [0xfffffe000b7b38c0] MMIO: R.2   0x1cb0000072 (apcie[0], offset 0x72) = 0x42
[cpu7] [0xfffffe000b7b38c0] MMIO: R.2   0x1cb0000080 (apcie[0], offset 0x80) = 0x400
[cpu7] [0xfffffe000b7b3950] MMIO: R.4   0x1cb0000074 (apcie[0], offset 0x74) = 0x8001
[cpu7] [0xfffffe000b7b3950] MMIO: R.4   0x1cb0000094 (apcie[0], offset 0x94) = 0x10c1f
[cpu7] [0xfffffe000b7b3950] MMIO: R.4   0x1cb0000004 (apcie[0], offset 0x04) = 0x100000
[cpu7] [0xfffffe000b7b3950] MMIO: R.4   0x1cb0000004 (apcie[0], offset 0x04) = 0x100000
[cpu7] [0xfffffe000b7b3950] MMIO: R.4   0x1cb0000034 (apcie[0], offset 0x34) = 0x40
[cpu7] [0xfffffe000b7b3950] MMIO: R.4   0x1cb0000040 (apcie[0], offset 0x40) = 0xc9c35001
[cpu7] [0xfffffe000b7b3950] MMIO: R.4   0x1cb0000050 (apcie[0], offset 0x50) = 0x807005
[cpu7] [0xfffffe000b7b3950] MMIO: R.4   0x1cb0000070 (apcie[0], offset 0x70) = 0x420010
[cpu7] [0xfffffe000b7b3950] MMIO: R.4   0x1cb0000100 (apcie[0], offset 0x100) = 0x14820001
[cpu7] [0xfffffe000b7b3950] MMIO: R.4   0x1cb000000c (apcie[0], offset 0x0c) = 0x10000
[cpu7] [0xfffffe000b7b3950] MMIO: R.4   0x1cb0008000 (apcie[0], offset 0x8000) = 0xffffffff
[cpu7] [0xfffffe000b7b3950] MMIO: R.4   0x1cb0010000 (apcie[0], offset 0x10000) = 0x100c106b
[cpu7] [0xfffffe000b7b38c8] MMIO: R.1   0x1cb001000e (apcie[0], offset 0x1000e) = 0x1
[cpu7] [0xfffffe000b7b3950] MMIO: R.4   0x1cb0010008 (apcie[0], offset 0x10008) = 0x6040001
[cpu7] [0xfffffe000b7b38c0] MMIO: R.2   0x1cb0010004 (apcie[0], offset 0x10004) = 0x0
[cpu7] [0xfffffe000b7b3950] MMIO: R.4   0x1cb0010004 (apcie[0], offset 0x10004) = 0x100000
[cpu7] [0xfffffe000b7b3950] MMIO: R.4   0x1cb0010034 (apcie[0], offset 0x10034) = 0x40
[cpu7] [0xfffffe000b7b3950] MMIO: R.4   0x1cb0010040 (apcie[0], offset 0x10040) = 0xc9c35001
[cpu7] [0xfffffe000b7b3950] MMIO: R.4   0x1cb0010050 (apcie[0], offset 0x10050) = 0x807005
[cpu7] [0xfffffe000b7b3950] MMIO: R.4   0x1cb0010070 (apcie[0], offset 0x10070) = 0x420010
[cpu7] [0xfffffe000b7b3950] MMIO: R.4   0x1cb001007c (apcie[0], offset 0x1007c) = 0x737814
[cpu7] [0xfffffe000b7b38c0] MMIO: R.2   0x1cb0010072 (apcie[0], offset 0x10072) = 0x42
[cpu7] [0xfffffe000b7b38c0] MMIO: R.2   0x1cb0010080 (apcie[0], offset 0x10080) = 0x400
[cpu7] [0xfffffe000b7b3950] MMIO: R.4   0x1cb0010074 (apcie[0], offset 0x10074) = 0x8001
[cpu7] [0xfffffe000b7b3950] MMIO: R.4   0x1cb0010094 (apcie[0], offset 0x10094) = 0x10c1f
[cpu7] [0xfffffe000b7b3950] MMIO: R.4   0x1cb0010004 (apcie[0], offset 0x10004) = 0x100000
[cpu7] [0xfffffe000b7b3950] MMIO: R.4   0x1cb0010004 (apcie[0], offset 0x10004) = 0x100000
[cpu7] [0xfffffe000b7b3950] MMIO: R.4   0x1cb0010034 (apcie[0], offset 0x10034) = 0x40
[cpu7] [0xfffffe000b7b3950] MMIO: R.4   0x1cb0010040 (apcie[0], offset 0x10040) = 0xc9c35001
[cpu7] [0xfffffe000b7b3950] MMIO: R.4   0x1cb0010050 (apcie[0], offset 0x10050) = 0x807005
[cpu7] [0xfffffe000b7b3950] MMIO: R.4   0x1cb0010070 (apcie[0], offset 0x10070) = 0x420010
[cpu7] [0xfffffe000b7b3950] MMIO: R.4   0x1cb0010100 (apcie[0], offset 0x10100) = 0x14820001
[cpu7] [0xfffffe000b7b3950] MMIO: R.4   0x1cb001000c (apcie[0], offset 0x1000c) = 0x10000
[cpu7] [0xfffffe000b7b3950] MMIO: R.4   0x1cb0018000 (apcie[0], offset 0x18000) = 0xffffffff
[cpu7] [0xfffffe000b7b3950] MMIO: R.4   0x1cb0020000 (apcie[0], offset 0x20000) = 0xffffffff
[cpu7] [0xfffffe000b7b3950] MMIO: R.4   0x1cb0028000 (apcie[0], offset 0x28000) = 0xffffffff
[cpu7] [0xfffffe000b7b3950] MMIO: R.4   0x1cb0030000 (apcie[0], offset 0x30000) = 0xffffffff
[cpu7] [0xfffffe000b7b3950] MMIO: R.4   0x1cb0038000 (apcie[0], offset 0x38000) = 0xffffffff
[cpu7] [0xfffffe000b7b3950] MMIO: R.4   0x1cb0040000 (apcie[0], offset 0x40000) = 0xffffffff
[cpu7] [0xfffffe000b7b3950] MMIO: R.4   0x1cb0048000 (apcie[0], offset 0x48000) = 0xffffffff
[cpu7] [0xfffffe000b7b3950] MMIO: R.4   0x1cb0050000 (apcie[0], offset 0x50000) = 0xffffffff
[cpu7] [0xfffffe000b7b3950] MMIO: R.4   0x1cb0058000 (apcie[0], offset 0x58000) = 0xffffffff
[cpu7] [0xfffffe000b7b3950] MMIO: R.4   0x1cb0060000 (apcie[0], offset 0x60000) = 0xffffffff
[cpu7] [0xfffffe000b7b3950] MMIO: R.4   0x1cb0068000 (apcie[0], offset 0x68000) = 0xffffffff
[cpu7] [0xfffffe000b7b3950] MMIO: R.4   0x1cb0070000 (apcie[0], offset 0x70000) = 0xffffffff
[cpu7] [0xfffffe000b7b3950] MMIO: R.4   0x1cb0078000 (apcie[0], offset 0x78000) = 0xffffffff
[cpu7] [0xfffffe000b7b3950] MMIO: R.4   0x1cb0080000 (apcie[0], offset 0x80000) = 0xffffffff
[cpu7] [0xfffffe000b7b3950] MMIO: R.4   0x1cb0088000 (apcie[0], offset 0x88000) = 0xffffffff
[cpu7] [0xfffffe000b7b3950] MMIO: R.4   0x1cb0090000 (apcie[0], offset 0x90000) = 0xffffffff
[cpu7] [0xfffffe000b7b3950] MMIO: R.4   0x1cb0098000 (apcie[0], offset 0x98000) = 0xffffffff
[cpu7] [0xfffffe000b7b3950] MMIO: R.4   0x1cb00a0000 (apcie[0], offset 0xa0000) = 0xffffffff
[cpu7] [0xfffffe000b7b3950] MMIO: R.4   0x1cb00a8000 (apcie[0], offset 0xa8000) = 0xffffffff
[cpu7] [0xfffffe000b7b3950] MMIO: R.4   0x1cb00b0000 (apcie[0], offset 0xb0000) = 0xffffffff
[cpu7] [0xfffffe000b7b3950] MMIO: R.4   0x1cb00b8000 (apcie[0], offset 0xb8000) = 0xffffffff
[cpu7] [0xfffffe000b7b3950] MMIO: R.4   0x1cb00c0000 (apcie[0], offset 0xc0000) = 0xffffffff
[cpu7] [0xfffffe000b7b3950] MMIO: R.4   0x1cb00c8000 (apcie[0], offset 0xc8000) = 0xffffffff
[cpu7] [0xfffffe000b7b3950] MMIO: R.4   0x1cb00d0000 (apcie[0], offset 0xd0000) = 0xffffffff
[cpu7] [0xfffffe000b7b3950] MMIO: R.4   0x1cb00d8000 (apcie[0], offset 0xd8000) = 0xffffffff
[cpu7] [0xfffffe000b7b3950] MMIO: R.4   0x1cb00e0000 (apcie[0], offset 0xe0000) = 0xffffffff
[cpu7] [0xfffffe000b7b3950] MMIO: R.4   0x1cb00e8000 (apcie[0], offset 0xe8000) = 0xffffffff
[cpu7] [0xfffffe000b7b3950] MMIO: R.4   0x1cb00f0000 (apcie[0], offset 0xf0000) = 0xffffffff
[cpu7] [0xfffffe000b7b3950] MMIO: R.4   0x1cb00f8000 (apcie[0], offset 0xf8000) = 0xffffffff
[cpu7] [0xfffffe000b7b38c0] MMIO: R.2   0x1cb0000004 (apcie[0], offset 0x04) = 0x0
[cpu7] [0xfffffe000b7b38c8] MMIO: R.1   0x1cb0000019 (apcie[0], offset 0x19) = 0x0
[cpu7] [0xfffffe000b7b38c8] MMIO: R.1   0x1cb000001a (apcie[0], offset 0x1a) = 0x0
[cpu7] [0xfffffe000b7b38c0] MMIO: R.2   0x1cb0000004 (apcie[0], offset 0x04) = 0x0
[cpu7] [0xfffffe000b7b3ce4] MMIO: W.2   0x1cb0000004 (apcie[0], offset 0x04) = 0x0
[cpu7] [0xfffffe000b7b3950] MMIO: R.4   0x1cb0000010 (apcie[0], offset 0x10) = 0x0
[cpu7] [0xfffffe000b7b3d7c] MMIO: W.4   0x1cb0000010 (apcie[0], offset 0x10) = 0xffffffff
[cpu7] [0xfffffe000b7b3950] MMIO: R.4   0x1cb0000010 (apcie[0], offset 0x10) = 0x0
[cpu7] [0xfffffe000b7b3d7c] MMIO: W.4   0x1cb0000010 (apcie[0], offset 0x10) = 0x0
[cpu7] [0xfffffe000b7b3950] MMIO: R.4   0x1cb0000014 (apcie[0], offset 0x14) = 0x0
[cpu7] [0xfffffe000b7b3d7c] MMIO: W.4   0x1cb0000014 (apcie[0], offset 0x14) = 0xffffffff
[cpu7] [0xfffffe000b7b3950] MMIO: R.4   0x1cb0000014 (apcie[0], offset 0x14) = 0x0
[cpu7] [0xfffffe000b7b3d7c] MMIO: W.4   0x1cb0000014 (apcie[0], offset 0x14) = 0x0
[cpu7] [0xfffffe000b7b3ce4] MMIO: W.2   0x1cb0000004 (apcie[0], offset 0x04) = 0x0
[cpu7] [0xfffffe000b7b3950] MMIO: R.4   0x1cb0000020 (apcie[0], offset 0x20) = 0x0
[cpu7] [0xfffffe000b7b3950] MMIO: R.4   0x1cb0000024 (apcie[0], offset 0x24) = 0x10001
[cpu7] [0xfffffe000b7b3950] MMIO: R.4   0x1cb0000028 (apcie[0], offset 0x28) = 0x0
[cpu7] [0xfffffe000b7b3950] MMIO: R.4   0x1cb000002c (apcie[0], offset 0x2c) = 0x0
[cpu7] [0xfffffe000b7b3950] MMIO: R.4   0x1cb000001c (apcie[0], offset 0x1c) = 0x0
[cpu7] [0xfffffe000b7b38c0] MMIO: R.2   0x1cb0010004 (apcie[0], offset 0x10004) = 0x0
[cpu7] [0xfffffe000b7b38c8] MMIO: R.1   0x1cb0010019 (apcie[0], offset 0x10019) = 0x0
[cpu7] [0xfffffe000b7b38c8] MMIO: R.1   0x1cb001001a (apcie[0], offset 0x1001a) = 0x0
[cpu7] [0xfffffe000b7b38c0] MMIO: R.2   0x1cb0010004 (apcie[0], offset 0x10004) = 0x0
[cpu7] [0xfffffe000b7b3ce4] MMIO: W.2   0x1cb0010004 (apcie[0], offset 0x10004) = 0x0
[cpu7] [0xfffffe000b7b3950] MMIO: R.4   0x1cb0010010 (apcie[0], offset 0x10010) = 0x0
[cpu7] [0xfffffe000b7b3d7c] MMIO: W.4   0x1cb0010010 (apcie[0], offset 0x10010) = 0xffffffff
[cpu7] [0xfffffe000b7b3950] MMIO: R.4   0x1cb0010010 (apcie[0], offset 0x10010) = 0x0
[cpu7] [0xfffffe000b7b3d7c] MMIO: W.4   0x1cb0010010 (apcie[0], offset 0x10010) = 0x0
[cpu7] [0xfffffe000b7b3950] MMIO: R.4   0x1cb0010014 (apcie[0], offset 0x10014) = 0x0
[cpu7] [0xfffffe000b7b3d7c] MMIO: W.4   0x1cb0010014 (apcie[0], offset 0x10014) = 0xffffffff
[cpu7] [0xfffffe000b7b3950] MMIO: R.4   0x1cb0010014 (apcie[0], offset 0x10014) = 0x0
[cpu7] [0xfffffe000b7b3d7c] MMIO: W.4   0x1cb0010014 (apcie[0], offset 0x10014) = 0x0
[cpu7] [0xfffffe000b7b3ce4] MMIO: W.2   0x1cb0010004 (apcie[0], offset 0x10004) = 0x0
[cpu7] [0xfffffe000b7b3950] MMIO: R.4   0x1cb0010020 (apcie[0], offset 0x10020) = 0x0
[cpu7] [0xfffffe000b7b3950] MMIO: R.4   0x1cb0010024 (apcie[0], offset 0x10024) = 0x10001
[cpu7] [0xfffffe000b7b3950] MMIO: R.4   0x1cb0010028 (apcie[0], offset 0x10028) = 0x0
[cpu7] [0xfffffe000b7b3950] MMIO: R.4   0x1cb001002c (apcie[0], offset 0x1002c) = 0x0
[cpu7] [0xfffffe000b7b3950] MMIO: R.4   0x1cb001001c (apcie[0], offset 0x1001c) = 0x0
[cpu7] [0xfffffe000b7b38c0] MMIO: R.2   0x1cb0000072 (apcie[0], offset 0x72) = 0x42
[cpu7] [0xfffffe000b7b3950] MMIO: R.4   0x1cb0000084 (apcie[0], offset 0x84) = 0x0
[cpu7] [0xfffffe000b7b38c0] MMIO: R.2   0x1cb0010072 (apcie[0], offset 0x10072) = 0x42
[cpu7] [0xfffffe000b7b3950] MMIO: R.4   0x1cb0010084 (apcie[0], offset 0x10084) = 0x0
[cpu7] [0xfffffe000b7b38c8] MMIO: R.1   0x1cb000000d (apcie[0], offset 0x0d) = 0x0
[cpu7] [0xfffffe000b7b3cec] MMIO: W.1   0x1cb000000d (apcie[0], offset 0x0d) = 0x40
[cpu7] [0xfffffe000b7b38c8] MMIO: R.1   0x1cb000000d (apcie[0], offset 0x0d) = 0x0
[cpu7] [0xfffffe000b7b38c8] MMIO: R.1   0x1cb000001b (apcie[0], offset 0x1b) = 0x0
[cpu7] [0xfffffe000b7b3cec] MMIO: W.1   0x1cb000001b (apcie[0], offset 0x1b) = 0x40
[cpu7] [0xfffffe000b7b38c8] MMIO: R.1   0x1cb000001b (apcie[0], offset 0x1b) = 0x0
[cpu7] [0xfffffe000b7b38c8] MMIO: R.1   0x1cb001000d (apcie[0], offset 0x1000d) = 0x0
[cpu7] [0xfffffe000b7b3cec] MMIO: W.1   0x1cb001000d (apcie[0], offset 0x1000d) = 0x40
[cpu7] [0xfffffe000b7b38c8] MMIO: R.1   0x1cb001000d (apcie[0], offset 0x1000d) = 0x0
[cpu7] [0xfffffe000b7b38c8] MMIO: R.1   0x1cb001001b (apcie[0], offset 0x1001b) = 0x0
[cpu7] [0xfffffe000b7b3cec] MMIO: W.1   0x1cb001001b (apcie[0], offset 0x1001b) = 0x40
[cpu7] [0xfffffe000b7b38c8] MMIO: R.1   0x1cb001001b (apcie[0], offset 0x1001b) = 0x0
[cpu7] [0xfffffe000b7b38c0] MMIO: R.2   0x1cb0000004 (apcie[0], offset 0x04) = 0x0
[cpu7] [0xfffffe000b7b3950] MMIO: R.4   0x1cb0000018 (apcie[0], offset 0x18) = 0x0
[cpu7] [0xfffffe000b7b3d7c] MMIO: W.4   0x1cb0000018 (apcie[0], offset 0x18) = 0x20200
[cpu7] [0xfffffe000b7b38c0] MMIO: R.2   0x1cb000003e (apcie[0], offset 0x3e) = 0x0
[cpu7] [0xfffffe000b7b3ce4] MMIO: W.2   0x1cb0000004 (apcie[0], offset 0x04) = 0x7
[cpu7] [0xfffffe000b7b38c8] MMIO: R.1   0x1cb000000d (apcie[0], offset 0x0d) = 0x0
[cpu7] [0xfffffe000b7b3cec] MMIO: W.1   0x1cb000000d (apcie[0], offset 0x0d) = 0x40
[cpu7] [0xfffffe000b7b38c8] MMIO: R.1   0x1cb000000d (apcie[0], offset 0x0d) = 0x0
[cpu7] [0xfffffe000b7b38c8] MMIO: R.1   0x1cb000001b (apcie[0], offset 0x1b) = 0x0
[cpu7] [0xfffffe000b7b3cec] MMIO: W.1   0x1cb000001b (apcie[0], offset 0x1b) = 0x40
[cpu7] [0xfffffe000b7b38c8] MMIO: R.1   0x1cb000001b (apcie[0], offset 0x1b) = 0x0
[cpu7] [0xfffffe000b7b38c0] MMIO: R.2   0x1cb0010004 (apcie[0], offset 0x10004) = 0x0
[cpu7] [0xfffffe000b7b3950] MMIO: R.4   0x1cb0010018 (apcie[0], offset 0x10018) = 0x0
[cpu7] [0xfffffe000b7b3d7c] MMIO: W.4   0x1cb0010018 (apcie[0], offset 0x10018) = 0x10100
[cpu7] [0xfffffe000b7b38c0] MMIO: R.2   0x1cb001003e (apcie[0], offset 0x1003e) = 0x0
[cpu7] [0xfffffe000b7b3ce4] MMIO: W.2   0x1cb0010004 (apcie[0], offset 0x10004) = 0x7
[cpu7] [0xfffffe000b7b38c8] MMIO: R.1   0x1cb001000d (apcie[0], offset 0x1000d) = 0x0
[cpu7] [0xfffffe000b7b3cec] MMIO: W.1   0x1cb001000d (apcie[0], offset 0x1000d) = 0x40
[cpu7] [0xfffffe000b7b38c8] MMIO: R.1   0x1cb001000d (apcie[0], offset 0x1000d) = 0x0
[cpu7] [0xfffffe000b7b38c8] MMIO: R.1   0x1cb001001b (apcie[0], offset 0x1001b) = 0x0
[cpu7] [0xfffffe000b7b3cec] MMIO: W.1   0x1cb001001b (apcie[0], offset 0x1001b) = 0x40
[cpu7] [0xfffffe000b7b38c8] MMIO: R.1   0x1cb001001b (apcie[0], offset 0x1001b) = 0x0
[cpu7] [0xfffffe000b7b38c0] MMIO: R.2   0x1cb0000082 (apcie[0], offset 0x82) = 0x1011
[cpu7] [0xfffffe000b7b38c0] MMIO: R.2   0x1cb0000072 (apcie[0], offset 0x72) = 0x42
[cpu7] [0xfffffe000b7b38c0] MMIO: R.2   0x1cb0010082 (apcie[0], offset 0x10082) = 0x3011
[cpu7] [0xfffffe000b7b38c0] MMIO: R.2   0x1cb0010078 (apcie[0], offset 0x10078) = 0x810
[cpu7] [0xfffffe000b7b3ce4] MMIO: W.2   0x1cb0010078 (apcie[0], offset 0x10078) = 0x810
[cpu7] [0xfffffe000b7b38c0] MMIO: R.2   0x1cb0010114 (apcie[0], offset 0x10114) = 0xe000
[cpu7] [0xfffffe000b7b3ce4] MMIO: W.2   0x1cb0010114 (apcie[0], offset 0x10114) = 0xe000
[cpu7] [0xfffffe000b7b3d7c] MMIO: W.4   0x1cb0010104 (apcie[0], offset 0x10104) = 0x100000
[cpu7] [0xfffffe000b7b3ce4] MMIO: W.2   0x1cb0010110 (apcie[0], offset 0x10110) = 0xa000
[cpu7] [0xfffffe000b7b3ce4] MMIO: W.2   0x1cb0010114 (apcie[0], offset 0x10114) = 0xe000
[cpu7] [0xfffffe000b7b3ce4] MMIO: W.2   0x1cb001007a (apcie[0], offset 0x1007a) = 0x9
[cpu7] [0xfffffe000b7b38c0] MMIO: R.2   0x1cb0010078 (apcie[0], offset 0x10078) = 0x810
[cpu7] [0xfffffe000b7b3ce4] MMIO: W.2   0x1cb0010078 (apcie[0], offset 0x10078) = 0x810
[cpu0] [0xfffffe000b7b38c0] MMIO: R.2   0x1cb0000004 (apcie[0], offset 0x04) = 0x7
[cpu0] [0xfffffe000b7b3ce4] MMIO: W.2   0x1cb000001c (apcie[0], offset 0x1c) = 0xf0
[cpu0] [0xfffffe000b7b3d7c] MMIO: W.4   0x1cb0000030 (apcie[0], offset 0x30) = 0x0
[cpu0] [0xfffffe000b7b3d7c] MMIO: W.4   0x1cb0000020 (apcie[0], offset 0x20) = 0xfff0
[cpu0] [0xfffffe000b7b3d7c] MMIO: W.4   0x1cb0000028 (apcie[0], offset 0x28) = 0xffffffff
[cpu0] [0xfffffe000b7b3d7c] MMIO: W.4   0x1cb000002c (apcie[0], offset 0x2c) = 0x0
[cpu0] [0xfffffe000b7b3d7c] MMIO: W.4   0x1cb0000024 (apcie[0], offset 0x24) = 0xfff0
[cpu0] [0xfffffe000b7b3d7c] MMIO: W.4   0x1cb0000024 (apcie[0], offset 0x24) = 0xfff0
[cpu0] [0xfffffe000b7b3d7c] MMIO: W.4   0x1cb000002c (apcie[0], offset 0x2c) = 0x0
[cpu0] [0xfffffe000b7b3d7c] MMIO: W.4   0x1cb0000028 (apcie[0], offset 0x28) = 0xffffffff
[cpu0] [0xfffffe000b7b38c0] MMIO: R.2   0x1cb000003e (apcie[0], offset 0x3e) = 0x0
[cpu0] [0xfffffe000b7b3ce4] MMIO: W.2   0x1cb0000004 (apcie[0], offset 0x04) = 0x7
[cpu0] [0xfffffe000b7b38c8] MMIO: R.1   0x1cb000000d (apcie[0], offset 0x0d) = 0x0
[cpu0] [0xfffffe000b7b3cec] MMIO: W.1   0x1cb000000d (apcie[0], offset 0x0d) = 0x40
[cpu0] [0xfffffe000b7b38c8] MMIO: R.1   0x1cb000000d (apcie[0], offset 0x0d) = 0x0
[cpu0] [0xfffffe000b7b38c8] MMIO: R.1   0x1cb000001b (apcie[0], offset 0x1b) = 0x0
[cpu0] [0xfffffe000b7b3cec] MMIO: W.1   0x1cb000001b (apcie[0], offset 0x1b) = 0x40
[cpu0] [0xfffffe000b7b38c8] MMIO: R.1   0x1cb000001b (apcie[0], offset 0x1b) = 0x0
[cpu0] [0xfffffe000b7b38c0] MMIO: R.2   0x1cb0010004 (apcie[0], offset 0x10004) = 0x7
[cpu0] [0xfffffe000b7b3ce4] MMIO: W.2   0x1cb001001c (apcie[0], offset 0x1001c) = 0xf0
[cpu0] [0xfffffe000b7b3d7c] MMIO: W.4   0x1cb0010030 (apcie[0], offset 0x10030) = 0x0
[cpu0] [0xfffffe000b7b3d7c] MMIO: W.4   0x1cb0010020 (apcie[0], offset 0x10020) = 0xfff0
[cpu0] [0xfffffe000b7b3d7c] MMIO: W.4   0x1cb0010024 (apcie[0], offset 0x10024) = 0xfff0
[cpu0] [0xfffffe000b7b3d7c] MMIO: W.4   0x1cb001002c (apcie[0], offset 0x1002c) = 0x0
[cpu0] [0xfffffe000b7b3d7c] MMIO: W.4   0x1cb0010028 (apcie[0], offset 0x10028) = 0xffffffff
[cpu0] [0xfffffe000b7b38c0] MMIO: R.2   0x1cb001003e (apcie[0], offset 0x1003e) = 0x0
[cpu8] [0xfffffe000b7b3ce4] MMIO: W.2   0x1cb0010004 (apcie[0], offset 0x10004) = 0x7
[cpu8] [0xfffffe000b7b38c8] MMIO: R.1   0x1cb001000d (apcie[0], offset 0x1000d) = 0x0
[cpu8] [0xfffffe000b7b3cec] MMIO: W.1   0x1cb001000d (apcie[0], offset 0x1000d) = 0x40
[cpu8] [0xfffffe000b7b38c8] MMIO: R.1   0x1cb001000d (apcie[0], offset 0x1000d) = 0x0
[cpu8] [0xfffffe000b7b38c8] MMIO: R.1   0x1cb001001b (apcie[0], offset 0x1001b) = 0x0
[cpu8] [0xfffffe000b7b3cec] MMIO: W.1   0x1cb001001b (apcie[0], offset 0x1001b) = 0x40
[cpu8] [0xfffffe000b7b38c8] MMIO: R.1   0x1cb001001b (apcie[0], offset 0x1001b) = 0x0
[cpu8] [0xfffffe000b7b38c8] MMIO: R.1   0x1cb000000d (apcie[0], offset 0x0d) = 0x0
[cpu8] [0xfffffe000b7b3cec] MMIO: W.1   0x1cb000000d (apcie[0], offset 0x0d) = 0x40
[cpu8] [0xfffffe000b7b38c8] MMIO: R.1   0x1cb000000d (apcie[0], offset 0x0d) = 0x0
[cpu8] [0xfffffe000b7b38c8] MMIO: R.1   0x1cb000001b (apcie[0], offset 0x1b) = 0x0
[cpu8] [0xfffffe000b7b3cec] MMIO: W.1   0x1cb000001b (apcie[0], offset 0x1b) = 0x40
[cpu8] [0xfffffe000b7b38c8] MMIO: R.1   0x1cb000001b (apcie[0], offset 0x1b) = 0x0
[cpu8] [0xfffffe000b7b38c0] MMIO: R.2   0x1cb0010004 (apcie[0], offset 0x10004) = 0x7
[cpu8] [0xfffffe000b7b3d7c] MMIO: W.4   0x1cb0010020 (apcie[0], offset 0x10020) = 0xfff0
[cpu8] [0xfffffe000b7b3d7c] MMIO: W.4   0x1cb0010028 (apcie[0], offset 0x10028) = 0xffffffff
[cpu8] [0xfffffe000b7b3d7c] MMIO: W.4   0x1cb001002c (apcie[0], offset 0x1002c) = 0x0
[cpu8] [0xfffffe000b7b3d7c] MMIO: W.4   0x1cb0010024 (apcie[0], offset 0x10024) = 0xfff0
[cpu8] [0xfffffe000b7b3d7c] MMIO: W.4   0x1cb0010024 (apcie[0], offset 0x10024) = 0x80008000
[cpu8] [0xfffffe000b7b3d7c] MMIO: W.4   0x1cb001002c (apcie[0], offset 0x1002c) = 0x0
[cpu8] [0xfffffe000b7b3d7c] MMIO: W.4   0x1cb0010028 (apcie[0], offset 0x10028) = 0x0
[cpu8] [0xfffffe000b7b38c0] MMIO: R.2   0x1cb001003e (apcie[0], offset 0x1003e) = 0x0
[cpu8] [0xfffffe000b7b3ce4] MMIO: W.2   0x1cb0010004 (apcie[0], offset 0x10004) = 0x7
[cpu8] [0xfffffe000b7b38c8] MMIO: R.1   0x1cb001000d (apcie[0], offset 0x1000d) = 0x0
[cpu8] [0xfffffe000b7b3cec] MMIO: W.1   0x1cb001000d (apcie[0], offset 0x1000d) = 0x40
[cpu8] [0xfffffe000b7b38c8] MMIO: R.1   0x1cb001000d (apcie[0], offset 0x1000d) = 0x0
[cpu8] [0xfffffe000b7b38c8] MMIO: R.1   0x1cb001001b (apcie[0], offset 0x1001b) = 0x0
[cpu8] [0xfffffe000b7b3cec] MMIO: W.1   0x1cb001001b (apcie[0], offset 0x1001b) = 0x40
[cpu8] [0xfffffe000b7b38c8] MMIO: R.1   0x1cb001001b (apcie[0], offset 0x1001b) = 0x0
[cpu4] [0xfffffe000b7b38c0] MMIO: R.2   0x1cb0000078 (apcie[0], offset 0x78) = 0x810
[cpu4] [0xfffffe000b7b38c0] MMIO: R.2   0x1cb0010078 (apcie[0], offset 0x10078) = 0x810
[cpu4] [0xfffffe000b7b3950] MMIO: R.4   0x1cb0000000 (apcie[0], offset 0x00) = 0x100c106b
[cpu4] [0xfffffe000b7b3950] MMIO: R.4   0x1cb0000008 (apcie[0], offset 0x08) = 0x6040001
[cpu4] [0xfffffe000b7b3950] MMIO: R.4   0x1cb000002c (apcie[0], offset 0x2c) = 0x0
[cpu4] [0xfffffe000b7b3950] MMIO: R.4   0x1cb0010000 (apcie[0], offset 0x10000) = 0x100c106b
[cpu4] [0xfffffe000b7b3950] MMIO: R.4   0x1cb0010008 (apcie[0], offset 0x10008) = 0x6040001
[cpu4] [0xfffffe000b7b3950] MMIO: R.4   0x1cb001002c (apcie[0], offset 0x1002c) = 0x0
[cpu2] [0xfffffe000b7b38c8] MMIO: R.1   0x1cb0000034 (apcie[0], offset 0x34) = 0x40
[cpu2] [0xfffffe000b7b3950] MMIO: R.4   0x1cb0000040 (apcie[0], offset 0x40) = 0xc9c35001
[cpu2] [0xfffffe000b7b3950] MMIO: R.4   0x1cb0000050 (apcie[0], offset 0x50) = 0x807005
[cpu2] [0xfffffe000b7b3950] MMIO: R.4   0x1cb0000070 (apcie[0], offset 0x70) = 0x420010
[cpu2] [0xfffffe000b7b3950] MMIO: R.4   0x1cb0000100 (apcie[0], offset 0x100) = 0x14820001
[cpu2] [0xfffffe000b7b3950] MMIO: R.4   0x1cb0000148 (apcie[0], offset 0x148) = 0x15810019
[cpu2] [0xfffffe000b7b3950] MMIO: R.4   0x1cb0000158 (apcie[0], offset 0x158) = 0x17c10026
[cpu2] [0xfffffe000b7b3950] MMIO: R.4   0x1cb000017c (apcie[0], offset 0x17c) = 0x19410027
[cpu2] [0xfffffe000b7b3950] MMIO: R.4   0x1cb0000194 (apcie[0], offset 0x194) = 0x1a41001e
[cpu2] [0xfffffe000b7b3950] MMIO: R.4   0x1cb00001a4 (apcie[0], offset 0x1a4) = 0x2a41000b
[cpu2] [0xfffffe000b7b3950] MMIO: R.4   0x1cb00002a4 (apcie[0], offset 0x2a4) = 0x2b010025
[cpu6] [0xfffffe000b7b3950] MMIO: R.4   0x1cb00002b0 (apcie[0], offset 0x2b0) = 0x2bc1001f
[cpu6] [0xfffffe000b7b3950] MMIO: R.4   0x1cb00002bc (apcie[0], offset 0x2bc) = 0x1000b
[cpu6] [0xfffffe000b7b38c8] MMIO: R.1   0x1cb000000e (apcie[0], offset 0x0e) = 0x1
[cpu6] [0xfffffe000b7b3950] MMIO: R.4   0x1cb0000004 (apcie[0], offset 0x04) = 0x100007
[cpu6] [0xfffffe000b7b3950] MMIO: R.4   0x1cb0000034 (apcie[0], offset 0x34) = 0x40
[cpu6] [0xfffffe000b7b3950] MMIO: R.4   0x1cb0000040 (apcie[0], offset 0x40) = 0xc9c35001
[cpu6] [0xfffffe000b7b3950] MMIO: R.4   0x1cb0000040 (apcie[0], offset 0x40) = 0xc9c35001
[cpu6] [0xfffffe000b7b3950] MMIO: R.4   0x1cb0000004 (apcie[0], offset 0x04) = 0x100007
[cpu6] [0xfffffe000b7b3950] MMIO: R.4   0x1cb0000034 (apcie[0], offset 0x34) = 0x40
[cpu6] [0xfffffe000b7b3950] MMIO: R.4   0x1cb0000040 (apcie[0], offset 0x40) = 0xc9c35001
[cpu6] [0xfffffe000b7b3950] MMIO: R.4   0x1cb0000050 (apcie[0], offset 0x50) = 0x807005
[cpu6] [0xfffffe000b7b38c0] MMIO: R.2   0x1cb0000052 (apcie[0], offset 0x52) = 0x80
[cpu6] [0xfffffe000b7b3950] MMIO: R.4   0x1cb0000004 (apcie[0], offset 0x04) = 0x100007
[cpu6] [0xfffffe000b7b3950] MMIO: R.4   0x1cb0000004 (apcie[0], offset 0x04) = 0x100007
[cpu6] [0xfffffe000b7b3950] MMIO: R.4   0x1cb0000034 (apcie[0], offset 0x34) = 0x40
[cpu6] [0xfffffe000b7b3950] MMIO: R.4   0x1cb0000040 (apcie[0], offset 0x40) = 0xc9c35001
[cpu6] [0xfffffe000b7b3950] MMIO: R.4   0x1cb0000050 (apcie[0], offset 0x50) = 0x807005
[cpu6] [0xfffffe000b7b3950] MMIO: R.4   0x1cb0000070 (apcie[0], offset 0x70) = 0x420010
[cpu6] [0xfffffe000b7b3950] MMIO: R.4   0x1cb0000100 (apcie[0], offset 0x100) = 0x14820001
[cpu6] [0xfffffe000b7b3950] MMIO: R.4   0x1cb0000148 (apcie[0], offset 0x148) = 0x15810019
[cpu6] [0xfffffe000b7b3950] MMIO: R.4   0x1cb0000158 (apcie[0], offset 0x158) = 0x17c10026
[cpu6] [0xfffffe000b7b3950] MMIO: R.4   0x1cb000017c (apcie[0], offset 0x17c) = 0x19410027
[cpu6] [0xfffffe000b7b3950] MMIO: R.4   0x1cb0000194 (apcie[0], offset 0x194) = 0x1a41001e
[cpu6] [0xfffffe000b7b3950] MMIO: R.4   0x1cb00001a4 (apcie[0], offset 0x1a4) = 0x2a41000b
[cpu6] [0xfffffe000b7b3950] MMIO: R.4   0x1cb00002a4 (apcie[0], offset 0x2a4) = 0x2b010025
[cpu6] [0xfffffe000b7b3950] MMIO: R.4   0x1cb00002b0 (apcie[0], offset 0x2b0) = 0x2bc1001f
[cpu6] [0xfffffe000b7b3950] MMIO: R.4   0x1cb00002bc (apcie[0], offset 0x2bc) = 0x1000b
[cpu6] [0xfffffe000b7b3950] MMIO: R.4   0x1cb0000004 (apcie[0], offset 0x04) = 0x100007
[cpu6] [0xfffffe000b7b3950] MMIO: R.4   0x1cb0000004 (apcie[0], offset 0x04) = 0x100007
[cpu6] [0xfffffe000b7b3950] MMIO: R.4   0x1cb0000034 (apcie[0], offset 0x34) = 0x40
[cpu6] [0xfffffe000b7b3950] MMIO: R.4   0x1cb0000040 (apcie[0], offset 0x40) = 0xc9c35001
[cpu6] [0xfffffe000b7b3950] MMIO: R.4   0x1cb0000050 (apcie[0], offset 0x50) = 0x807005
[cpu6] [0xfffffe000b7b3950] MMIO: R.4   0x1cb0000070 (apcie[0], offset 0x70) = 0x420010
[cpu6] [0xfffffe000b7b3950] MMIO: R.4   0x1cb0000100 (apcie[0], offset 0x100) = 0x14820001
[cpu6] [0xfffffe000b7b3950] MMIO: R.4   0x1cb0000148 (apcie[0], offset 0x148) = 0x15810019
[cpu6] [0xfffffe000b7b3950] MMIO: R.4   0x1cb0000158 (apcie[0], offset 0x158) = 0x17c10026
[cpu6] [0xfffffe000b7b3950] MMIO: R.4   0x1cb000017c (apcie[0], offset 0x17c) = 0x19410027
[cpu6] [0xfffffe000b7b3950] MMIO: R.4   0x1cb0000194 (apcie[0], offset 0x194) = 0x1a41001e
[cpu6] [0xfffffe000b7b3950] MMIO: R.4   0x1cb00001a4 (apcie[0], offset 0x1a4) = 0x2a41000b
[cpu6] [0xfffffe000b7b3950] MMIO: R.4   0x1cb00002a4 (apcie[0], offset 0x2a4) = 0x2b010025
[cpu6] [0xfffffe000b7b3950] MMIO: R.4   0x1cb00002b0 (apcie[0], offset 0x2b0) = 0x2bc1001f
[cpu6] [0xfffffe000b7b3950] MMIO: R.4   0x1cb00002bc (apcie[0], offset 0x2bc) = 0x1000b
[cpu6] [0xfffffe000b7b3950] MMIO: R.4   0x1cb0000004 (apcie[0], offset 0x04) = 0x100007
[cpu6] [0xfffffe000b7b3950] MMIO: R.4   0x1cb0000034 (apcie[0], offset 0x34) = 0x40
[cpu6] [0xfffffe000b7b3950] MMIO: R.4   0x1cb0000040 (apcie[0], offset 0x40) = 0xc9c35001
[cpu6] [0xfffffe000b7b3950] MMIO: R.4   0x1cb0000050 (apcie[0], offset 0x50) = 0x807005
[cpu6] [0xfffffe000b7b3950] MMIO: R.4   0x1cb0000070 (apcie[0], offset 0x70) = 0x420010
[cpu6] [0xfffffe000b7b38c0] MMIO: R.2   0x1cb0000072 (apcie[0], offset 0x72) = 0x42
[cpu6] [0xfffffe000b7b3950] MMIO: R.4   0x1cb0000004 (apcie[0], offset 0x04) = 0x100007
[cpu6] [0xfffffe000b7b3950] MMIO: R.4   0x1cb0000004 (apcie[0], offset 0x04) = 0x100007
[cpu6] [0xfffffe000b7b3950] MMIO: R.4   0x1cb0000034 (apcie[0], offset 0x34) = 0x40
[cpu6] [0xfffffe000b7b3950] MMIO: R.4   0x1cb0000040 (apcie[0], offset 0x40) = 0xc9c35001
[cpu6] [0xfffffe000b7b3950] MMIO: R.4   0x1cb0000050 (apcie[0], offset 0x50) = 0x807005
[cpu6] [0xfffffe000b7b3950] MMIO: R.4   0x1cb0000070 (apcie[0], offset 0x70) = 0x420010
[cpu6] [0xfffffe000b7b3950] MMIO: R.4   0x1cb0000100 (apcie[0], offset 0x100) = 0x14820001
[cpu6] [0xfffffe000b7b3950] MMIO: R.4   0x1cb0000148 (apcie[0], offset 0x148) = 0x15810019
[cpu6] [0xfffffe000b7b3950] MMIO: R.4   0x1cb0000158 (apcie[0], offset 0x158) = 0x17c10026
[cpu6] [0xfffffe000b7b3950] MMIO: R.4   0x1cb000017c (apcie[0], offset 0x17c) = 0x19410027
[cpu6] [0xfffffe000b7b3950] MMIO: R.4   0x1cb0000194 (apcie[0], offset 0x194) = 0x1a41001e
[cpu6] [0xfffffe000b7b3950] MMIO: R.4   0x1cb0000198 (apcie[0], offset 0x198) = 0x1f
[cpu6] [0xfffffe000b7b3950] MMIO: R.4   0x1cb0000074 (apcie[0], offset 0x74) = 0x8001
[cpu6] [0xfffffe000b7b3950] MMIO: R.4   0x1cb000007c (apcie[0], offset 0x7c) = 0x737814
[cpu6] [0xfffffe000b7b3950] MMIO: R.4   0x1cb0000000 (apcie[0], offset 0x00) = 0x100c106b
[cpu6] [0xfffffe000b7b38c0] MMIO: R.2   0x1cb000003e (apcie[0], offset 0x3e) = 0x0
[cpu6] [0xfffffe000b7b3ce4] MMIO: W.2   0x1cb000003e (apcie[0], offset 0x3e) = 0x2
[cpu6] [0xfffffe000b7b3950] MMIO: R.4   0x1cb0000004 (apcie[0], offset 0x04) = 0x100007
[cpu6] [0xfffffe000b7b3950] MMIO: R.4   0x1cb0000004 (apcie[0], offset 0x04) = 0x100007
[cpu6] [0xfffffe000b7b3950] MMIO: R.4   0x1cb0000034 (apcie[0], offset 0x34) = 0x40
[cpu6] [0xfffffe000b7b3950] MMIO: R.4   0x1cb0000040 (apcie[0], offset 0x40) = 0xc9c35001
[cpu6] [0xfffffe000b7b3950] MMIO: R.4   0x1cb0000050 (apcie[0], offset 0x50) = 0x807005
[cpu6] [0xfffffe000b7b3950] MMIO: R.4   0x1cb0000070 (apcie[0], offset 0x70) = 0x420010
[cpu6] [0xfffffe000b7b3950] MMIO: R.4   0x1cb0000100 (apcie[0], offset 0x100) = 0x14820001
[cpu6] [0xfffffe000b7b3d7c] MMIO: W.4   0x1cb0000104 (apcie[0], offset 0x104) = 0x1
[cpu6] [0xfffffe000b7b3d7c] MMIO: W.4   0x1cb0000108 (apcie[0], offset 0x108) = 0x1
[cpu6] [0xfffffe000b7b3d7c] MMIO: W.4   0x1cb0000110 (apcie[0], offset 0x110) = 0x0
[cpu6] [0xfffffe000b7b3d7c] MMIO: W.4   0x1cb0000114 (apcie[0], offset 0x114) = 0x0
[cpu6] [0xfffffe000b7b3950] MMIO: R.4   0x1cb0000078 (apcie[0], offset 0x78) = 0x100810
[cpu6] [0xfffffe000b7b3d7c] MMIO: W.4   0x1cb0000078 (apcie[0], offset 0x78) = 0x10081f
[cpu6] [0xfffffe000b7b3950] MMIO: R.4   0x1cb0000118 (apcie[0], offset 0x118) = 0x0
[cpu6] [0xfffffe000b7b3950] MMIO: R.4   0x1cb0000004 (apcie[0], offset 0x04) = 0x100007
[cpu6] [0xfffffe000b7b3950] MMIO: R.4   0x1cb0000034 (apcie[0], offset 0x34) = 0x40
[cpu6] [0xfffffe000b7b3950] MMIO: R.4   0x1cb0000040 (apcie[0], offset 0x40) = 0xc9c35001
[cpu6] [0xfffffe000b7b3950] MMIO: R.4   0x1cb0000050 (apcie[0], offset 0x50) = 0x807005
[cpu6] [0xfffffe000b7b3950] MMIO: R.4   0x1cb0000070 (apcie[0], offset 0x70) = 0x420010
[cpu6] [0xfffffe000b7b3950] MMIO: R.4   0x1cb0000004 (apcie[0], offset 0x04) = 0x100007
[cpu6] [0xfffffe000b7b3950] MMIO: R.4   0x1cb0000004 (apcie[0], offset 0x04) = 0x100007
[cpu6] [0xfffffe000b7b3950] MMIO: R.4   0x1cb0000034 (apcie[0], offset 0x34) = 0x40
[cpu6] [0xfffffe000b7b3950] MMIO: R.4   0x1cb0000040 (apcie[0], offset 0x40) = 0xc9c35001
[cpu6] [0xfffffe000b7b3950] MMIO: R.4   0x1cb0000050 (apcie[0], offset 0x50) = 0x807005
[cpu6] [0xfffffe000b7b3950] MMIO: R.4   0x1cb0000070 (apcie[0], offset 0x70) = 0x420010
[cpu6] [0xfffffe000b7b3950] MMIO: R.4   0x1cb0000100 (apcie[0], offset 0x100) = 0x14820001
[cpu6] [0xfffffe000b7b3950] MMIO: R.4   0x1cb0000148 (apcie[0], offset 0x148) = 0x15810019
[cpu6] [0xfffffe000b7b3950] MMIO: R.4   0x1cb0000158 (apcie[0], offset 0x158) = 0x17c10026
[cpu6] [0xfffffe000b7b3950] MMIO: R.4   0x1cb000017c (apcie[0], offset 0x17c) = 0x19410027
[cpu6] [0xfffffe000b7b3950] MMIO: R.4   0x1cb0000194 (apcie[0], offset 0x194) = 0x1a41001e
[cpu6] [0xfffffe000b7b3950] MMIO: R.4   0x1cb00001a4 (apcie[0], offset 0x1a4) = 0x2a41000b
[cpu6] [0xfffffe000b7b3950] MMIO: R.4   0x1cb00002a4 (apcie[0], offset 0x2a4) = 0x2b010025
[cpu6] [0xfffffe000b7b3950] MMIO: R.4   0x1cb00002b0 (apcie[0], offset 0x2b0) = 0x2bc1001f
[cpu6] [0xfffffe000b7b3950] MMIO: R.4   0x1cb00002b4 (apcie[0], offset 0x2b4) = 0x100e
[cpu6] [0xfffffe000b7b3950] MMIO: R.4   0x1cb0000004 (apcie[0], offset 0x04) = 0x100007
[cpu6] [0xfffffe000b7b3950] MMIO: R.4   0x1cb0000004 (apcie[0], offset 0x04) = 0x100007
[cpu6] [0xfffffe000b7b3950] MMIO: R.4   0x1cb0000034 (apcie[0], offset 0x34) = 0x40
[cpu6] [0xfffffe000b7b3950] MMIO: R.4   0x1cb0000040 (apcie[0], offset 0x40) = 0xc9c35001
[cpu6] [0xfffffe000b7b3950] MMIO: R.4   0x1cb0000050 (apcie[0], offset 0x50) = 0x807005
[cpu6] [0xfffffe000b7b3950] MMIO: R.4   0x1cb0000070 (apcie[0], offset 0x70) = 0x420010
[cpu6] [0xfffffe000b7b3950] MMIO: R.4   0x1cb0000100 (apcie[0], offset 0x100) = 0x14820001
[cpu6] [0xfffffe000b7b3950] MMIO: R.4   0x1cb0000148 (apcie[0], offset 0x148) = 0x15810019
[cpu6] [0xfffffe000b7b3950] MMIO: R.4   0x1cb0000158 (apcie[0], offset 0x158) = 0x17c10026
[cpu6] [0xfffffe000b7b3950] MMIO: R.4   0x1cb000017c (apcie[0], offset 0x17c) = 0x19410027
[cpu6] [0xfffffe000b7b3950] MMIO: R.4   0x1cb0000194 (apcie[0], offset 0x194) = 0x1a41001e
[cpu6] [0xfffffe000b7b3950] MMIO: R.4   0x1cb00001a4 (apcie[0], offset 0x1a4) = 0x2a41000b
[cpu6] [0xfffffe000b7b3950] MMIO: R.4   0x1cb00002a4 (apcie[0], offset 0x2a4) = 0x2b010025
[cpu6] [0xfffffe000b7b3950] MMIO: R.4   0x1cb00002b0 (apcie[0], offset 0x2b0) = 0x2bc1001f
[cpu6] [0xfffffe000b7b3950] MMIO: R.4   0x1cb00002bc (apcie[0], offset 0x2bc) = 0x1000b
[cpu6] [0xfffffe000b7b38c8] MMIO: R.1   0x1cb0010034 (apcie[0], offset 0x10034) = 0x40
[cpu6] [0xfffffe000b7b3950] MMIO: R.4   0x1cb0010040 (apcie[0], offset 0x10040) = 0xc9c35001
[cpu6] [0xfffffe000b7b3950] MMIO: R.4   0x1cb0010050 (apcie[0], offset 0x10050) = 0x807005
[cpu6] [0xfffffe000b7b3950] MMIO: R.4   0x1cb0010070 (apcie[0], offset 0x10070) = 0x420010
[cpu6] [0xfffffe000b7b3950] MMIO: R.4   0x1cb0010100 (apcie[0], offset 0x10100) = 0x14820001
[cpu6] [0xfffffe000b7b3950] MMIO: R.4   0x1cb0010148 (apcie[0], offset 0x10148) = 0x15810019
[cpu6] [0xfffffe000b7b3950] MMIO: R.4   0x1cb0010158 (apcie[0], offset 0x10158) = 0x17c10026
[cpu6] [0xfffffe000b7b3950] MMIO: R.4   0x1cb001017c (apcie[0], offset 0x1017c) = 0x19410027
[cpu6] [0xfffffe000b7b3950] MMIO: R.4   0x1cb0010194 (apcie[0], offset 0x10194) = 0x1a41001e
[cpu6] [0xfffffe000b7b3950] MMIO: R.4   0x1cb00101a4 (apcie[0], offset 0x101a4) = 0x2a41000b
[cpu6] [0xfffffe000b7b3950] MMIO: R.4   0x1cb00102a4 (apcie[0], offset 0x102a4) = 0x2b010025
[cpu6] [0xfffffe000b7b3950] MMIO: R.4   0x1cb00102b0 (apcie[0], offset 0x102b0) = 0x2bc1001f
[cpu6] [0xfffffe000b7b3950] MMIO: R.4   0x1cb00102bc (apcie[0], offset 0x102bc) = 0x1000b
[cpu6] [0xfffffe000b7b38c8] MMIO: R.1   0x1cb001000e (apcie[0], offset 0x1000e) = 0x1
[cpu6] [0xfffffe000b7b3950] MMIO: R.4   0x1cb0010004 (apcie[0], offset 0x10004) = 0x100007
[cpu6] [0xfffffe000b7b3950] MMIO: R.4   0x1cb0010034 (apcie[0], offset 0x10034) = 0x40
[cpu6] [0xfffffe000b7b3950] MMIO: R.4   0x1cb0010040 (apcie[0], offset 0x10040) = 0xc9c35001
[cpu6] [0xfffffe000b7b3950] MMIO: R.4   0x1cb0010040 (apcie[0], offset 0x10040) = 0xc9c35001
[cpu6] [0xfffffe000b7b3950] MMIO: R.4   0x1cb0010004 (apcie[0], offset 0x10004) = 0x100007
[cpu6] [0xfffffe000b7b3950] MMIO: R.4   0x1cb0010034 (apcie[0], offset 0x10034) = 0x40
[cpu6] [0xfffffe000b7b3950] MMIO: R.4   0x1cb0010040 (apcie[0], offset 0x10040) = 0xc9c35001
[cpu6] [0xfffffe000b7b3950] MMIO: R.4   0x1cb0010050 (apcie[0], offset 0x10050) = 0x807005
[cpu6] [0xfffffe000b7b38c0] MMIO: R.2   0x1cb0010052 (apcie[0], offset 0x10052) = 0x80
[cpu6] [0xfffffe000b7b3950] MMIO: R.4   0x1cb0010004 (apcie[0], offset 0x10004) = 0x100007
[cpu6] [0xfffffe000b7b3950] MMIO: R.4   0x1cb0010004 (apcie[0], offset 0x10004) = 0x100007
[cpu6] [0xfffffe000b7b3950] MMIO: R.4   0x1cb0010034 (apcie[0], offset 0x10034) = 0x40
[cpu6] [0xfffffe000b7b3950] MMIO: R.4   0x1cb0010040 (apcie[0], offset 0x10040) = 0xc9c35001
[cpu6] [0xfffffe000b7b3950] MMIO: R.4   0x1cb0010050 (apcie[0], offset 0x10050) = 0x807005
[cpu6] [0xfffffe000b7b3950] MMIO: R.4   0x1cb0010070 (apcie[0], offset 0x10070) = 0x420010
[cpu6] [0xfffffe000b7b3950] MMIO: R.4   0x1cb0010100 (apcie[0], offset 0x10100) = 0x14820001
[cpu6] [0xfffffe000b7b3950] MMIO: R.4   0x1cb0010148 (apcie[0], offset 0x10148) = 0x15810019
[cpu6] [0xfffffe000b7b3950] MMIO: R.4   0x1cb0010158 (apcie[0], offset 0x10158) = 0x17c10026
[cpu6] [0xfffffe000b7b3950] MMIO: R.4   0x1cb001017c (apcie[0], offset 0x1017c) = 0x19410027
[cpu6] [0xfffffe000b7b3950] MMIO: R.4   0x1cb0010194 (apcie[0], offset 0x10194) = 0x1a41001e
[cpu6] [0xfffffe000b7b3950] MMIO: R.4   0x1cb00101a4 (apcie[0], offset 0x101a4) = 0x2a41000b
[cpu6] [0xfffffe000b7b3950] MMIO: R.4   0x1cb00102a4 (apcie[0], offset 0x102a4) = 0x2b010025
[cpu6] [0xfffffe000b7b3950] MMIO: R.4   0x1cb00102b0 (apcie[0], offset 0x102b0) = 0x2bc1001f
[cpu6] [0xfffffe000b7b3950] MMIO: R.4   0x1cb00102bc (apcie[0], offset 0x102bc) = 0x1000b
[cpu6] [0xfffffe000b7b3950] MMIO: R.4   0x1cb0010004 (apcie[0], offset 0x10004) = 0x100007
[cpu6] [0xfffffe000b7b3950] MMIO: R.4   0x1cb0010004 (apcie[0], offset 0x10004) = 0x100007
[cpu6] [0xfffffe000b7b3950] MMIO: R.4   0x1cb0010034 (apcie[0], offset 0x10034) = 0x40
[cpu6] [0xfffffe000b7b3950] MMIO: R.4   0x1cb0010040 (apcie[0], offset 0x10040) = 0xc9c35001
[cpu6] [0xfffffe000b7b3950] MMIO: R.4   0x1cb0010050 (apcie[0], offset 0x10050) = 0x807005
[cpu6] [0xfffffe000b7b3950] MMIO: R.4   0x1cb0010070 (apcie[0], offset 0x10070) = 0x420010
[cpu6] [0xfffffe000b7b3950] MMIO: R.4   0x1cb0010100 (apcie[0], offset 0x10100) = 0x14820001
[cpu6] [0xfffffe000b7b3950] MMIO: R.4   0x1cb0010148 (apcie[0], offset 0x10148) = 0x15810019
[cpu6] [0xfffffe000b7b3950] MMIO: R.4   0x1cb0010158 (apcie[0], offset 0x10158) = 0x17c10026
[cpu6] [0xfffffe000b7b3950] MMIO: R.4   0x1cb001017c (apcie[0], offset 0x1017c) = 0x19410027
[cpu6] [0xfffffe000b7b3950] MMIO: R.4   0x1cb0010194 (apcie[0], offset 0x10194) = 0x1a41001e
[cpu6] [0xfffffe000b7b3950] MMIO: R.4   0x1cb00101a4 (apcie[0], offset 0x101a4) = 0x2a41000b
[cpu6] [0xfffffe000b7b3950] MMIO: R.4   0x1cb00102a4 (apcie[0], offset 0x102a4) = 0x2b010025
[cpu6] [0xfffffe000b7b3950] MMIO: R.4   0x1cb00102b0 (apcie[0], offset 0x102b0) = 0x2bc1001f
[cpu6] [0xfffffe000b7b3950] MMIO: R.4   0x1cb00102bc (apcie[0], offset 0x102bc) = 0x1000b
[cpu6] [0xfffffe000b7b3950] MMIO: R.4   0x1cb0010004 (apcie[0], offset 0x10004) = 0x100007
[cpu6] [0xfffffe000b7b3950] MMIO: R.4   0x1cb0010034 (apcie[0], offset 0x10034) = 0x40
[cpu6] [0xfffffe000b7b3950] MMIO: R.4   0x1cb0010040 (apcie[0], offset 0x10040) = 0xc9c35001
[cpu6] [0xfffffe000b7b3950] MMIO: R.4   0x1cb0010050 (apcie[0], offset 0x10050) = 0x807005
[cpu6] [0xfffffe000b7b3950] MMIO: R.4   0x1cb0010070 (apcie[0], offset 0x10070) = 0x420010
[cpu6] [0xfffffe000b7b38c0] MMIO: R.2   0x1cb0010072 (apcie[0], offset 0x10072) = 0x42
[cpu6] [0xfffffe000b7b3950] MMIO: R.4   0x1cb0010004 (apcie[0], offset 0x10004) = 0x100007
[cpu6] [0xfffffe000b7b3950] MMIO: R.4   0x1cb0010004 (apcie[0], offset 0x10004) = 0x100007
[cpu6] [0xfffffe000b7b3950] MMIO: R.4   0x1cb0010034 (apcie[0], offset 0x10034) = 0x40
[cpu6] [0xfffffe000b7b3950] MMIO: R.4   0x1cb0010040 (apcie[0], offset 0x10040) = 0xc9c35001
[cpu6] [0xfffffe000b7b3950] MMIO: R.4   0x1cb0010050 (apcie[0], offset 0x10050) = 0x807005
[cpu6] [0xfffffe000b7b3950] MMIO: R.4   0x1cb0010070 (apcie[0], offset 0x10070) = 0x420010
[cpu6] [0xfffffe000b7b3950] MMIO: R.4   0x1cb0010100 (apcie[0], offset 0x10100) = 0x14820001
[cpu6] [0xfffffe000b7b3950] MMIO: R.4   0x1cb0010148 (apcie[0], offset 0x10148) = 0x15810019
[cpu6] [0xfffffe000b7b3950] MMIO: R.4   0x1cb0010158 (apcie[0], offset 0x10158) = 0x17c10026
[cpu6] [0xfffffe000b7b3950] MMIO: R.4   0x1cb001017c (apcie[0], offset 0x1017c) = 0x19410027
[cpu6] [0xfffffe000b7b3950] MMIO: R.4   0x1cb0010194 (apcie[0], offset 0x10194) = 0x1a41001e
[cpu6] [0xfffffe000b7b3950] MMIO: R.4   0x1cb0010198 (apcie[0], offset 0x10198) = 0x1f
[cpu6] [0xfffffe000b7b3950] MMIO: R.4   0x1cb0010074 (apcie[0], offset 0x10074) = 0x8001
[cpu6] [0xfffffe000b7b3950] MMIO: R.4   0x1cb001007c (apcie[0], offset 0x1007c) = 0x737814
[cpu6] [0xfffffe000b7b3950] MMIO: R.4   0x1cb0010000 (apcie[0], offset 0x10000) = 0x100c106b
[cpu6] [0xfffffe000b7b38c0] MMIO: R.2   0x1cb001003e (apcie[0], offset 0x1003e) = 0x0
[cpu6] [0xfffffe000b7b3ce4] MMIO: W.2   0x1cb001003e (apcie[0], offset 0x1003e) = 0x2
[cpu6] [0xfffffe000b7b3950] MMIO: R.4   0x1cb0010004 (apcie[0], offset 0x10004) = 0x100007
[cpu6] [0xfffffe000b7b3950] MMIO: R.4   0x1cb0010004 (apcie[0], offset 0x10004) = 0x100007
[cpu6] [0xfffffe000b7b3950] MMIO: R.4   0x1cb0010034 (apcie[0], offset 0x10034) = 0x40
[cpu6] [0xfffffe000b7b3950] MMIO: R.4   0x1cb0010040 (apcie[0], offset 0x10040) = 0xc9c35001
[cpu6] [0xfffffe000b7b3950] MMIO: R.4   0x1cb0010050 (apcie[0], offset 0x10050) = 0x807005
[cpu6] [0xfffffe000b7b3950] MMIO: R.4   0x1cb0010070 (apcie[0], offset 0x10070) = 0x420010
[cpu6] [0xfffffe000b7b3950] MMIO: R.4   0x1cb0010100 (apcie[0], offset 0x10100) = 0x14820001
[cpu6] [0xfffffe000b7b3d7c] MMIO: W.4   0x1cb0010104 (apcie[0], offset 0x10104) = 0x1
[cpu6] [0xfffffe000b7b3d7c] MMIO: W.4   0x1cb0010108 (apcie[0], offset 0x10108) = 0x1
[cpu6] [0xfffffe000b7b3d7c] MMIO: W.4   0x1cb0010110 (apcie[0], offset 0x10110) = 0x0
[cpu6] [0xfffffe000b7b3d7c] MMIO: W.4   0x1cb0010114 (apcie[0], offset 0x10114) = 0x0
[cpu6] [0xfffffe000b7b3950] MMIO: R.4   0x1cb0010078 (apcie[0], offset 0x10078) = 0x100810
[cpu6] [0xfffffe000b7b3d7c] MMIO: W.4   0x1cb0010078 (apcie[0], offset 0x10078) = 0x10081f
[cpu6] [0xfffffe000b7b3950] MMIO: R.4   0x1cb0010118 (apcie[0], offset 0x10118) = 0x0
[cpu6] [0xfffffe000b7b3950] MMIO: R.4   0x1cb0010004 (apcie[0], offset 0x10004) = 0x100007
[cpu6] [0xfffffe000b7b3950] MMIO: R.4   0x1cb0010034 (apcie[0], offset 0x10034) = 0x40
[cpu6] [0xfffffe000b7b3950] MMIO: R.4   0x1cb0010040 (apcie[0], offset 0x10040) = 0xc9c35001
[cpu6] [0xfffffe000b7b3950] MMIO: R.4   0x1cb0010050 (apcie[0], offset 0x10050) = 0x807005
[cpu6] [0xfffffe000b7b3950] MMIO: R.4   0x1cb0010070 (apcie[0], offset 0x10070) = 0x420010
[cpu6] [0xfffffe000b7b3950] MMIO: R.4   0x1cb0010004 (apcie[0], offset 0x10004) = 0x100007
[cpu6] [0xfffffe000b7b3950] MMIO: R.4   0x1cb0010004 (apcie[0], offset 0x10004) = 0x100007
[cpu6] [0xfffffe000b7b3950] MMIO: R.4   0x1cb0010034 (apcie[0], offset 0x10034) = 0x40
[cpu6] [0xfffffe000b7b3950] MMIO: R.4   0x1cb0010040 (apcie[0], offset 0x10040) = 0xc9c35001
[cpu6] [0xfffffe000b7b3950] MMIO: R.4   0x1cb0010050 (apcie[0], offset 0x10050) = 0x807005
[cpu6] [0xfffffe000b7b3950] MMIO: R.4   0x1cb0010070 (apcie[0], offset 0x10070) = 0x420010
[cpu6] [0xfffffe000b7b3950] MMIO: R.4   0x1cb0010100 (apcie[0], offset 0x10100) = 0x14820001
[cpu6] [0xfffffe000b7b3950] MMIO: R.4   0x1cb0010148 (apcie[0], offset 0x10148) = 0x15810019
[cpu6] [0xfffffe000b7b3950] MMIO: R.4   0x1cb0010158 (apcie[0], offset 0x10158) = 0x17c10026
[cpu6] [0xfffffe000b7b3950] MMIO: R.4   0x1cb001017c (apcie[0], offset 0x1017c) = 0x19410027
[cpu6] [0xfffffe000b7b3950] MMIO: R.4   0x1cb0010194 (apcie[0], offset 0x10194) = 0x1a41001e
[cpu6] [0xfffffe000b7b3950] MMIO: R.4   0x1cb00101a4 (apcie[0], offset 0x101a4) = 0x2a41000b
[cpu6] [0xfffffe000b7b3950] MMIO: R.4   0x1cb00102a4 (apcie[0], offset 0x102a4) = 0x2b010025
[cpu6] [0xfffffe000b7b3950] MMIO: R.4   0x1cb00102b0 (apcie[0], offset 0x102b0) = 0x2bc1001f
[cpu6] [0xfffffe000b7b3950] MMIO: R.4   0x1cb00102b4 (apcie[0], offset 0x102b4) = 0x100e
[cpu6] [0xfffffe000b7b3950] MMIO: R.4   0x1cb0010004 (apcie[0], offset 0x10004) = 0x100007
[cpu6] [0xfffffe000b7b3950] MMIO: R.4   0x1cb0010004 (apcie[0], offset 0x10004) = 0x100007
[cpu6] [0xfffffe000b7b3950] MMIO: R.4   0x1cb0010034 (apcie[0], offset 0x10034) = 0x40
[cpu6] [0xfffffe000b7b3950] MMIO: R.4   0x1cb0010040 (apcie[0], offset 0x10040) = 0xc9c35001
[cpu6] [0xfffffe000b7b3950] MMIO: R.4   0x1cb0010050 (apcie[0], offset 0x10050) = 0x807005
[cpu6] [0xfffffe000b7b3950] MMIO: R.4   0x1cb0010070 (apcie[0], offset 0x10070) = 0x420010
[cpu6] [0xfffffe000b7b3950] MMIO: R.4   0x1cb0010100 (apcie[0], offset 0x10100) = 0x14820001
[cpu6] [0xfffffe000b7b3950] MMIO: R.4   0x1cb0010148 (apcie[0], offset 0x10148) = 0x15810019
[cpu6] [0xfffffe000b7b3950] MMIO: R.4   0x1cb0010158 (apcie[0], offset 0x10158) = 0x17c10026
[cpu6] [0xfffffe000b7b3950] MMIO: R.4   0x1cb001017c (apcie[0], offset 0x1017c) = 0x19410027
[cpu6] [0xfffffe000b7b3950] MMIO: R.4   0x1cb0010194 (apcie[0], offset 0x10194) = 0x1a41001e
[cpu6] [0xfffffe000b7b3950] MMIO: R.4   0x1cb00101a4 (apcie[0], offset 0x101a4) = 0x2a41000b
[cpu6] [0xfffffe000b7b3950] MMIO: R.4   0x1cb00102a4 (apcie[0], offset 0x102a4) = 0x2b010025
[cpu6] [0xfffffe000b7b3950] MMIO: R.4   0x1cb00102b0 (apcie[0], offset 0x102b0) = 0x2bc1001f
[cpu6] [0xfffffe000b7b3950] MMIO: R.4   0x1cb00102bc (apcie[0], offset 0x102bc) = 0x1000b
[cpu4] [0xfffffe000b7b3950] MMIO: R.4   0x1cb0000000 (apcie[0], offset 0x00) = 0x100c106b
[cpu4] [0xfffffe000b7b3950] MMIO: R.4   0x1cb0000004 (apcie[0], offset 0x04) = 0x100007
[cpu4] [0xfffffe000b7b3950] MMIO: R.4   0x1cb0000008 (apcie[0], offset 0x08) = 0x6040001
[cpu4] [0xfffffe000b7b3950] MMIO: R.4   0x1cb000000c (apcie[0], offset 0x0c) = 0x10000
[cpu4] [0xfffffe000b7b3950] MMIO: R.4   0x1cb0000010 (apcie[0], offset 0x10) = 0x0
[cpu4] [0xfffffe000b7b3950] MMIO: R.4   0x1cb0000014 (apcie[0], offset 0x14) = 0x0
[cpu4] [0xfffffe000b7b3950] MMIO: R.4   0x1cb0000018 (apcie[0], offset 0x18) = 0x20200
[cpu4] [0xfffffe000b7b3950] MMIO: R.4   0x1cb000001c (apcie[0], offset 0x1c) = 0xf0
[cpu4] [0xfffffe000b7b3950] MMIO: R.4   0x1cb0000020 (apcie[0], offset 0x20) = 0xfff0
[cpu4] [0xfffffe000b7b3950] MMIO: R.4   0x1cb0000024 (apcie[0], offset 0x24) = 0x1fff1
[cpu4] [0xfffffe000b7b3950] MMIO: R.4   0x1cb0000028 (apcie[0], offset 0x28) = 0xffffffff
[cpu4] [0xfffffe000b7b3950] MMIO: R.4   0x1cb000002c (apcie[0], offset 0x2c) = 0x0
[cpu4] [0xfffffe000b7b3950] MMIO: R.4   0x1cb0000030 (apcie[0], offset 0x30) = 0x0
[cpu4] [0xfffffe000b7b3950] MMIO: R.4   0x1cb0000034 (apcie[0], offset 0x34) = 0x40
[cpu4] [0xfffffe000b7b3950] MMIO: R.4   0x1cb0000038 (apcie[0], offset 0x38) = 0x0
[cpu4] [0xfffffe000b7b3950] MMIO: R.4   0x1cb000003c (apcie[0], offset 0x3c) = 0x201ff
[cpu4] [0xfffffe000b7b38c0] MMIO: R.2   0x1cb0000072 (apcie[0], offset 0x72) = 0x42
[cpu4] [0xfffffe000b7b3950] MMIO: R.4   0x1cb000007c (apcie[0], offset 0x7c) = 0x737814
[cpu4] [0xfffffe000b7b3950] MMIO: R.4   0x1cb000009c (apcie[0], offset 0x9c) = 0x180001e
[cpu4] [0xfffffe000b7b3950] MMIO: R.4   0x1cb0000074 (apcie[0], offset 0x74) = 0x8001
[cpu4] [0xfffffe000b7b3950] MMIO: R.4   0x1cb0000094 (apcie[0], offset 0x94) = 0x10c1f
[cpu4] [0xfffffe000b7b38c0] MMIO: R.2   0x1cb000008e (apcie[0], offset 0x8e) = 0x1
[cpu4] [0xfffffe000b7b38c0] MMIO: R.2   0x1cb0000044 (apcie[0], offset 0x44) = 0x8
[cpu4] [0xfffffe000b7b3950] MMIO: R.4   0x1cb0010000 (apcie[0], offset 0x10000) = 0x100c106b
[cpu4] [0xfffffe000b7b3950] MMIO: R.4   0x1cb0010004 (apcie[0], offset 0x10004) = 0x100007
[cpu4] [0xfffffe000b7b3950] MMIO: R.4   0x1cb0010008 (apcie[0], offset 0x10008) = 0x6040001
[cpu2] [0xfffffe000b7b38c8] MMIO: R.1   0x1cb000003d (apcie[0], offset 0x3d) = 0x1
[cpu2] [0xfffffe000b7b38c8] MMIO: R.1   0x1cb000003c (apcie[0], offset 0x3c) = 0xff
[cpu2] [0xfffffe000b7b38c0] MMIO: R.2   0x1cb0000052 (apcie[0], offset 0x52) = 0x80
[cpu4] [0xfffffe000b7b3950] MMIO: R.4   0x1cb001000c (apcie[0], offset 0x1000c) = 0x10000
[cpu4] [0xfffffe000b7b3950] MMIO: R.4   0x1cb0010010 (apcie[0], offset 0x10010) = 0x0
[cpu4] [0xfffffe000b7b3950] MMIO: R.4   0x1cb0010014 (apcie[0], offset 0x10014) = 0x0
[cpu4] [0xfffffe000b7b3950] MMIO: R.4   0x1cb0010018 (apcie[0], offset 0x10018) = 0x10100
[cpu4] [0xfffffe000b7b3950] MMIO: R.4   0x1cb001001c (apcie[0], offset 0x1001c) = 0xf0
[cpu4] [0xfffffe000b7b3950] MMIO: R.4   0x1cb0010020 (apcie[0], offset 0x10020) = 0xfff0
[cpu4] [0xfffffe000b7b3950] MMIO: R.4   0x1cb0010024 (apcie[0], offset 0x10024) = 0x80018001
[cpu4] [0xfffffe000b7b3950] MMIO: R.4   0x1cb0010028 (apcie[0], offset 0x10028) = 0x0
[cpu4] [0xfffffe000b7b3950] MMIO: R.4   0x1cb001002c (apcie[0], offset 0x1002c) = 0x0
[cpu4] [0xfffffe000b7b3950] MMIO: R.4   0x1cb0010030 (apcie[0], offset 0x10030) = 0x0
[cpu4] [0xfffffe000b7b3950] MMIO: R.4   0x1cb0010034 (apcie[0], offset 0x10034) = 0x40
[cpu4] [0xfffffe000b7b3950] MMIO: R.4   0x1cb0010038 (apcie[0], offset 0x10038) = 0x0
[cpu4] [0xfffffe000b7b3950] MMIO: R.4   0x1cb001003c (apcie[0], offset 0x1003c) = 0x201ff
[cpu4] [0xfffffe000b7b38c0] MMIO: R.2   0x1cb0010072 (apcie[0], offset 0x10072) = 0x42
[cpu4] [0xfffffe000b7b3950] MMIO: R.4   0x1cb001007c (apcie[0], offset 0x1007c) = 0x737814
[cpu4] [0xfffffe000b7b3950] MMIO: R.4   0x1cb001009c (apcie[0], offset 0x1009c) = 0x180001e
[cpu4] [0xfffffe000b7b3950] MMIO: R.4   0x1cb0010074 (apcie[0], offset 0x10074) = 0x8001
[cpu4] [0xfffffe000b7b3950] MMIO: R.4   0x1cb0010094 (apcie[0], offset 0x10094) = 0x10c1f
[cpu4] [0xfffffe000b7b38c0] MMIO: R.2   0x1cb001008e (apcie[0], offset 0x1008e) = 0x1
[cpu4] [0xfffffe000b7b38c0] MMIO: R.2   0x1cb0010044 (apcie[0], offset 0x10044) = 0x8
[cpu2] [0xfffffe000b7b38c8] MMIO: R.1   0x1cb0000019 (apcie[0], offset 0x19) = 0x2
[cpu2] [0xfffffe000b7b38c8] MMIO: R.1   0x1cb000001a (apcie[0], offset 0x1a) = 0x2
[cpu2] [0xfffffe000b7b3950] MMIO: R.4   0x1cb000012c (apcie[0], offset 0x12c) = 0x0
[cpu2] [0xfffffe000b7b3d7c] MMIO: W.4   0x1cb0000130 (apcie[0], offset 0x130) = 0xff
[cpu8] [0xfffffe000b7b3d7c] MMIO: W.4   0x1cb000012c (apcie[0], offset 0x12c) = 0x7
[cpu8] [0xfffffe000b7b3950] MMIO: R.4   0x1cb000007c (apcie[0], offset 0x7c) = 0x737814
[cpu8] [0xfffffe000b7b38c0] MMIO: R.2   0x1cb0000080 (apcie[0], offset 0x80) = 0x400
[cpu8] [0xfffffe000b7b3ce4] MMIO: W.2   0x1cb0000080 (apcie[0], offset 0x80) = 0xc00
[cpu8] [0xfffffe000b7b38c8] MMIO: R.1   0x1cb0000019 (apcie[0], offset 0x19) = 0x2
[cpu8] [0xfffffe000b7b38c8] MMIO: R.1   0x1cb0000019 (apcie[0], offset 0x19) = 0x2
[cpu8] [0xfffffe000b7b38c8] MMIO: R.1   0x1cb000001a (apcie[0], offset 0x1a) = 0x2
[cpu8] [0xfffffe000b7b3d7c] MMIO: W.4   0x490028104 (apcie[7], offset 0x104) = 0xff55270f
[cpu2] [0xfffffe000b7b38c0] MMIO: R.2   0x1cb0000082 (apcie[0], offset 0x82) = 0x1011
[cpu2] [0xfffffe000b7b3950] MMIO: R.4   0x1cb0000130 (apcie[0], offset 0x130) = 0x0
[cpu2] [0xfffffe000b7b3ce4] MMIO: W.2   0x1cb0000130 (apcie[0], offset 0x130) = 0x0
[cpu6] [0xfffffe000b7b38c8] MMIO: R.1   0x1cb001003d (apcie[0], offset 0x1003d) = 0x1
[cpu6] [0xfffffe000b7b38c8] MMIO: R.1   0x1cb001003c (apcie[0], offset 0x1003c) = 0xff
[cpu6] [0xfffffe000b7b38c0] MMIO: R.2   0x1cb0010052 (apcie[0], offset 0x10052) = 0x80
[cpu6] [0xfffffe000b7b38c8] MMIO: R.1   0x1cb0010019 (apcie[0], offset 0x10019) = 0x1
[cpu6] [0xfffffe000b7b38c8] MMIO: R.1   0x1cb001001a (apcie[0], offset 0x1001a) = 0x1
[cpu6] [0xfffffe000b7b3950] MMIO: R.4   0x1cb001012c (apcie[0], offset 0x1012c) = 0x0
[cpu6] [0xfffffe000b7b3d7c] MMIO: W.4   0x1cb0010130 (apcie[0], offset 0x10130) = 0xff
[cpu6] [0xfffffe000b7b3d7c] MMIO: W.4   0x1cb001012c (apcie[0], offset 0x1012c) = 0x7
[cpu6] [0xfffffe000b7b3950] MMIO: R.4   0x1cb001007c (apcie[0], offset 0x1007c) = 0x737814
[cpu6] [0xfffffe000b7b38c0] MMIO: R.2   0x1cb0010080 (apcie[0], offset 0x10080) = 0x400
[cpu6] [0xfffffe000b7b3ce4] MMIO: W.2   0x1cb0010080 (apcie[0], offset 0x10080) = 0xc00
[cpu6] [0xfffffe000b7b38c8] MMIO: R.1   0x1cb0010019 (apcie[0], offset 0x10019) = 0x1
[cpu6] [0xfffffe000b7b38c8] MMIO: R.1   0x1cb0010019 (apcie[0], offset 0x10019) = 0x1
[cpu6] [0xfffffe000b7b38c8] MMIO: R.1   0x1cb001001a (apcie[0], offset 0x1001a) = 0x1
[cpu8] [0xfffffe000b7b38c0] MMIO: R.2   0x1cb0010080 (apcie[0], offset 0x10080) = 0xc00
[cpu8] [0xfffffe000b7b3ce4] MMIO: W.2   0x1cb0010080 (apcie[0], offset 0x10080) = 0xc00
[cpu8] [0xfffffe000b7b3d7c] MMIO: W.4   0x1cb001019c (apcie[0], offset 0x1019c) = 0x0
[cpu8] [0xfffffe000b7b3d7c] MMIO: W.4   0x1cb00101a0 (apcie[0], offset 0x101a0) = 0x0
[cpu8] [0xfffffe000b7b38c0] MMIO: R.2   0x1cb0010080 (apcie[0], offset 0x10080) = 0xc00
[cpu8] [0xfffffe000b7b3ce4] MMIO: W.2   0x1cb0010080 (apcie[0], offset 0x10080) = 0xc02
[cpu8] [0xfffffe000b7b3d7c] MMIO: W.4   0x492028104 (apcie[23], offset 0x104) = 0xff55270f
[cpu4] [0xfffffe000b7b38c0] MMIO: R.2   0x1cb0010082 (apcie[0], offset 0x10082) = 0x3011
[cpu4] [0xfffffe000b7b3950] MMIO: R.4   0x1cb0010130 (apcie[0], offset 0x10130) = 0x0
[cpu4] [0xfffffe000b7b3ce4] MMIO: W.2   0x1cb0010130 (apcie[0], offset 0x10130) = 0x0
[cpu6] [0xfffffe000b7b3d7c] MMIO: W.4   0x49202b004 (apcie[23], offset 0x3004) = 0x80010100
[cpu7] [0xfffffe000b7b3950] MMIO: R.4   0x490028800 (apcie[7], offset 0x800) = 0x100001
[cpu7] [0xfffffe000b7b3950] MMIO: R.4   0x497020000 (apcie[2], offset 0x20000) = 0x23000070
[cpu7] [0xfffffe000b7b3d7c] MMIO: W.4   0x497020000 (apcie[2], offset 0x20000) = 0x23000071
[cpu7] [0xfffffe000b7b3950] MMIO: R.4   0x497020000 (apcie[2], offset 0x20000) = 0x23000075
[cpu7] [0xfffffe000b7b3950] MMIO: R.4   0x497020000 (apcie[2], offset 0x20000) = 0x23000075
[cpu7] [0xfffffe000b7b3d7c] MMIO: W.4   0x497020000 (apcie[2], offset 0x20000) = 0x23000077
[cpu7] [0xfffffe000b7b3950] MMIO: R.4   0x497020000 (apcie[2], offset 0x20000) = 0x2300007f
[cpu7] [0xfffffe000b7b3950] MMIO: R.4   0x497020000 (apcie[2], offset 0x20000) = 0x2300007f
[cpu7] [0xfffffe000b7b3d7c] MMIO: W.4   0x497020000 (apcie[2], offset 0x20000) = 0x2300006f
[cpu7] [0xfffffe000b7b3950] MMIO: R.4   0x497020000 (apcie[2], offset 0x20000) = 0x2300006f
[cpu7] [0xfffffe000b7b3d7c] MMIO: W.4   0x497020000 (apcie[2], offset 0x20000) = 0x2300026f
[cpu7] [0xfffffe000b7b3950] MMIO: R.4   0x497020000 (apcie[2], offset 0x20000) = 0x2300026f
[cpu7] [0xfffffe000b7b3d7c] MMIO: W.4   0x497020000 (apcie[2], offset 0x20000) = 0x2300066f
[cpu9] [0xfffffe000b7b3950] MMIO: R.4   0x490028080 (apcie[7], offset 0x80) = 0x0
[cpu9] [0xfffffe000b7b3d7c] MMIO: W.4   0x490028080 (apcie[7], offset 0x80) = 0x1
[cpu6] [0xfffffe000b7b3950] MMIO: R.4   0x490028100 (apcie[7], offset 0x100) = 0x20001400
[cpu9] [0xfffffe000b7b3950] MMIO: R.4   0x490028100 (apcie[7], offset 0x100) = 0x20001400
[cpu9] [0xfffffe000b7b38c0] MMIO: R.2   0x1cb0000082 (apcie[0], offset 0x82) = 0xb012
[cpu9] [0xfffffe000b7b38c0] MMIO: R.2   0x1cb0000082 (apcie[0], offset 0x82) = 0xb012
[cpu9] [0xfffffe000b7b3950] MMIO: R.4   0x497020000 (apcie[2], offset 0x20000) = 0x2300066f
[cpu9] [0xfffffe000b7b3d7c] MMIO: W.4   0x497020000 (apcie[2], offset 0x20000) = 0xa300066f
[cpu9] [0xfffffe000b7b3950] MMIO: R.4   0x1cb00002b8 (apcie[0], offset 0x2b8) = 0x0
[cpu9] [0xfffffe000b7b3d7c] MMIO: W.4   0x1cb00002b8 (apcie[0], offset 0x2b8) = 0x0
[cpu9] [0xfffffe000b7b3d7c] MMIO: W.4   0x4900282ac (apcie[7], offset 0x2ac) = 0x0
[cpu9] [0xfffffe000b7b3d7c] MMIO: W.4   0x4900282ac (apcie[7], offset 0x2ac) = 0x1
[cpu9] [0xfffffe000b7b3950] MMIO: R.4   0x1cb0000304 (apcie[0], offset 0x304) = 0x0
[cpu9] [0xfffffe000b7b3d7c] MMIO: W.4   0x1cb0000304 (apcie[0], offset 0x304) = 0x0
[cpu9] [0xfffffe000b7b3950] MMIO: R.4   0x1cb00002f4 (apcie[0], offset 0x2f4) = 0xa
[cpu9] [0xfffffe000b7b3d7c] MMIO: W.4   0x1cb00002f4 (apcie[0], offset 0x2f4) = 0xcb
[cpu9] [0xfffffe000b7b3950] MMIO: R.4   0x1cb00002f8 (apcie[0], offset 0x2f8) = 0x12
[cpu9] [0xfffffe000b7b3d7c] MMIO: W.4   0x1cb00002f8 (apcie[0], offset 0x2f8) = 0x1e2
[cpu9] [0xfffffe000b7b3950] MMIO: R.4   0x1cb0000304 (apcie[0], offset 0x304) = 0x0
[cpu9] [0xfffffe000b7b3d7c] MMIO: W.4   0x1cb0000304 (apcie[0], offset 0x304) = 0x1
[cpu9] [0xfffffe000b7b3950] MMIO: R.4   0x1cb00002f4 (apcie[0], offset 0x2f4) = 0xa
[cpu9] [0xfffffe000b7b3d7c] MMIO: W.4   0x1cb00002f4 (apcie[0], offset 0x2f4) = 0x66
[cpu9] [0xfffffe000b7b3950] MMIO: R.4   0x1cb00002f8 (apcie[0], offset 0x2f8) = 0x12
[cpu9] [0xfffffe000b7b3d7c] MMIO: W.4   0x1cb00002f8 (apcie[0], offset 0x2f8) = 0xf0
[cpu9] [0xfffffe000b7b3950] MMIO: R.4   0x1cb0000304 (apcie[0], offset 0x304) = 0x1
[cpu9] [0xfffffe000b7b3d7c] MMIO: W.4   0x1cb0000304 (apcie[0], offset 0x304) = 0x2
[cpu9] [0xfffffe000b7b3950] MMIO: R.4   0x1cb00002f4 (apcie[0], offset 0x2f4) = 0xa
[cpu9] [0xfffffe000b7b3d7c] MMIO: W.4   0x1cb00002f4 (apcie[0], offset 0x2f4) = 0x46
[cpu9] [0xfffffe000b7b3950] MMIO: R.4   0x1cb00002f8 (apcie[0], offset 0x2f8) = 0x12
[cpu9] [0xfffffe000b7b3d7c] MMIO: W.4   0x1cb00002f8 (apcie[0], offset 0x2f8) = 0xc9
[cpu9] [0xfffffe000b7b3950] MMIO: R.4   0x1cb0000304 (apcie[0], offset 0x304) = 0x2
[cpu9] [0xfffffe000b7b3d7c] MMIO: W.4   0x1cb0000304 (apcie[0], offset 0x304) = 0x3
[cpu9] [0xfffffe000b7b3950] MMIO: R.4   0x1cb00002f4 (apcie[0], offset 0x2f4) = 0xa
[cpu9] [0xfffffe000b7b3d7c] MMIO: W.4   0x1cb00002f4 (apcie[0], offset 0x2f4) = 0x24
[cpu9] [0xfffffe000b7b3950] MMIO: R.4   0x1cb00002f8 (apcie[0], offset 0x2f8) = 0x12
[cpu9] [0xfffffe000b7b3d7c] MMIO: W.4   0x1cb00002f8 (apcie[0], offset 0x2f8) = 0x65
[cpu9] [0xfffffe000b7b3950] MMIO: R.4   0x1cb00002b8 (apcie[0], offset 0x2b8) = 0x0
[cpu9] [0xfffffe000b7b3d7c] MMIO: W.4   0x1cb00002b8 (apcie[0], offset 0x2b8) = 0x1
[cpu7] [0xfffffe000b7b38c0] MMIO: R.2   0x1cb0000098 (apcie[0], offset 0x98) = 0x0
[cpu7] [0xfffffe000b7b3ce4] MMIO: W.2   0x1cb0000098 (apcie[0], offset 0x98) = 0x400
[cpu7] [0xfffffe000b7b38c0] MMIO: R.2   0x1cb0000082 (apcie[0], offset 0x82) = 0xb012
[cpu7] [0xfffffe000b7b38c0] MMIO: R.2   0x1cb0000078 (apcie[0], offset 0x78) = 0x81f
[cpu7] [0xfffffe000b7b3ce4] MMIO: W.2   0x1cb0000078 (apcie[0], offset 0x78) = 0x817
[cpu7] [0xfffffe000b7b38c0] MMIO: R.2   0x1cb0000114 (apcie[0], offset 0x114) = 0x0
[cpu7] [0xfffffe000b7b3ce4] MMIO: W.2   0x1cb0000114 (apcie[0], offset 0x114) = 0x8000
[cpu5] [0xfffffe000b7b3d7c] MMIO: W.4   0x1cb0000104 (apcie[0], offset 0x104) = 0x100000
[cpu7] [0xfffffe000b7b3ce4] MMIO: W.2   0x1cb0000110 (apcie[0], offset 0x110) = 0xa000
[cpu7] [0xfffffe000b7b3ce4] MMIO: W.2   0x1cb0000114 (apcie[0], offset 0x114) = 0x0
[cpu7] [0xfffffe000b7b3ce4] MMIO: W.2   0x1cb000007a (apcie[0], offset 0x7a) = 0x9
[cpu7] [0xfffffe000b7b38c0] MMIO: R.2   0x1cb0000078 (apcie[0], offset 0x78) = 0x817
[cpu7] [0xfffffe000b7b3ce4] MMIO: W.2   0x1cb0000078 (apcie[0], offset 0x78) = 0x81f
[cpu7] [0xfffffe000b7b38c0] MMIO: R.2   0x1cb0000004 (apcie[0], offset 0x04) = 0x7
[cpu7] [0xfffffe000b7b3ce4] MMIO: W.2   0x1cb000001c (apcie[0], offset 0x1c) = 0xf0
[cpu7] [0xfffffe000b7b3d7c] MMIO: W.4   0x1cb0000030 (apcie[0], offset 0x30) = 0x0
[cpu7] [0xfffffe000b7b3d7c] MMIO: W.4   0x1cb0000020 (apcie[0], offset 0x20) = 0xfff0
[cpu7] [0xfffffe000b7b3d7c] MMIO: W.4   0x1cb0000028 (apcie[0], offset 0x28) = 0xffffffff
[cpu7] [0xfffffe000b7b3d7c] MMIO: W.4   0x1cb000002c (apcie[0], offset 0x2c) = 0x0
[cpu7] [0xfffffe000b7b3d7c] MMIO: W.4   0x1cb0000024 (apcie[0], offset 0x24) = 0xfff0
[cpu7] [0xfffffe000b7b3d7c] MMIO: W.4   0x1cb0000024 (apcie[0], offset 0x24) = 0xfff0
[cpu7] [0xfffffe000b7b3d7c] MMIO: W.4   0x1cb000002c (apcie[0], offset 0x2c) = 0x0
[cpu7] [0xfffffe000b7b3d7c] MMIO: W.4   0x1cb0000028 (apcie[0], offset 0x28) = 0xffffffff
[cpu7] [0xfffffe000b7b38c0] MMIO: R.2   0x1cb000003e (apcie[0], offset 0x3e) = 0x2
[cpu7] [0xfffffe000b7b3ce4] MMIO: W.2   0x1cb0000004 (apcie[0], offset 0x04) = 0x7
[cpu7] [0xfffffe000b7b38c8] MMIO: R.1   0x1cb000000d (apcie[0], offset 0x0d) = 0x0
[cpu7] [0xfffffe000b7b3cec] MMIO: W.1   0x1cb000000d (apcie[0], offset 0x0d) = 0x40
[cpu7] [0xfffffe000b7b38c8] MMIO: R.1   0x1cb000000d (apcie[0], offset 0x0d) = 0x0
[cpu7] [0xfffffe000b7b38c8] MMIO: R.1   0x1cb000001b (apcie[0], offset 0x1b) = 0x0
[cpu7] [0xfffffe000b7b3cec] MMIO: W.1   0x1cb000001b (apcie[0], offset 0x1b) = 0x40
[cpu7] [0xfffffe000b7b38c8] MMIO: R.1   0x1cb000001b (apcie[0], offset 0x1b) = 0x0
[cpu7] [0xfffffe000b7b38c0] MMIO: R.2   0x1cb0000004 (apcie[0], offset 0x04) = 0x7
[cpu7] [0xfffffe000b7b3d7c] MMIO: W.4   0x1cb0000020 (apcie[0], offset 0x20) = 0x83008100
[cpu7] [0xfffffe000b7b3d7c] MMIO: W.4   0x1cb0000024 (apcie[0], offset 0x24) = 0xfff0
[cpu7] [0xfffffe000b7b3d7c] MMIO: W.4   0x1cb000002c (apcie[0], offset 0x2c) = 0x0
[cpu7] [0xfffffe000b7b3d7c] MMIO: W.4   0x1cb0000028 (apcie[0], offset 0x28) = 0xffffffff
[cpu7] [0xfffffe000b7b38c0] MMIO: R.2   0x1cb000003e (apcie[0], offset 0x3e) = 0x2
[cpu7] [0xfffffe000b7b3ce4] MMIO: W.2   0x1cb0000004 (apcie[0], offset 0x04) = 0x7
[cpu7] [0xfffffe000b7b38c8] MMIO: R.1   0x1cb000000d (apcie[0], offset 0x0d) = 0x0
[cpu7] [0xfffffe000b7b3cec] MMIO: W.1   0x1cb000000d (apcie[0], offset 0x0d) = 0x40
[cpu7] [0xfffffe000b7b38c8] MMIO: R.1   0x1cb000000d (apcie[0], offset 0x0d) = 0x0
[cpu7] [0xfffffe000b7b38c8] MMIO: R.1   0x1cb000001b (apcie[0], offset 0x1b) = 0x0
[cpu7] [0xfffffe000b7b3cec] MMIO: W.1   0x1cb000001b (apcie[0], offset 0x1b) = 0x40
[cpu7] [0xfffffe000b7b38c8] MMIO: R.1   0x1cb000001b (apcie[0], offset 0x1b) = 0x0
[cpu9] [0xfffffe000b7b38c0] MMIO: R.2   0x1cb0000078 (apcie[0], offset 0x78) = 0x81f
[cpu9] [0xfffffe000b7b3950] MMIO: R.4   0x1cb0000000 (apcie[0], offset 0x00) = 0x100c106b
[cpu9] [0xfffffe000b7b3950] MMIO: R.4   0x1cb0000008 (apcie[0], offset 0x08) = 0x6040001
[cpu9] [0xfffffe000b7b3950] MMIO: R.4   0x1cb000002c (apcie[0], offset 0x2c) = 0x0
[cpu7] [0xfffffe000b7b38c8] MMIO: R.1   0x1cb0000019 (apcie[0], offset 0x19) = 0x2
[cpu7] [0xfffffe000b7b38c8] MMIO: R.1   0x1cb0000019 (apcie[0], offset 0x19) = 0x2
[cpu7] [0xfffffe000b7b38c8] MMIO: R.1   0x1cb000001a (apcie[0], offset 0x1a) = 0x2
[cpu5] [0xfffffe000b7b3950] MMIO: R.4   0x1cb0000094 (apcie[0], offset 0x94) = 0x10c1f
[cpu9] [0xfffffe000b7b3950] MMIO: R.4   0x1cb0000098 (apcie[0], offset 0x98) = 0x400
[cpu9] [0xfffffe000b7b3d7c] MMIO: W.4   0x1cb0000098 (apcie[0], offset 0x98) = 0x400
[cpu1] [0xfffffe000b7b38c0] MMIO: R.2   0x1cb0000080 (apcie[0], offset 0x80) = 0xc00
[cpu9] [0xfffffe000b7b3ce4] MMIO: W.2   0x1cb0000080 (apcie[0], offset 0x80) = 0xc00
[cpu0] [0xfffffe000b7b3d7c] MMIO: W.4   0x1cb00001a0 (apcie[0], offset 0x1a0) = 0x0
[cpu0] [0xfffffe000b7b3d7c] MMIO: W.4   0x1cb000019c (apcie[0], offset 0x19c) = 0x4055190f
[cpu2] [0xfffffe000b7b38c0] MMIO: R.2   0x1cb0000080 (apcie[0], offset 0x80) = 0xc00
[cpu9] [0xfffffe000b7b3ce4] MMIO: W.2   0x1cb0000080 (apcie[0], offset 0x80) = 0xc02
[cpu6] [0xfffffe000b7b38c0] MMIO: R.2   0x1cb0000080 (apcie[0], offset 0x80) = 0xc02
[cpu6] [0xfffffe000b7b3ce4] MMIO: W.2   0x1cb0000080 (apcie[0], offset 0x80) = 0xc02
[cpu9] [0xfffffe000b7b3d7c] MMIO: W.4   0x49002b004 (apcie[7], offset 0x3004) = 0x80010200
[cpu7] [0xfffffe000b7b3d7c] MMIO: W.4   0x490028100 (apcie[7], offset 0x100) = 0x1000
[cpu7] [0xfffffe000b7b3d7c] MMIO: W.4   0x49002b008 (apcie[7], offset 0x3008) = 0x80020201
[cpu7] [0xfffffe000b7b38c0] MMIO: R.2   0x1cb0000000 (apcie[0], offset 0x00) = 0x106b
[cpu7] [0xfffffe000b7b38c0] MMIO: R.2   0x1cb0000000 (apcie[0], offset 0x00) = 0x106b
[cpu6] [0xfffffe000b7b3950] MMIO: R.4   0x1cb0010004 (apcie[0], offset 0x10004) = 0x100007
[cpu7] [0xfffffe000b7b3950] MMIO: R.4   0x1cb0010034 (apcie[0], offset 0x10034) = 0x40
[cpu7] [0xfffffe000b7b3950] MMIO: R.4   0x1cb0010040 (apcie[0], offset 0x10040) = 0xc9c35001
[cpu7] [0xfffffe000b7b3950] MMIO: R.4   0x1cb0010050 (apcie[0], offset 0x10050) = 0x807005
[cpu7] [0xfffffe000b7b3950] MMIO: R.4   0x1cb0010070 (apcie[0], offset 0x10070) = 0x420010
[cpu7] [0xfffffe000b7b38c0] MMIO: R.2   0x1cb0010080 (apcie[0], offset 0x10080) = 0xc02
[cpu8] [0xfffffe000b7b3950] MMIO: R.4   0x1cb0010004 (apcie[0], offset 0x10004) = 0x100007
[cpu8] [0xfffffe000b7b3950] MMIO: R.4   0x1cb0010034 (apcie[0], offset 0x10034) = 0x40
[cpu2] [0xfffffe000b7b3950] MMIO: R.4   0x1cb0010040 (apcie[0], offset 0x10040) = 0xc9c35001
[cpu2] [0xfffffe000b7b3950] MMIO: R.4   0x1cb0010050 (apcie[0], offset 0x10050) = 0x807005
[cpu2] [0xfffffe000b7b3950] MMIO: R.4   0x1cb0010070 (apcie[0], offset 0x10070) = 0x420010
[cpu2] [0xfffffe000b7b38c0] MMIO: R.2   0x1cb0010080 (apcie[0], offset 0x10080) = 0xc02
[cpu1] [0xfffffe000b7b38c0] MMIO: R.2   0x1cb0000000 (apcie[0], offset 0x00) = 0x106b
[cpu7] [0xfffffe000b7b3950] MMIO: R.4   0x1cb0000094 (apcie[0], offset 0x94) = 0x10c1f
[cpu7] [0xfffffe000b7b3950] MMIO: R.4   0x1cb0000098 (apcie[0], offset 0x98) = 0x400
[cpu7] [0xfffffe000b7b3d7c] MMIO: W.4   0x1cb0000098 (apcie[0], offset 0x98) = 0x400
[cpu1] [0xfffffe000b7b3950] MMIO: R.4   0x1cb0010004 (apcie[0], offset 0x10004) = 0x100007
[cpu1] [0xfffffe000b7b3950] MMIO: R.4   0x1cb0010034 (apcie[0], offset 0x10034) = 0x40
[cpu1] [0xfffffe000b7b3950] MMIO: R.4   0x1cb0010040 (apcie[0], offset 0x10040) = 0xc9c35001
[cpu1] [0xfffffe000b7b3950] MMIO: R.4   0x1cb0010050 (apcie[0], offset 0x10050) = 0x807005
[cpu1] [0xfffffe000b7b3950] MMIO: R.4   0x1cb0010070 (apcie[0], offset 0x10070) = 0x420010
[cpu1] [0xfffffe000b7b38c0] MMIO: R.2   0x1cb0010080 (apcie[0], offset 0x10080) = 0xc02
[cpu2] [0xfffffe000b7b3d7c] MMIO: W.4   0x49002c020 (apcie[7], offset 0x4020) = 0x7
[cpu2] [0xfffffe000b7b3950] MMIO: R.4   0x49002c000 (apcie[7], offset 0x4000) = 0x43339c
[cpu2] [0xfffffe000b7b3950] MMIO: R.4   0x49002c010 (apcie[7], offset 0x4010) = 0x20e2
[cpu2] [0xfffffe000b7b3950] MMIO: R.4   0x49002c004 (apcie[7], offset 0x4004) = 0xd856e
[cpu2] [0xfffffe000b7b3950] MMIO: R.4   0x49002c014 (apcie[7], offset 0x4014) = 0x3efa
[cpu2] [0xfffffe000b7b3950] MMIO: R.4   0x49002c008 (apcie[7], offset 0x4008) = 0x35fc1e9
[cpu2] [0xfffffe000b7b3950] MMIO: R.4   0x49002c018 (apcie[7], offset 0x4018) = 0x864
[cpu2] [0xfffffe000b7b3950] MMIO: R.4   0x49002c00c (apcie[7], offset 0x400c) = 0xdaf6c8
[cpu2] [0xfffffe000b7b3950] MMIO: R.4   0x49002c01c (apcie[7], offset 0x401c) = 0x15b4
[cpu2] [0xfffffe000b7b3d7c] MMIO: W.4   0x49202c020 (apcie[23], offset 0x4020) = 0x7
[cpu2] [0xfffffe000b7b3950] MMIO: R.4   0x49202c000 (apcie[23], offset 0x4000) = 0x146dfa
[cpu2] [0xfffffe000b7b3950] MMIO: R.4   0x49202c010 (apcie[23], offset 0x4010) = 0xc78
[cpu2] [0xfffffe000b7b3950] MMIO: R.4   0x49202c004 (apcie[23], offset 0x4004) = 0x4768e99
[cpu2] [0xfffffe000b7b3950] MMIO: R.4   0x49202c014 (apcie[23], offset 0x4014) = 0xc79
[cpu2] [0xfffffe000b7b3950] MMIO: R.4   0x49202c008 (apcie[23], offset 0x4008) = 0x0
[cpu2] [0xfffffe000b7b3950] MMIO: R.4   0x49202c018 (apcie[23], offset 0x4018) = 0x0
[cpu2] [0xfffffe000b7b3950] MMIO: R.4   0x49202c00c (apcie[23], offset 0x400c) = 0x0
[cpu2] [0xfffffe000b7b3950] MMIO: R.4   0x49202c01c (apcie[23], offset 0x401c) = 0x0
[cpu4] [0xfffffe000b7b3d7c] MMIO: W.4   0x49002c020 (apcie[7], offset 0x4020) = 0x7
[cpu4] [0xfffffe000b7b3950] MMIO: R.4   0x49002c000 (apcie[7], offset 0x4000) = 0x22ff4
[cpu4] [0xfffffe000b7b3950] MMIO: R.4   0x49002c010 (apcie[7], offset 0x4010) = 0x3d5
[cpu4] [0xfffffe000b7b3950] MMIO: R.4   0x49002c004 (apcie[7], offset 0x4004) = 0x1a52a
[cpu4] [0xfffffe000b7b3950] MMIO: R.4   0x49002c014 (apcie[7], offset 0x4014) = 0x7a9
[cpu4] [0xfffffe000b7b3950] MMIO: R.4   0x49002c008 (apcie[7], offset 0x4008) = 0x6c7446
[cpu4] [0xfffffe000b7b3950] MMIO: R.4   0x49002c018 (apcie[7], offset 0x4018) = 0x232
[cpu4] [0xfffffe000b7b3950] MMIO: R.4   0x49002c00c (apcie[7], offset 0x400c) = 0x9bfcc8
[cpu4] [0xfffffe000b7b3950] MMIO: R.4   0x49002c01c (apcie[7], offset 0x401c) = 0x1a2
[cpu4] [0xfffffe000b7b3d7c] MMIO: W.4   0x49202c020 (apcie[23], offset 0x4020) = 0x7
[cpu4] [0xfffffe000b7b3950] MMIO: R.4   0x49202c000 (apcie[23], offset 0x4000) = 0x135c6
[cpu4] [0xfffffe000b7b3950] MMIO: R.4   0x49202c010 (apcie[23], offset 0x4010) = 0x14e
[cpu4] [0xfffffe000b7b3950] MMIO: R.4   0x49202c004 (apcie[23], offset 0x4004) = 0x10b111e
[cpu4] [0xfffffe000b7b3950] MMIO: R.4   0x49202c014 (apcie[23], offset 0x4014) = 0x14e
[cpu4] [0xfffffe000b7b3950] MMIO: R.4   0x49202c008 (apcie[23], offset 0x4008) = 0x0
[cpu4] [0xfffffe000b7b3950] MMIO: R.4   0x49202c018 (apcie[23], offset 0x4018) = 0x0
[cpu4] [0xfffffe000b7b3950] MMIO: R.4   0x49202c00c (apcie[23], offset 0x400c) = 0x0
[cpu4] [0xfffffe000b7b3950] MMIO: R.4   0x49202c01c (apcie[23], offset 0x401c) = 0x0
[cpu1] [0xfffffe000b7b3d7c] MMIO: W.4   0x49002c020 (apcie[7], offset 0x4020) = 0x7
[cpu1] [0xfffffe000b7b3950] MMIO: R.4   0x49002c000 (apcie[7], offset 0x4000) = 0xe00bd
[cpu1] [0xfffffe000b7b3950] MMIO: R.4   0x49002c010 (apcie[7], offset 0x4010) = 0x1817
[cpu1] [0xfffffe000b7b3950] MMIO: R.4   0x49002c004 (apcie[7], offset 0x4004) = 0xa7c2c
[cpu1] [0xfffffe000b7b3950] MMIO: R.4   0x49002c014 (apcie[7], offset 0x4014) = 0x3021
[cpu1] [0xfffffe000b7b3950] MMIO: R.4   0x49002c008 (apcie[7], offset 0x4008) = 0x19fc331
[cpu1] [0xfffffe000b7b3950] MMIO: R.4   0x49002c018 (apcie[7], offset 0x4018) = 0xaa5
[cpu1] [0xfffffe000b7b3950] MMIO: R.4   0x49002c00c (apcie[7], offset 0x400c) = 0x4d90461
[cpu1] [0xfffffe000b7b3950] MMIO: R.4   0x49002c01c (apcie[7], offset 0x401c) = 0xd65
[cpu1] [0xfffffe000b7b3d7c] MMIO: W.4   0x49202c020 (apcie[23], offset 0x4020) = 0x7
[cpu1] [0xfffffe000b7b3950] MMIO: R.4   0x49202c000 (apcie[23], offset 0x4000) = 0x15f958
[cpu1] [0xfffffe000b7b3950] MMIO: R.4   0x49202c010 (apcie[23], offset 0x4010) = 0x1adc
[cpu1] [0xfffffe000b7b3950] MMIO: R.4   0x49202c004 (apcie[23], offset 0x4004) = 0x67b4e56
[cpu1] [0xfffffe000b7b3950] MMIO: R.4   0x49202c014 (apcie[23], offset 0x4014) = 0x1adc
[cpu1] [0xfffffe000b7b3950] MMIO: R.4   0x49202c008 (apcie[23], offset 0x4008) = 0x0
[cpu1] [0xfffffe000b7b3950] MMIO: R.4   0x49202c018 (apcie[23], offset 0x4018) = 0x0
[cpu1] [0xfffffe000b7b3950] MMIO: R.4   0x49202c00c (apcie[23], offset 0x400c) = 0x0
[cpu1] [0xfffffe000b7b3950] MMIO: R.4   0x49202c01c (apcie[23], offset 0x401c) = 0x0
[cpu3] [0xfffffe000b7b3d7c] MMIO: W.4   0x49002c020 (apcie[7], offset 0x4020) = 0x7
[cpu3] [0xfffffe000b7b3950] MMIO: R.4   0x49002c000 (apcie[7], offset 0x4000) = 0xba6
[cpu3] [0xfffffe000b7b3950] MMIO: R.4   0x49002c010 (apcie[7], offset 0x4010) = 0x12
[cpu3] [0xfffffe000b7b3950] MMIO: R.4   0x49002c004 (apcie[7], offset 0x4004) = 0x84a
[cpu3] [0xfffffe000b7b3950] MMIO: R.4   0x49002c014 (apcie[7], offset 0x4014) = 0x24
[cpu3] [0xfffffe000b7b3950] MMIO: R.4   0x49002c008 (apcie[7], offset 0x4008) = 0x0
[cpu3] [0xfffffe000b7b3950] MMIO: R.4   0x49002c018 (apcie[7], offset 0x4018) = 0x0
[cpu3] [0xfffffe000b7b3950] MMIO: R.4   0x49002c00c (apcie[7], offset 0x400c) = 0xce90
[cpu3] [0xfffffe000b7b3950] MMIO: R.4   0x49002c01c (apcie[7], offset 0x401c) = 0x12
[cpu3] [0xfffffe000b7b3d7c] MMIO: W.4   0x49202c020 (apcie[23], offset 0x4020) = 0x7
[cpu3] [0xfffffe000b7b3950] MMIO: R.4   0x49202c000 (apcie[23], offset 0x4000) = 0x0
[cpu3] [0xfffffe000b7b3950] MMIO: R.4   0x49202c010 (apcie[23], offset 0x4010) = 0x0
[cpu3] [0xfffffe000b7b3950] MMIO: R.4   0x49202c004 (apcie[23], offset 0x4004) = 0xdf21
[cpu3] [0xfffffe000b7b3950] MMIO: R.4   0x49202c014 (apcie[23], offset 0x4014) = 0x0
[cpu3] [0xfffffe000b7b3950] MMIO: R.4   0x49202c008 (apcie[23], offset 0x4008) = 0x0
[cpu3] [0xfffffe000b7b3950] MMIO: R.4   0x49202c018 (apcie[23], offset 0x4018) = 0x0
[cpu3] [0xfffffe000b7b3950] MMIO: R.4   0x49202c00c (apcie[23], offset 0x400c) = 0x0
[cpu3] [0xfffffe000b7b3950] MMIO: R.4   0x49202c01c (apcie[23], offset 0x401c) = 0x0
[cpu0] [0xfffffe000b7b3d7c] MMIO: W.4   0x49002c020 (apcie[7], offset 0x4020) = 0x7
[cpu0] [0xfffffe000b7b3950] MMIO: R.4   0x49002c000 (apcie[7], offset 0x4000) = 0x51efd
[cpu0] [0xfffffe000b7b3950] MMIO: R.4   0x49002c010 (apcie[7], offset 0x4010) = 0x862
[cpu0] [0xfffffe000b7b3950] MMIO: R.4   0x49002c004 (apcie[7], offset 0x4004) = 0x3bfba
[cpu0] [0xfffffe000b7b3950] MMIO: R.4   0x49002c014 (apcie[7], offset 0x4014) = 0x10c1
[cpu0] [0xfffffe000b7b3950] MMIO: R.4   0x49002c008 (apcie[7], offset 0x4008) = 0x6f77e0
[cpu0] [0xfffffe000b7b3950] MMIO: R.4   0x49002c018 (apcie[7], offset 0x4018) = 0x207
[cpu0] [0xfffffe000b7b3950] MMIO: R.4   0x49002c00c (apcie[7], offset 0x400c) = 0x3aac17a
[cpu0] [0xfffffe000b7b3950] MMIO: R.4   0x49002c01c (apcie[7], offset 0x401c) = 0x658
[cpu0] [0xfffffe000b7b3d7c] MMIO: W.4   0x49202c020 (apcie[23], offset 0x4020) = 0x7
[cpu0] [0xfffffe000b7b3950] MMIO: R.4   0x49202c000 (apcie[23], offset 0x4000) = 0x2363e
[cpu0] [0xfffffe000b7b3950] MMIO: R.4   0x49202c010 (apcie[23], offset 0x4010) = 0x1e9
[cpu0] [0xfffffe000b7b3950] MMIO: R.4   0x49202c004 (apcie[23], offset 0x4004) = 0x420e132
[cpu0] [0xfffffe000b7b3950] MMIO: R.4   0x49202c014 (apcie[23], offset 0x4014) = 0x1e9
[cpu0] [0xfffffe000b7b3950] MMIO: R.4   0x49202c008 (apcie[23], offset 0x4008) = 0x0
[cpu0] [0xfffffe000b7b3950] MMIO: R.4   0x49202c018 (apcie[23], offset 0x4018) = 0x0
[cpu0] [0xfffffe000b7b3950] MMIO: R.4   0x49202c00c (apcie[23], offset 0x400c) = 0x0
[cpu0] [0xfffffe000b7b3950] MMIO: R.4   0x49202c01c (apcie[23], offset 0x401c) = 0x0
[cpu1] [0xfffffe000b7b3d7c] MMIO: W.4   0x49002c020 (apcie[7], offset 0x4020) = 0x7
[cpu1] [0xfffffe000b7b3950] MMIO: R.4   0x49002c000 (apcie[7], offset 0x4000) = 0x9b3
[cpu1] [0xfffffe000b7b3950] MMIO: R.4   0x49002c010 (apcie[7], offset 0x4010) = 0x16
[cpu1] [0xfffffe000b7b3950] MMIO: R.4   0x49002c004 (apcie[7], offset 0x4004) = 0x8f0
[cpu1] [0xfffffe000b7b3950] MMIO: R.4   0x49002c014 (apcie[7], offset 0x4014) = 0x2c
[cpu1] [0xfffffe000b7b3950] MMIO: R.4   0x49002c008 (apcie[7], offset 0x4008) = 0xabfe
[cpu1] [0xfffffe000b7b3950] MMIO: R.4   0x49002c018 (apcie[7], offset 0x4018) = 0x16
[cpu1] [0xfffffe000b7b3950] MMIO: R.4   0x49002c00c (apcie[7], offset 0x400c) = 0x0
[cpu1] [0xfffffe000b7b3950] MMIO: R.4   0x49002c01c (apcie[7], offset 0x401c) = 0x0
[cpu1] [0xfffffe000b7b3d7c] MMIO: W.4   0x49202c020 (apcie[23], offset 0x4020) = 0x7
[cpu1] [0xfffffe000b7b3950] MMIO: R.4   0x49202c000 (apcie[23], offset 0x4000) = 0x0
[cpu1] [0xfffffe000b7b3950] MMIO: R.4   0x49202c010 (apcie[23], offset 0x4010) = 0x0
[cpu1] [0xfffffe000b7b3950] MMIO: R.4   0x49202c004 (apcie[23], offset 0x4004) = 0xbf16
[cpu1] [0xfffffe000b7b3950] MMIO: R.4   0x49202c014 (apcie[23], offset 0x4014) = 0x0
[cpu1] [0xfffffe000b7b3950] MMIO: R.4   0x49202c008 (apcie[23], offset 0x4008) = 0x0
[cpu1] [0xfffffe000b7b3950] MMIO: R.4   0x49202c018 (apcie[23], offset 0x4018) = 0x0
[cpu1] [0xfffffe000b7b3950] MMIO: R.4   0x49202c00c (apcie[23], offset 0x400c) = 0x0
[cpu1] [0xfffffe000b7b3950] MMIO: R.4   0x49202c01c (apcie[23], offset 0x401c) = 0x0
[cpu6] [0xfffffe000b7b3950] MMIO: R.4   0x1cb0010004 (apcie[0], offset 0x10004) = 0x100007
[cpu6] [0xfffffe000b7b3950] MMIO: R.4   0x1cb0010034 (apcie[0], offset 0x10034) = 0x40
[cpu6] [0xfffffe000b7b3950] MMIO: R.4   0x1cb0010040 (apcie[0], offset 0x10040) = 0xc9c35001
[cpu6] [0xfffffe000b7b3950] MMIO: R.4   0x1cb0010050 (apcie[0], offset 0x10050) = 0x807005
[cpu6] [0xfffffe000b7b3950] MMIO: R.4   0x1cb0010070 (apcie[0], offset 0x10070) = 0x420010
[cpu6] [0xfffffe000b7b38c0] MMIO: R.2   0x1cb0010080 (apcie[0], offset 0x10080) = 0xc02
[cpu1] [0xfffffe000b7b3d7c] MMIO: W.4   0x1cb000012c (apcie[0], offset 0x12c) = 0x0
[cpu9] [0xfffffe000b7b3d7c] MMIO: W.4   0x1cb001012c (apcie[0], offset 0x1012c) = 0x0
[cpu9] [0xfffffe000b7b3950] MMIO: R.4   0x490028104 (apcie[7], offset 0x104) = 0xff552700
[cpu9] [0xfffffe000b7b3950] MMIO: R.4   0x490028104 (apcie[7], offset 0x104) = 0xff552700
[cpu9] [0xfffffe000b7b3d7c] MMIO: W.4   0x490028104 (apcie[7], offset 0x104) = 0xff5527f0
[cpu9] [0xfffffe000b7b3d7c] MMIO: W.4   0x490028100 (apcie[7], offset 0x100) = 0xf0
[cpu9] [0xfffffe000b7b3950] MMIO: R.4   0x1cb0000000 (apcie[0], offset 0x00) = 0x100c106b
[cpu9] [0xfffffe000b7b3950] MMIO: R.4   0x1cb0000004 (apcie[0], offset 0x04) = 0x100007
[cpu9] [0xfffffe000b7b3950] MMIO: R.4   0x1cb0000008 (apcie[0], offset 0x08) = 0x6040001
[cpu9] [0xfffffe000b7b3950] MMIO: R.4   0x1cb000000c (apcie[0], offset 0x0c) = 0x10000
[cpu9] [0xfffffe000b7b3950] MMIO: R.4   0x1cb0000010 (apcie[0], offset 0x10) = 0x0
[cpu9] [0xfffffe000b7b3950] MMIO: R.4   0x1cb0000014 (apcie[0], offset 0x14) = 0x0
[cpu9] [0xfffffe000b7b3950] MMIO: R.4   0x1cb0000018 (apcie[0], offset 0x18) = 0x20200
[cpu9] [0xfffffe000b7b3950] MMIO: R.4   0x1cb000001c (apcie[0], offset 0x1c) = 0x200000f0
[cpu9] [0xfffffe000b7b3950] MMIO: R.4   0x1cb0000020 (apcie[0], offset 0x20) = 0x83008100
[cpu9] [0xfffffe000b7b3950] MMIO: R.4   0x1cb0000024 (apcie[0], offset 0x24) = 0x1fff1
[cpu9] [0xfffffe000b7b3950] MMIO: R.4   0x1cb0000028 (apcie[0], offset 0x28) = 0xffffffff
[cpu9] [0xfffffe000b7b3950] MMIO: R.4   0x1cb000002c (apcie[0], offset 0x2c) = 0x0
[cpu9] [0xfffffe000b7b3950] MMIO: R.4   0x1cb0000030 (apcie[0], offset 0x30) = 0x0
[cpu9] [0xfffffe000b7b3950] MMIO: R.4   0x1cb0000034 (apcie[0], offset 0x34) = 0x40
[cpu9] [0xfffffe000b7b3950] MMIO: R.4   0x1cb0000038 (apcie[0], offset 0x38) = 0x0
[cpu9] [0xfffffe000b7b3950] MMIO: R.4   0x1cb000003c (apcie[0], offset 0x3c) = 0x201ff
[cpu9] [0xfffffe000b7b3950] MMIO: R.4   0x1cb0000040 (apcie[0], offset 0x40) = 0xc9c35001
[cpu9] [0xfffffe000b7b3950] MMIO: R.4   0x1cb0000044 (apcie[0], offset 0x44) = 0x8
[cpu9] [0xfffffe000b7b3950] MMIO: R.4   0x1cb0000048 (apcie[0], offset 0x48) = 0x0
[cpu9] [0xfffffe000b7b3950] MMIO: R.4   0x1cb000004c (apcie[0], offset 0x4c) = 0x0
[cpu9] [0xfffffe000b7b3950] MMIO: R.4   0x1cb0000050 (apcie[0], offset 0x50) = 0x807005
[cpu9] [0xfffffe000b7b3950] MMIO: R.4   0x1cb0000054 (apcie[0], offset 0x54) = 0x0
[cpu9] [0xfffffe000b7b3950] MMIO: R.4   0x1cb0000058 (apcie[0], offset 0x58) = 0x0
[cpu9] [0xfffffe000b7b3950] MMIO: R.4   0x1cb000005c (apcie[0], offset 0x5c) = 0x0
[cpu9] [0xfffffe000b7b3950] MMIO: R.4   0x1cb0000060 (apcie[0], offset 0x60) = 0x0
[cpu9] [0xfffffe000b7b3950] MMIO: R.4   0x1cb0000064 (apcie[0], offset 0x64) = 0x0
[cpu9] [0xfffffe000b7b3950] MMIO: R.4   0x1cb0000068 (apcie[0], offset 0x68) = 0x0
[cpu9] [0xfffffe000b7b3950] MMIO: R.4   0x1cb000006c (apcie[0], offset 0x6c) = 0x0
[cpu9] [0xfffffe000b7b3950] MMIO: R.4   0x1cb0000070 (apcie[0], offset 0x70) = 0x420010
[cpu9] [0xfffffe000b7b3950] MMIO: R.4   0x1cb0000074 (apcie[0], offset 0x74) = 0x8001
[cpu9] [0xfffffe000b7b3950] MMIO: R.4   0x1cb0000078 (apcie[0], offset 0x78) = 0x10081f
[cpu9] [0xfffffe000b7b3950] MMIO: R.4   0x1cb000007c (apcie[0], offset 0x7c) = 0x737814
[cpu9] [0xfffffe000b7b3950] MMIO: R.4   0x1cb000019c (apcie[0], offset 0x19c) = 0x4055190f
[cpu9] [0xfffffe000b7b3950] MMIO: R.4   0x1cb00001a0 (apcie[0], offset 0x1a0) = 0x0
[cpu9] [0xfffffe000b7b3950] MMIO: R.4   0x1cb0000118 (apcie[0], offset 0x118) = 0x0
[cpu9] [0xfffffe000b7b3950] MMIO: R.4   0x1cb000010c (apcie[0], offset 0x10c) = 0x462030
[cpu9] [0xfffffe000b7b3950] MMIO: R.4   0x1cb0000108 (apcie[0], offset 0x108) = 0x0
[cpu9] [0xfffffe000b7b3950] MMIO: R.4   0x1cb0000114 (apcie[0], offset 0x114) = 0x0
[cpu9] [0xfffffe000b7b3950] MMIO: R.4   0x1cb000012c (apcie[0], offset 0x12c) = 0x0
[cpu9] [0xfffffe000b7b38c0] MMIO: R.2   0x1cb0000078 (apcie[0], offset 0x78) = 0x81f
[cpu9] [0xfffffe000b7b38c0] MMIO: R.2   0x1cb0000080 (apcie[0], offset 0x80) = 0xc02
[cpu9] [0xfffffe000b7b38c0] MMIO: R.2   0x1cb0000098 (apcie[0], offset 0x98) = 0x400
[cpu9] [0xfffffe000b7b38c0] MMIO: R.2   0x1cb00000a0 (apcie[0], offset 0xa0) = 0x42
[cpu9] [0xfffffe000b7b38c0] MMIO: R.2   0x1cb00000a8 (apcie[0], offset 0xa8) = 0x0
[cpu9] [0xfffffe000b7b3950] MMIO: R.4   0x1cb00002b8 (apcie[0], offset 0x2b8) = 0x1
[cpu9] [0xfffffe000b7b3950] MMIO: R.4   0x1cb0000000 (apcie[0], offset 0x00) = 0x100c106b
[cpu9] [0xfffffe000b7b3ce4] MMIO: W.2   0x1cb0000004 (apcie[0], offset 0x04) = 0x0
[cpu9] [0xfffffe000b7b3950] MMIO: R.4   0x1cb0000018 (apcie[0], offset 0x18) = 0x20200
[cpu9] [0xfffffe000b7b3d7c] MMIO: W.4   0x1cb0000018 (apcie[0], offset 0x18) = 0x0
[cpu9] [0xfffffe000b7b3950] MMIO: R.4   0x490028800 (apcie[7], offset 0x800) = 0x100001
[cpu9] [0xfffffe000b7b3d7c] MMIO: W.4   0x490028800 (apcie[7], offset 0x800) = 0x100101
[cpu9] [0xfffffe000b7b3d7c] MMIO: W.4   0x490028088 (apcie[7], offset 0x88) = 0x11
[cpu9] [0xfffffe000b7b3950] MMIO: R.4   0x490028088 (apcie[7], offset 0x88) = 0x10
[cpu9] [0xfffffe000b7b3950] MMIO: R.4   0x490028208 (apcie[7], offset 0x208) = 0x9b000345
[cpu8] [0xfffffe000b7b3950] MMIO: R.4   0x497020000 (apcie[2], offset 0x20000) = 0xa300066f
[cpu8] [0xfffffe000b7b3d7c] MMIO: W.4   0x497020000 (apcie[2], offset 0x20000) = 0x2300066f
[cpu8] [0xfffffe0009b6d1b4] MMIO: R.4   0x490004000 (apcie[12], offset 0x4000) = 0x0
[cpu8] [0xfffffe000b7b3950] MMIO: R.4   0x490028804 (apcie[7], offset 0x804) = 0xd
[cpu8] [0xfffffe000b7b3950] MMIO: R.4   0x490028820 (apcie[7], offset 0x820) = 0x0
[cpu8] [0xfffffe000b7b3950] MMIO: R.4   0x49002813c (apcie[7], offset 0x13c) = 0x0
[cpu8] [0xfffffe000b7b3d7c] MMIO: W.4   0x49002813c (apcie[7], offset 0x13c) = 0x100
[cpu8] [0xfffffe000b7b3950] MMIO: R.4   0x1cb0000728 (apcie[0], offset 0x728) = 0x7fd715
[cpu8] [0xfffffe000b7b3950] MMIO: R.4   0x49002882c (apcie[7], offset 0x82c) = 0x1
[cpu8] [0xfffffe000b7b3d7c] MMIO: W.4   0x49002882c (apcie[7], offset 0x82c) = 0x0
[cpu8] [0xfffffe000b7b3950] MMIO: R.4   0x49002813c (apcie[7], offset 0x13c) = 0x100
[cpu8] [0xfffffe000b7b3d7c] MMIO: W.4   0x49002813c (apcie[7], offset 0x13c) = 0x0
[cpu8] [0xfffffe000b7b3950] MMIO: R.4   0x497020000 (apcie[2], offset 0x20000) = 0x2300066f
[cpu8] [0xfffffe000b7b3d7c] MMIO: W.4   0x497020000 (apcie[2], offset 0x20000) = 0x2300066f
[cpu8] [0xfffffe000b7b3950] MMIO: R.4   0x497020000 (apcie[2], offset 0x20000) = 0x2300066f
[cpu8] [0xfffffe000b7b3d7c] MMIO: W.4   0x497020000 (apcie[2], offset 0x20000) = 0x2300026f
[cpu8] [0xfffffe000b7b3950] MMIO: R.4   0x497020000 (apcie[2], offset 0x20000) = 0x2300026f
[cpu8] [0xfffffe000b7b3d7c] MMIO: W.4   0x497020000 (apcie[2], offset 0x20000) = 0x2300006f
[cpu8] [0xfffffe000b7b3950] MMIO: R.4   0x497020000 (apcie[2], offset 0x20000) = 0x2300006f
[cpu8] [0xfffffe000b7b3d7c] MMIO: W.4   0x497020000 (apcie[2], offset 0x20000) = 0x2300007f
[cpu8] [0xfffffe000b7b3950] MMIO: R.4   0x497020000 (apcie[2], offset 0x20000) = 0x2300007f
[cpu8] [0xfffffe000b7b3d7c] MMIO: W.4   0x497020000 (apcie[2], offset 0x20000) = 0x2300007e
[cpu8] [0xfffffe000b7b3950] MMIO: R.4   0x497020000 (apcie[2], offset 0x20000) = 0x2300007a
[cpu8] [0xfffffe000b7b3d7c] MMIO: W.4   0x497020000 (apcie[2], offset 0x20000) = 0x23000078
[cpu8] [0xfffffe000b7b3950] MMIO: R.4   0x490028800 (apcie[7], offset 0x800) = 0x100101
[cpu8] [0xfffffe000b7b3d7c] MMIO: W.4   0x490028800 (apcie[7], offset 0x800) = 0x100100
[cpu8] [0xfffffe000b7b3950] MMIO: R.4   0x490028804 (apcie[7], offset 0x804) = 0x6
[cpu8] [0xfffffe000b7b3950] MMIO: R.4   0x490028804 (apcie[7], offset 0x804) = 0x6
[cpu8] [0xfffffe000b7b3950] MMIO: R.4   0x490028100 (apcie[7], offset 0x100) = 0x20006700
[cpu8] [0xfffffe000b7b3d7c] MMIO: W.4   0x490028100 (apcie[7], offset 0x100) = 0x20006700
