[ahmed@admin AppleSiliconM4]$ ./Scripts/m1n1/perstn-run.sh 32
using m1n1 device: /dev/ttyACM0
[sudo] password for ahmed: 
TTY> Initialized dockchannel UART at 0x388128000
TTY> Device info:
TTY>   Model: Mac16,10
TTY>   Target: J773g
TTY>   Board-ID: 0x2a
TTY>   Chip-ID: 0x8132
TTY> 
TTY> CPU init (MIDR: 0x611f0531 smp_id:0x6)...
TTY>   CPU part: 0x53 rev: 0x11
TTY>   CPU: M4 Donan (P core)
TTY> 
TTY> boot_args at 0x10003150000
TTY>   revision:     3
TTY>   version:      2
TTY>   virt_base:    0x110f0000
TTY>   phys_base:    0x100010f0000
TTY>   mem_size:     0x3df834000
TTY>   top_of_kdata: 0x10003160000
TTY>   video:
TTY>     base:       0x103e5234000
TTY>     display:    0x1
TTY>     stride:     0xa00
TTY>     width:      640
TTY>     height:     1136
TTY>     depth:      32bpp
TTY>     density:    1
TTY>   machine_type: 0
TTY>   devtree:      0x12904000
TTY>   devtree_size: 0x68000
TTY>   cmdline:      
TTY>   boot_flags:   0x0
TTY>   mem_size_act: 0x400000000
TTY> 
TTY> 
TTY> 
TTY> m1n1 v1.6.0-42-gdf2ae61
TTY> Copyright The Asahi Linux Contributors
TTY> Licensed under the MIT license
TTY> 
TTY> Running in EL2
TTY> 
TTY> OS FW version: 15.1 (iBoot-11881.41.5)
TTY> System FW version: 15.1 (iBoot-11881.41.5)
TTY> Heap base: 0x10003160000
TTY> MCC: Unsupported version:mcc,t8132
TTY> MMU: Initializing...
TTY> MMU: RAM base: 0x10000000000
TTY> MMU: Top of normal RAM: 0x103e0924000
TTY> MMU: Adding Device-nGnRE mapping at 0x1c50000000 (0x4000)
TTY> MMU: Adding Device-nGnRE mapping at 0x1c60000000 (0x4000)
TTY> MMU: Adding Device-nGnRE mapping at 0x1c70000000 (0x4000)
TTY> MMU: Adding Device-nGnRE mapping at 0x1c80000000 (0x4000)
TTY> MMU: Adding Device-nGnRE mapping at 0x1cb0000000 (0x14000)
TTY> MMU: Adding Normal-NC mapping at 0x103fff1c000 (0x20000)
TTY> MMU: Adding Normal-NC mapping at 0x103ffe6c000 (0x10000)
TTY> MMU: Adding Normal-NC mapping at 0x103ffe4c000 (0x20000)
TTY> MMU: Adding Normal-NC mapping at 0x103ffddc000 (0x10000)
TTY> MMU: Adding Normal-NC mapping at 0x103ffdbc000 (0x20000)
TTY> MMU: Adding Normal-NC mapping at 0x103ffd4c000 (0x10000)
TTY> MMU: Adding Normal-NC mapping at 0x103fffb8000 (0x4000)
TTY> MMU: Adding Normal-NC mapping at 0x103fff70000 (0x4000)
TTY> MMU: SCTLR_EL1: 30000180 -> 30901085
TTY> MMU: running with MMU and caches enabled!
TTY> AIC: Version 3 @ 0x381000000
TTY> AIC: AIC3 with 1/2 dies, 2048/4096 IRQs, reg_size:40004, config:10000, extintrcfg_stride:04a00, intmaskset_stride:04a00, intmaskclear_stride:04a00
TTY> Primary WDT register @ 0x3882b0000
TTY> Primary WDT disabled
TTY> Secondary WDT register @ 0x3882b8008
TTY> Secondary WDT disabled
TTY> pmgr: Cleaning up device states...
TTY> pmgr: initialized, 392 devices on 1 dies found.
TTY> display: Display is external
TTY> display: Dummy framebuffer found, initializing display
TTY> dart: dart /arm-io/dart-dcp at 0x30a340000 is a t8110 (locked)
TTY> dart: dart /arm-io/dart-disp0 at 0x30a300000 is a t8110 (locked)
TTY> dart: dart /arm-io/dart-disp0.0.0 L1 0 is real-time at 0x103fff1c000
TTY> dart: allocating L2 tbl at 0, 1 to 0x103fff24000
TTY> dcp: Mapping segment #2 10002ad4000 -> 10002ad4000 [24000]
TTY> rtkit(dcp): booting with version 12
TTY> rtkit(dcp): unknown system endpoint 0x0a
TTY> rtkit(dcp): pre-allocated buffer (ep 0x1, dva 0x100025eb000, phys 0x103e51a3000)
TTY> rtkit(dcp): unknown oslog message 105ff8010002604
TTY> rtkit(dcp): unknown oslog message 3010042100000a1
TTY> rtkit(dcp): unknown oslog message 4000020d51e4021
TTY> rtkit(dcp): unknown oslog message 4000040d28078a1
TTY> rtkit(dcp): unknown oslog message 4000060d51e4001
TTY> AFK: ring buffer size mismatch
TTY> AFK: ring buffer size mismatch
TTY> dcp-iboot: failed to initialize disp0 service
TTY> display: failed to initialize DCP iBoot interface
TTY> rtkit(dcp): IOP crashed!
TTY> rtkit(dcp): == CRASH INFO ==
TTY> rtkit(dcp):   Message 1: ASSERT!Messenger.c:299 0xc0000000000000 0x7 
TTY> rtkit(dcp):   0x43766572
TTY> rtkit(dcp):   0x4374696d
TTY> rtkit(dcp):   0x43637374
TTY> rtkit(dcp):   0x4372746b
TTY> rtkit(dcp):   0x43617343
TTY> rtkit(dcp):   0x436d6278
TTY> rtkit(dcp):   0x43636470
TTY> rtkit(dcp):   0x43706374
TTY> rtkit(dcp):   0x43737461
TTY> rtkit(dcp):   0x43737461
TTY> rtkit(dcp): IOP died during shutdown
TTY> fb init: 640x1136 (32) [s=640] @0x103e5234000
TTY> fb console: max rows 35, max cols 40
TTY> fb: display logo
TTY> cpufreq: Chip 0x8132 is unsupported
TTY> Initialization complete.
TTY> Checking for payloads...
TTY> Devicetree compatible value: apple,j773g
TTY> Unknown payload at 0x10002ad4000 (magic: 5b41464b)
TTY> No valid payload found
TTY> dart: dart /arm-io/dart-usb0 at 0x402f80000 is a t8110
TTY> USB0: initialized at 0x1000354a030
TTY> dart: dart /arm-io/dart-usb1 at 0x40af80000 is a t8110
TTY> USB1: initialized at 0x1000354a360
TTY> dart: dart /arm-io/dart-usb2 at 0x412f80000 is a t8110
TTY> USB2: initialized at 0x1000354a690
TTY> dart: dart /arm-io/dart-usb3 at 0x41af80000 is a t8110
TTY> USB3: initialized at 0x1000354a9c0
TTY> Running proxy...
m1n1 base: 0x100029c8000
Fetching ADT (0x00068000 bytes)...
[pcie_up] require-build OK: 'm1n1 uartproxy v1.6.0-42-gdf2a' contains 'v1.6.0-42-g'
[pcie_up] building ApcieMap from ADT...
[pcie_up] [flush:apcie-map] wrote partial log (108 bytes) to /tmp/m4-recon/nic-runtime.txt
[pcie_up] === Phase A: full PCIe bring-up ===
[pcie_up] SMC power on apcie fabric...
[mgmt] Starting via message
[mgmt] Supported versions 12 .. 12
[mgmt] Adding endpoint 0x0
[mgmt] Adding endpoint 0x1
[mgmt] Adding endpoint 0x2
[mgmt] Adding endpoint 0x3
[mgmt] Adding endpoint 0x4
[mgmt] Adding endpoint 0x8
[mgmt] Adding endpoint 0x20
Starting endpoint #0x1 (crash)
Starting endpoint #0x2 (syslog)
Starting endpoint #0x3 (kdebug)
Starting endpoint #0x4 (iorep)
Starting endpoint #0x8 (iorep)
[crash] buf prealloc at dva 0x38de5c000
[iorep] buf prealloc 0x38de61000 / 0x38de61000
[iorep] start
[iorep] report!
[iorep] report!
[iorep] report!
[iorep] report!
[iorep] report!
[iorep] report!
[iorep] report!
[iorep] report!
[iorep] report!
[iorep] report!
[iorep] report!
[iorep] report!
[mgmt] IOP power state is now 0x20
[syslog] count 32, entrysize 96
[syslog] buf prealloc at dva 0x38de60000
[iorep] buf prealloc 0xff800038de66000 / 0xff800038de66000
unknown message: 0x31f10428986d339 / 0x408c0000000008 (EP=0x8)
unknown message: 0x40000209630790a / 0x309c0000000008 (EP=0x8)
unknown message: 0x40000402572ab9b / 0x20ac0000000008 (EP=0x8)
unknown message: 0x400006003168728 / 0x10bc0000000008 (EP=0x8)
[mgmt] AP power state is now 0x20
[mgmt] Startup complete
Starting endpoint #0x20 (smcep)
[smcep] Starting up
[mgmt] Stopping via message
[mgmt] AP power state is now 0x10
[mgmt] IOP power state is now 0x10
[pcie_up] [flush:smc-power] wrote partial log (400 bytes) to /tmp/m4-recon/nic-runtime.txt
[pcie_up] CLKREQ -> periph func 2 on gpio0 pin 162...
[pcie_up] [flush:clkreq-periph] wrote partial log (490 bytes) to /tmp/m4-recon/nic-runtime.txt
[pcie_up] PERSTN deassert on gpio0 pin 165...
[pcie_up] PERSTN cold reset: drive gpio0[165] low
[pcie_up] PERSTN: drive gpio0[165] high
[pcie_up] [flush:perstn] wrote partial log (755 bytes) to /tmp/m4-recon/nic-runtime.txt
[pcie_up] p.pcie_init()...
TTY> pcie: Initializing t8132 PCIe controller
TTY> pcie: ADT uses 6 reg entries per port
TTY> pcie: No common tunables
TTY> pcie: Initializing port 0
TTY> pcie: Port 0 max speed = 2
TTY> pcie: Initializing port 2
TTY> pcie: Port 2 max speed = 1
TTY> pcie: Initialized controller 0
TTY> pcie: Error getting node /arm-io/apcie0
TTY> pcie: Error getting node /arm-io/apcie-ge0
TTY> pcie: Error getting node /arm-io/apcie-ge1
[pcie_up] [flush:pcie-init] wrote partial log (776 bytes) to /tmp/m4-recon/nic-runtime.txt
[pcie_up] post-init LINKSTS watch (up to 5 s per port)...
[pcie_up] [flush:linksts-watch] wrote partial log (1094 bytes) to /tmp/m4-recon/nic-runtime.txt
[pcie_up] initial root-bus walk (find bridges)...
[pcie_up] [flush:root-walk] wrote partial log (1548 bytes) to /tmp/m4-recon/nic-runtime.txt
[pcie_up] === Phase B: program bridge bus numbers ===
[pcie_up] [flush:bus-numbers] wrote partial log (2086 bytes) to /tmp/m4-recon/nic-runtime.txt
[pcie_up] === Phase C: ECAM re-walk @ 0x1cb0000000 ===
TTY> Exception: SYNC
TTY> Exception taken from EL2h
TTY> Running in EL2
TTY> MPIDR: 0x80010100
TTY> Registers: (@0x10002ad3c60)
TTY>   x0-x3: 0000001cb0300000 0000000000000002 0000010002ad3f38 0000010002ad3f38
TTY>   x4-x7: 0000010002ad3f78 0000000000007a69 0000010002ad3f18 0000010002a9b000
TTY>  x8-x11: 0000010002ad3f40 0000000000000101 0000000000010101 0000000000401004
TTY> x12-x15: 0000010003244010 0000010002a89380 0000000000000460 0000000000000000
TTY> x16-x19: 00000100029681b8 0000000000000000 0000000000000023 0000000000000007
TTY> x20-x23: 0000010002aa6d88 0000010002a9b000 0000000000aa55ff 0000000000000000
TTY> x24-x27: 0000010002ad3f10 0000000000000000 0000000000000001 0000000000000007
TTY> x28-x30: 0000000000000000 0000010002ad3e60 00000100029f49e4
TTY> PC:       0x100029eed58 (rel: 0x26d58)
TTY> SP:       0x10002ad3d60
TTY> SPSR:     0x80000009
TTY> FAR:      0x1cb0300000
TTY> ESR:      0x96000410 (data abort (current))
TTY> L2C_ERR_STS: 0x80
TTY> L2C_ERR_ADR: 0x300501cb0300000
TTY> L2C_ERR_INF: 0x1400000001
TTY> LSU_ERR_STS: 0x0
TTY> FED_ERR_STS: 0x0
TTY> MMU_ERR_STS: 0x0
TTY> Recovering from exception (ELR=0x100029eed5c)
TTY> Exception: SError
TTY> Exception taken from EL2h
TTY> Running in EL2
TTY> MPIDR: 0x80010100
TTY> Registers: (@0x10002ad3c60)
TTY>   x0-x3: acce5515abad1dea 0000000000000002 0000010002ad3f38 0000010002ad3f38
TTY>   x4-x7: 0000010002ad3f78 0000000000007a69 0000010002ad3f18 0000010002a9b000
TTY>  x8-x11: 0000010002ad3f40 0000000000000101 0000000000010101 0000000000401004
TTY> x12-x15: 0000010003244010 0000010002a89380 0000000000000460 0000000000000000
TTY> x16-x19: 00000100029681b8 0000000000000000 0000000000000023 0000000000000007
TTY> x20-x23: 0000010002aa6d88 0000010002a9b000 0000000000aa55ff 0000000000000000
TTY> x24-x27: 0000010002ad3f10 0000000000000000 0000000000000001 0000000000000007
TTY> x28-x30: 0000000000000000 0000010002ad3e60 00000100029f49e4
TTY> PC:       0x100029eed5c (rel: 0x26d5c)
TTY> SP:       0x10002ad3d60
TTY> SPSR:     0x80000009
TTY> FAR:      0x1cb0300000
TTY> ESR:      0xbe000000 (SError)
TTY> L2C_ERR_STS: 0x80
TTY> L2C_ERR_ADR: 0x300501cb0300000
TTY> L2C_ERR_INF: 0x1400000001
TTY> LSU_ERR_STS: 0x0
TTY> FED_ERR_STS: 0x0
TTY> MMU_ERR_STS: 0x0
TTY> Exception: SError
TTY> Exception taken from EL2h
TTY> Running in EL2
TTY> MPIDR: 0x80010100
TTY> Registers: (@0x10002ad3c60)
TTY>   x0-x3: acce5515abad1dea 0000000000000002 0000010002ad3f38 0000010002ad3f38
TTY>   x4-x7: 0000010002ad3f78 0000000000007a69 0000010002ad3f18 0000010002a9b000
TTY>  x8-x11: 0000010002ad3f40 0000000000000101 0000000000010101 0000000000401004
TTY> x12-x15: 0000010003244010 0000010002a89380 0000000000000460 0000000000000000
TTY> x16-x19: 00000100029681b8 0000000000000000 0000000000000023 0000000000000007
TTY> x20-x23: 0000010002aa6d88 0000010002a9b000 0000000000aa55ff 0000000000000000
TTY> x24-x27: 0000010002ad3f10 0000000000000000 0000000000000001 0000000000000007
TTY> x28-x30: 0000000000000000 0000010002ad3e60 00000100029f49e4
TTY> PC:       0x100029eed5c (rel: 0x26d5c)
TTY> SP:       0x10002ad3d60
TTY> SPSR:     0x80000009
TTY> FAR:      0x1cb0300000
TTY> ESR:      0xbe000000 (SError)
TTY> L2C_ERR_STS: 0x80
TTY> L2C_ERR_ADR: 0x300501cb0300000
TTY> L2C_ERR_INF: 0x1400000001
TTY> LSU_ERR_STS: 0x0
TTY> FED_ERR_STS: 0x0
TTY> MMU_ERR_STS: 0x0
TTY> Exception: SError
TTY> Exception taken from EL2h
TTY> Running in EL2
TTY> MPIDR: 0x80010100
TTY> Registers: (@0x10002ad3c60)
TTY>   x0-x3: acce5515abad1dea 0000000000000002 0000010002ad3f38 0000010002ad3f38
TTY>   x4-x7: 0000010002ad3f78 0000000000007a69 0000010002ad3f18 0000010002a9b000
TTY>  x8-x11: 0000010002ad3f40 0000000000000101 0000000000010101 0000000000401004
TTY> x12-x15: 0000010003244010 0000010002a89380 0000000000000460 0000000000000000
TTY> x16-x19: 00000100029681b8 0000000000000000 0000000000000023 0000000000000007
TTY> x20-x23: 0000010002aa6d88 0000010002a9b000 0000000000aa55ff 0000000000000000
TTY> x24-x27: 0000010002ad3f10 0000000000000000 0000000000000001 0000000000000007
TTY> x28-x30: 0000000000000000 0000010002ad3e60 00000100029f49e4
TTY> PC:       0x100029eed5c (rel: 0x26d5c)
TTY> SP:       0x10002ad3d60
TTY> SPSR:     0x80000009
TTY> FAR:      0x1cb0300000
TTY> ESR:      0xbe000000 (SError)
TTY> L2C_ERR_STS: 0x80
TTY> L2C_ERR_ADR: 0x300501cb0300000
TTY> L2C_ERR_INF: 0x1400000001
TTY> LSU_ERR_STS: 0x0
TTY> FED_ERR_STS: 0x0
TTY> MMU_ERR_STS: 0x0
TTY> Exception: SError
TTY> Exception taken from EL2h
TTY> Running in EL2
TTY> MPIDR: 0x80010100
TTY> Registers: (@0x10002ad3c60)
TTY>   x0-x3: acce5515abad1dea 0000000000000002 0000010002ad3f38 0000010002ad3f38
TTY>   x4-x7: 0000010002ad3f78 0000000000007a69 0000010002ad3f18 0000010002a9b000
TTY>  x8-x11: 0000010002ad3f40 0000000000000101 0000000000010101 0000000000401004
TTY> x12-x15: 0000010003244010 0000010002a89380 0000000000000460 0000000000000000
TTY> x16-x19: 00000100029681b8 0000000000000000 0000000000000023 0000000000000007
TTY> x20-x23: 0000010002aa6d88 0000010002a9b000 0000000000aa55ff 0000000000000000
TTY> x24-x27: 0000010002ad3f10 0000000000000000 0000000000000001 0000000000000007
TTY> x28-x30: 0000000000000000 0000010002ad3e60 00000100029f49e4
TTY> PC:       0x100029eed5c (rel: 0x26d5c)
TTY> SP:       0x10002ad3d60
TTY> SPSR:     0x80000009
TTY> FAR:      0x1cb0300000
TTY> ESR:      0xbe000000 (SError)
TTY> L2C_ERR_STS: 0x80
TTY> L2C_ERR_ADR: 0x300501cb0300000
TTY> L2C_ERR_INF: 0x1400000001
TTY> LSU_ERR_STS: 0x0
TTY> FED_ERR_STS: 0x0
TTY> MMU_ERR_STS: 0x0
TTY> Exception: SError
TTY> Exception taken from EL2h
TTY> Running in EL2
TTY> MPIDR: 0x80010100
TTY> Registers: (@0x10002ad3c60)
TTY>   x0-x3: acce5515abad1dea 0000000000000002 0000010002ad3f38 0000010002ad3f38
TTY>   x4-x7: 0000010002ad3f78 0000000000007a69 0000010002ad3f18 0000010002a9b000
TTY>  x8-x11: 0000010002ad3f40 0000000000000101 0000000000010101 0000000000401004
TTY> x12-x15: 0000010003244010 0000010002a89380 0000000000000460 0000000000000000
TTY> x16-x19: 00000100029681b8 0000000000000000 0000000000000023 0000000000000007
TTY> x20-x23: 0000010002aa6d88 0000010002a9b000 0000000000aa55ff 0000000000000000
TTY> x24-x27: 0000010002ad3f10 0000000000000000 0000000000000001 0000000000000007
TTY> x28-x30: 0000000000000000 0000010002ad3e60 00000100029f49e4
TTY> PC:       0x100029eed5c (rel: 0x26d5c)
TTY> SP:       0x10002ad3d60
TTY> SPSR:     0x80000009
TTY> FAR:      0x1cb0300000
TTY> ESR:      0xbe000000 (SError)
TTY> L2C_ERR_STS: 0x80
TTY> L2C_ERR_ADR: 0x300501cb0300000
TTY> L2C_ERR_INF: 0x1400000001
TTY> LSU_ERR_STS: 0x0
TTY> FED_ERR_STS: 0x0
TTY> MMU_ERR_STS: 0x0
TTY> Exception: SError
TTY> Exception taken from EL2h
TTY> Running in EL2
TTY> MPIDR: 0x80010100
TTY> Registers: (@0x10002ad3c60)
TTY>   x0-x3: acce5515abad1dea 0000000000000002 0000010002ad3f38 0000010002ad3f38
TTY>   x4-x7: 0000010002ad3f78 0000000000007a69 0000010002ad3f18 0000010002a9b000
TTY>  x8-x11: 0000010002ad3f40 0000000000000101 0000000000010101 0000000000401004
TTY> x12-x15: 0000010003244010 0000010002a89380 0000000000000460 0000000000000000
TTY> x16-x19: 00000100029681b8 0000000000000000 0000000000000023 0000000000000007
TTY> x20-x23: 0000010002aa6d88 0000010002a9b000 0000000000aa55ff 0000000000000000
TTY> x24-x27: 0000010002ad3f10 0000000000000000 0000000000000001 0000000000000007
TTY> x28-x30: 0000000000000000 0000010002ad3e60 00000100029f49e4
TTY> PC:       0x100029eed5c (rel: 0x26d5c)
TTY> SP:       0x10002ad3d60
TTY> SPSR:     0x80000009
TTY> FAR:      0x1cb0300000
TTY> ESR:      0xbe000000 (SError)
TTY> L2C_ERR_STS: 0x80
TTY> L2C_ERR_ADR: 0x300501cb0300000
TTY> L2C_ERR_INF: 0x1400000001
TTY> LSU_ERR_STS: 0x0
TTY> FED_ERR_STS: 0x0
TTY> MMU_ERR_STS: 0x0
TTY> Exception: SError
TTY> Exception taken from EL2h
TTY> Running in EL2
TTY> MPIDR: 0x80010100
TTY> Registers: (@0x10002ad3c60)
TTY>   x0-x3: acce5515abad1dea 0000000000000002 0000010002ad3f38 0000010002ad3f38
TTY>   x4-x7: 0000010002ad3f78 0000000000007a69 0000010002ad3f18 0000010002a9b000
TTY>  x8-x11: 0000010002ad3f40 0000000000000101 0000000000010101 0000000000401004
TTY> x12-x15: 0000010003244010 0000010002a89380 0000000000000460 0000000000000000
TTY> x16-x19: 00000100029681b8 0000000000000000 0000000000000023 0000000000000007
TTY> x20-x23: 0000010002aa6d88 0000010002a9b000 0000000000aa55ff 0000000000000000
TTY> x24-x27: 0000010002ad3f10 0000000000000000 0000000000000001 0000000000000007
TTY> x28-x30: 0000000000000000 0000010002ad3e60 00000100029f49e4
TTY> PC:       0x100029eed5c (rel: 0x26d5c)
TTY> SP:       0x10002ad3d60
TTY> SPSR:     0x80000009
TTY> FAR:      0x1cb0300000
TTY> ESR:      0xbe000000 (SError)
TTY> L2C_ERR_STS: 0x80
TTY> L2C_ERR_ADR: 0x300501cb0300000
TTY> L2C_ERR_INF: 0x1400000001
TTY> LSU_ERR_STS: 0x0
TTY> FED_ERR_STS: 0x0
TTY> MMU_ERR_STS: 0x0
TTY> Exception: SError
TTY> Exception taken from EL2h
TTY> Running in EL2
TTY> MPIDR: 0x80010100
TTY> Registers: (@0x10002ad3c60)
TTY>   x0-x3: acce5515abad1dea 0000000000000002 0000010002ad3f38 0000010002ad3f38
TTY>   x4-x7: 0000010002ad3f78 0000000000007a69 0000010002ad3f18 0000010002a9b000
TTY>  x8-x11: 0000010002ad3f40 0000000000000101 0000000000010101 0000000000401004
TTY> x12-x15: 0000010003244010 0000010002a89380 0000000000000460 0000000000000000
TTY> x16-x19: 00000100029681b8 0000000000000000 0000000000000023 0000000000000007
TTY> x20-x23: 0000010002aa6d88 0000010002a9b000 0000000000aa55ff 0000000000000000
TTY> x24-x27: 0000010002ad3f10 0000000000000000 0000000000000001 0000000000000007
TTY> x28-x30: 0000000000000000 0000010002ad3e60 00000100029f49e4
TTY> PC:       0x100029eed5c (rel: 0x26d5c)
TTY> SP:       0x10002ad3d60
TTY> SPSR:     0x80000009
TTY> FAR:      0x1cb0300000
TTY> ESR:      0xbe000000 (SError)
TTY> L2C_ERR_STS: 0x80
TTY> L2C_ERR_ADR: 0x300501cb0300000
TTY> L2C_ERR_INF: 0x1400000001
TTY> LSU_ERR_STS: 0x0
TTY> FED_ERR_STS: 0x0
TTY> MMU_ERR_STS: 0x0
TTY> Exception: SError
TTY> Exception taken from EL2h
TTY> Running in EL2
TTY> MPIDR: 0x80010100
TTY> Registers: (@0x10002ad3c60)
TTY>   x0-x3: acce5515abad1dea 0000000000000002 0000010002ad3f38 0000010002ad3f38
TTY>   x4-x7: 0000010002ad3f78 0000000000007a69 0000010002ad3f18 0000010002a9b000
TTY>  x8-x11: 0000010002ad3f40 0000000000000101 0000000000010101 0000000000401004
TTY> x12-x15: 0000010003244010 0000010002a89380 0000000000000460 0000000000000000
TTY> x16-x19: 00000100029681b8 0000000000000000 0000000000000023 0000000000000007
TTY> x20-x23: 0000010002aa6d88 0000010002a9b000 0000000000aa55ff 0000000000000000
TTY> x24-x27: 0000010002ad3f10 0000000000000000 0000000000000001 0000000000000007
TTY> x28-x30: 0000000000000000 0000010002ad3e60 00000100029f49e4
TTY> PC:       0x100029eed5c (rel: 0x26d5c)
TTY> SP:       0x10002ad3d60
TTY> SPSR:     0x80000009
TTY> FAR:      0x1cb0300000
TTY> ESR:      0xbe000000 (SError)
TTY> L2C_ERR_STS: 0x80
TTY> L2C_ERR_ADR: 0x300501cb0300000
TTY> L2C_ERR_INF: 0x1400000001
TTY> LSU_ERR_STS: 0x0
TTY> FED_ERR_STS: 0x0
TTY> MMU_ERR_STS: 0x0
TTY> Exception: SError
TTY> Exception taken from EL2h
TTY> Running in EL2
TTY> MPIDR: 0x80010100
TTY> Registers: (@0x10002ad3c60)
TTY>   x0-x3: acce5515abad1dea 0000000000000002 0000010002ad3f38 0000010002ad3f38
TTY>   x4-x7: 0000010002ad3f78 0000000000007a69 0000010002ad3f18 0000010002a9b000
TTY>  x8-x11: 0000010002ad3f40 0000000000000101 0000000000010101 0000000000401004
TTY> x12-x15: 0000010003244010 0000010002a89380 0000000000000460 0000000000000000
TTY> x16-x19: 00000100029681b8 0000000000000000 0000000000000023 0000000000000007
TTY> x20-x23: 0000010002aa6d88 0000010002a9b000 0000000000aa55ff 0000000000000000
TTY> x24-x27: 0000010002ad3f10 0000000000000000 0000000000000001 0000000000000007
TTY> x28-x30: 0000000000000000 0000010002ad3e60 00000100029f49e4
TTY> PC:       0x100029eed5c (rel: 0x26d5c)
TTY> SP:       0x10002ad3d60
TTY> SPSR:     0x80000009
TTY> FAR:      0x1cb0300000
TTY> ESR:      0xbe000000 (SError)
TTY> L2C_ERR_STS: 0x80
TTY> L2C_ERR_ADR: 0x300501cb0300000
TTY> L2C_ERR_INF: 0x1400000001
TTY> LSU_ERR_STS: 0x0
TTY> FED_ERR_STS: 0x0
TTY> MMU_ERR_STS: 0x0
TTY> Exception: SError
TTY> Exception taken from EL2h
TTY> Running in EL2
TTY> MPIDR: 0x80010100
TTY> Registers: (@0x10002ad3c60)
TTY>   x0-x3: acce5515abad1dea 0000000000000002 0000010002ad3f38 0000010002ad3f38
TTY>   x4-x7: 0000010002ad3f78 0000000000007a69 0000010002ad3f18 0000010002a9b000
TTY>  x8-x11: 0000010002ad3f40 0000000000000101 0000000000010101 0000000000401004
TTY> x12-x15: 0000010003244010 0000010002a89380 0000000000000460 0000000000000000
TTY> x16-x19: 00000100029681b8 0000000000000000 0000000000000023 0000000000000007
TTY> x20-x23: 0000010002aa6d88 0000010002a9b000 0000000000aa55ff 0000000000000000
TTY> x24-x27: 0000010002ad3f10 0000000000000000 0000000000000001 0000000000000007
TTY> x28-x30: 0000000000000000 0000010002ad3e60 00000100029f49e4
TTY> PC:       0x100029eed5c (rel: 0x26d5c)
TTY> SP:       0x10002ad3d60
TTY> SPSR:     0x80000009
TTY> FAR:      0x1cb0300000
TTY> ESR:      0xbe000000 (SError)
TTY> L2C_ERR_STS: 0x80
TTY> L2C_ERR_ADR: 0x300501cb0300000
TTY> L2C_ERR_INF: 0x1400000001
TTY> LSU_ERR_STS: 0x0
TTY> FED_ERR_STS: 0x0
TTY> MMU_ERR_STS: 0x0
TTY> Exception: SError
TTY> Exception taken from EL2h
TTY> Running in EL2
TTY> MPIDR: 0x80010100
TTY> Registers: (@0x10002ad3c60)
TTY>   x0-x3: acce5515abad1dea 0000000000000002 0000010002ad3f38 0000010002ad3f38
TTY>   x4-x7: 0000010002ad3f78 0000000000007a69 0000010002ad3f18 0000010002a9b000
TTY>  x8-x11: 0000010002ad3f40 0000000000000101 0000000000010101 0000000000401004
TTY> x12-x15: 0000010003244010 0000010002a89380 0000000000000460 0000000000000000
TTY> x16-x19: 00000100029681b8 0000000000000000 0000000000000023 0000000000000007
TTY> x20-x23: 0000010002aa6d88 0000010002a9b000 0000000000aa55ff 0000000000000000
TTY> x24-x27: 0000010002ad3f10 0000000000000000 0000000000000001 0000000000000007
TTY> x28-x30: 0000000000000000 0000010002ad3e60 00000100029f49e4
TTY> PC:       0x100029eed5c (rel: 0x26d5c)
TTY> SP:       0x10002ad3d60
TTY> SPSR:     0x80000009
TTY> FAR:      0x1cb0300000
TTY> ESR:      0xbe000000 (SError)
TTY> L2C_ERR_STS: 0x80
TTY> L2C_ERR_ADR: 0x300501cb0300000
TTY> L2C_ERR_INF: 0x1400000001
TTY> LSU_ERR_STS: 0x0
TTY> FED_ERR_STS: 0x0
TTY> MMU_ERR_STS: 0x0
TTY> Exception: SError
TTY> Exception taken from EL2h
TTY> Running in EL2
TTY> MPIDR: 0x80010100
TTY> Registers: (@0x10002ad3c60)
TTY>   x0-x3: acce5515abad1dea 0000000000000002 0000010002ad3f38 0000010002ad3f38
TTY>   x4-x7: 0000010002ad3f78 0000000000007a69 0000010002ad3f18 0000010002a9b000
TTY>  x8-x11: 0000010002ad3f40 0000000000000101 0000000000010101 0000000000401004
TTY> x12-x15: 0000010003244010 0000010002a89380 0000000000000460 0000000000000000
TTY> x16-x19: 00000100029681b8 0000000000000000 0000000000000023 0000000000000007
TTY> x20-x23: 0000010002aa6d88 0000010002a9b000 0000000000aa55ff 0000000000000000
TTY> x24-x27: 0000010002ad3f10 0000000000000000 0000000000000001 0000000000000007
TTY> x28-x30: 0000000000000000 0000010002ad3e60 00000100029f49e4
TTY> PC:       0x100029eed5c (rel: 0x26d5c)
TTY> SP:       0x10002ad3d60
TTY> SPSR:     0x80000009
TTY> FAR:      0x1cb0300000
TTY> ESR:      0xbe000000 (SError)
TTY> L2C_ERR_STS: 0x80
TTY> L2C_ERR_ADR: 0x300501cb0300000
TTY> L2C_ERR_INF: 0x1400000001
TTY> LSU_ERR_STS: 0x0
TTY> FED_ERR_STS: 0x0
TTY> MMU_ERR_STS: 0x0
TTY> Exception: SError
TTY> Exception taken from EL2h
TTY> Running in EL2
TTY> MPIDR: 0x80010100
TTY> Registers: (@0x10002ad3c60)
TTY>   x0-x3: acce5515abad1dea 0000000000000002 0000010002ad3f38 0000010002ad3f38
TTY>   x4-x7: 0000010002ad3f78 0000000000007a69 0000010002ad3f18 0000010002a9b000
TTY>  x8-x11: 0000010002ad3f40 0000000000000101 0000000000010101 0000000000401004
TTY> x12-x15: 0000010003244010 0000010002a89380 0000000000000460 0000000000000000
TTY> x16-x19: 00000100029681b8 0000000000000000 0000000000000023 0000000000000007
TTY> x20-x23: 0000010002aa6d88 0000010002a9b000 0000000000aa55ff 0000000000000000
TTY> x24-x27: 0000010002ad3f10 0000000000000000 0000000000000001 0000000000000007
TTY> x28-x30: 0000000000000000 0000010002ad3e60 00000100029f49e4
TTY> PC:       0x100029eed5c (rel: 0x26d5c)
TTY> SP:       0x10002ad3d60
TTY> SPSR:     0x80000009
TTY> FAR:      0x1cb0300000
TTY> ESR:      0xbe000000 (SError)
TTY> L2C_ERR_STS: 0x80
TTY> L2C_ERR_ADR: 0x300501cb0300000
TTY> L2C_ERR_INF: 0x1400000001
TTY> LSU_ERR_STS: 0x0
TTY> FED_ERR_STS: 0x0
TTY> MMU_ERR_STS: 0x0
TTY> Exception: SError
TTY> Exception taken from EL2h
TTY> Running in EL2
TTY> MPIDR: 0x80010100
TTY> Registers: (@0x10002ad3c60)
TTY>   x0-x3: acce5515abad1dea 0000000000000002 0000010002ad3f38 0000010002ad3f38
TTY>   x4-x7: 0000010002ad3f78 0000000000007a69 0000010002ad3f18 0000010002a9b000
TTY>  x8-x11: 0000010002ad3f40 0000000000000101 0000000000010101 0000000000401004
TTY> x12-x15: 0000010003244010 0000010002a89380 0000000000000460 0000000000000000
TTY> x16-x19: 00000100029681b8 0000000000000000 0000000000000023 0000000000000007
TTY> x20-x23: 0000010002aa6d88 0000010002a9b000 0000000000aa55ff 0000000000000000
TTY> x24-x27: 0000010002ad3f10 0000000000000000 0000000000000001 0000000000000007
TTY> x28-x30: 0000000000000000 0000010002ad3e60 00000100029f49e4
TTY> PC:       0x100029eed5c (rel: 0x26d5c)
TTY> SP:       0x10002ad3d60
TTY> SPSR:     0x80000009
TTY> FAR:      0x1cb0300000
TTY> ESR:      0xbe000000 (SError)
TTY> L2C_ERR_STS: 0x80
TTY> L2C_ERR_ADR: 0x300501cb0300000
TTY> L2C_ERR_INF: 0x1400000001
TTY> LSU_ERR_STS: 0x0
TTY> FED_ERR_STS: 0x0
TTY> MMU_ERR_STS: 0x0
TTY> Exception: SError
TTY> Exception taken from EL2h
TTY> Running in EL2
TTY> MPIDR: 0x80010100
TTY> Registers: (@0x10002ad3c60)
TTY>   x0-x3: acce5515abad1dea 0000000000000002 0000010002ad3f38 0000010002ad3f38
TTY>   x4-x7: 0000010002ad3f78 0000000000007a69 0000010002ad3f18 0000010002a9b000
TTY>  x8-x11: 0000010002ad3f40 0000000000000101 0000000000010101 0000000000401004
TTY> x12-x15: 0000010003244010 0000010002a89380 0000000000000460 0000000000000000
TTY> x16-x19: 00000100029681b8 0000000000000000 0000000000000023 0000000000000007
TTY> x20-x23: 0000010002aa6d88 0000010002a9b000 0000000000aa55ff 0000000000000000
TTY> x24-x27: 0000010002ad3f10 0000000000000000 0000000000000001 0000000000000007
TTY> x28-x30: 0000000000000000 0000010002ad3e60 00000100029f49e4
TTY> PC:       0x100029eed5c (rel: 0x26d5c)
TTY> SP:       0x10002ad3d60
TTY> SPSR:     0x80000009
TTY> FAR:      0x1cb0300000
TTY> ESR:      0xbe000000 (SError)
TTY> L2C_ERR_STS: 0x80
TTY> L2C_ERR_ADR: 0x300501cb0300000
TTY> L2C_ERR_INF: 0x1400000001
TTY> LSU_ERR_STS: 0x0
TTY> FED_ERR_STS: 0x0
TTY> MMU_ERR_STS: 0x0
TTY> Exception: SError
TTY> Exception taken from EL2h
TTY> Running in EL2
TTY> MPIDR: 0x80010100
TTY> Registers: (@0x10002ad3c60)
TTY>   x0-x3: acce5515abad1dea 0000000000000002 0000010002ad3f38 0000010002ad3f38
TTY>   x4-x7: 0000010002ad3f78 0000000000007a69 0000010002ad3f18 0000010002a9b000
TTY>  x8-x11: 0000010002ad3f40 0000000000000101 0000000000010101 0000000000401004
TTY> x12-x15: 0000010003244010 0000010002a89380 0000000000000460 0000000000000000
TTY> x16-x19: 00000100029681b8 0000000000000000 0000000000000023 0000000000000007
TTY> x20-x23: 0000010002aa6d88 0000010002a9b000 0000000000aa55ff 0000000000000000
TTY> x24-x27: 0000010002ad3f10 0000000000000000 0000000000000001 0000000000000007
TTY> x28-x30: 0000000000000000 0000010002ad3e60 00000100029f49e4
TTY> PC:       0x100029eed5c (rel: 0x26d5c)
TTY> SP:       0x10002ad3d60
TTY> SPSR:     0x80000009
TTY> FAR:      0x1cb0300000
TTY> ESR:      0xbe000000 (SError)
TTY> L2C_ERR_STS: 0x80
TTY> L2C_ERR_ADR: 0x300501cb0300000
TTY> L2C_ERR_INF: 0x1400000001
TTY> LSU_ERR_STS: 0x0
TTY> FED_ERR_STS: 0x0
TTY> MMU_ERR_STS: 0x0
TTY> Exception: SError
TTY> Exception taken from EL2h
TTY> Running in EL2
TTY> MPIDR: 0x80010100
TTY> Registers: (@0x10002ad3c60)
TTY>   x0-x3: acce5515abad1dea 0000000000000002 0000010002ad3f38 0000010002ad3f38
TTY>   x4-x7: 0000010002ad3f78 0000000000007a69 0000010002ad3f18 0000010002a9b000
TTY>  x8-x11: 0000010002ad3f40 0000000000000101 0000000000010101 0000000000401004
TTY> x12-x15: 0000010003244010 0000010002a89380 0000000000000460 0000000000000000
TTY> x16-x19: 00000100029681b8 0000000000000000 0000000000000023 0000000000000007
TTY> x20-x23: 0000010002aa6d88 0000010002a9b000 0000000000aa55ff 0000000000000000
TTY> x24-x27: 0000010002ad3f10 0000000000000000 0000000000000001 0000000000000007
TTY> x28-x30: 0000000000000000 0000010002ad3e60 00000100029f49e4
TTY> PC:       0x100029eed5c (rel: 0x26d5c)
TTY> SP:       0x10002ad3d60
TTY> SPSR:     0x80000009
TTY> FAR:      0x1cb0300000
TTY> ESR:      0xbe000000 (SError)
TTY> L2C_ERR_STS: 0x80
TTY> L2C_ERR_ADR: 0x300501cb0300000
TTY> L2C_ERR_INF: 0x1400000001
TTY> LSU_ERR_STS: 0x0
TTY> FED_ERR_STS: 0x0
TTY> MMU_ERR_STS: 0x0
TTY> Exception: SError
TTY> Exception taken from EL2h
TTY> Running in EL2
TTY> MPIDR: 0x80010100
TTY> Registers: (@0x10002ad3c60)
TTY>   x0-x3: acce5515abad1dea 0000000000000002 0000010002ad3f38 0000010002ad3f38
TTY>   x4-x7: 0000010002ad3f78 0000000000007a69 0000010002ad3f18 0000010002a9b000
TTY>  x8-x11: 0000010002ad3f40 0000000000000101 0000000000010101 0000000000401004
TTY> x12-x15: 0000010003244010 0000010002a89380 0000000000000460 0000000000000000
TTY> x16-x19: 00000100029681b8 0000000000000000 0000000000000023 0000000000000007
TTY> x20-x23: 0000010002aa6d88 0000010002a9b000 0000000000aa55ff 0000000000000000
TTY> x24-x27: 0000010002ad3f10 0000000000000000 0000000000000001 0000000000000007
TTY> x28-x30: 0000000000000000 0000010002ad3e60 00000100029f49e4
TTY> PC:       0x100029eed5c (rel: 0x26d5c)
TTY> SP:       0x10002ad3d60
TTY> SPSR:     0x80000009
TTY> FAR:      0x1cb0300000
TTY> ESR:      0xbe000000 (SError)
TTY> L2C_ERR_STS: 0x80
TTY> L2C_ERR_ADR: 0x300501cb0300000
TTY> L2C_ERR_INF: 0x1400000001
TTY> LSU_ERR_STS: 0x0
TTY> FED_ERR_STS: 0x0
TTY> MMU_ERR_STS: 0x0
TTY> Exception: SError
TTY> Exception taken from EL2h
TTY> Running in EL2
TTY> MPIDR: 0x80010100
TTY> Registers: (@0x10002ad3c60)
TTY>   x0-x3: acce5515abad1dea 0000000000000002 0000010002ad3f38 0000010002ad3f38
TTY>   x4-x7: 0000010002ad3f78 0000000000007a69 0000010002ad3f18 0000010002a9b000
TTY>  x8-x11: 0000010002ad3f40 0000000000000101 0000000000010101 0000000000401004
TTY> x12-x15: 0000010003244010 0000010002a89380 0000000000000460 0000000000000000
TTY> x16-x19: 00000100029681b8 0000000000000000 0000000000000023 0000000000000007
TTY> x20-x23: 0000010002aa6d88 0000010002a9b000 0000000000aa55ff 0000000000000000
TTY> x24-x27: 0000010002ad3f10 0000000000000000 0000000000000001 0000000000000007
TTY> x28-x30: 0000000000000000 0000010002ad3e60 00000100029f49e4
TTY> PC:       0x100029eed5c (rel: 0x26d5c)
TTY> SP:       0x10002ad3d60
TTY> SPSR:     0x80000009
TTY> FAR:      0x1cb0300000
TTY> ESR:      0xbe000000 (SError)
TTY> L2C_ERR_STS: 0x80
TTY> L2C_ERR_ADR: 0x300501cb0300000
TTY> L2C_ERR_INF: 0x1400000001
TTY> LSU_ERR_STS: 0x0
TTY> FED_ERR_STS: 0x0
TTY> MMU_ERR_STS: 0x0
TTY> Exception: SError
TTY> Exception taken from EL2h
TTY> Running in EL2
TTY> MPIDR: 0x80010100
TTY> Registers: (@0x10002ad3c60)
TTY>   x0-x3: acce5515abad1dea 0000000000000002 0000010002ad3f38 0000010002ad3f38
TTY>   x4-x7: 0000010002ad3f78 0000000000007a69 0000010002ad3f18 0000010002a9b000
TTY>  x8-x11: 0000010002ad3f40 0000000000000101 0000000000010101 0000000000401004
TTY> x12-x15: 0000010003244010 0000010002a89380 0000000000000460 0000000000000000
TTY> x16-x19: 00000100029681b8 0000000000000000 0000000000000023 0000000000000007
TTY> x20-x23: 0000010002aa6d88 0000010002a9b000 0000000000aa55ff 0000000000000000
TTY> x24-x27: 0000010002ad3f10 0000000000000000 0000000000000001 0000000000000007
TTY> x28-x30: 0000000000000000 0000010002ad3e60 00000100029f49e4
TTY> PC:       0x100029eed5c (rel: 0x26d5c)
TTY> SP:       0x10002ad3d60
TTY> SPSR:     0x80000009
TTY> FAR:      0x1cb0300000
TTY> ESR:      0xbe000000 (SError)
TTY> L2C_ERR_STS: 0x80
TTY> L2C_ERR_ADR: 0x300501cb0300000
TTY> L2C_ERR_INF: 0x1400000001
TTY> LSU_ERR_STS: 0x0
TTY> FED_ERR_STS: 0x0
TTY> MMU_ERR_STS: 0x0
TTY> Exception: SError
TTY> Exception taken from EL2h
TTY> Running in EL2
TTY> MPIDR: 0x80010100
TTY> Registers: (@0x10002ad3c60)
TTY>   x0-x3: acce5515abad1dea 0000000000000002 0000010002ad3f38 0000010002ad3f38
TTY>   x4-x7: 0000010002ad3f78 0000000000007a69 0000010002ad3f18 0000010002a9b000
TTY>  x8-x11: 0000010002ad3f40 0000000000000101 0000000000010101 0000000000401004
TTY> x12-x15: 0000010003244010 0000010002a89380 0000000000000460 0000000000000000
TTY> x16-x19: 00000100029681b8 0000000000000000 0000000000000023 0000000000000007
TTY> x20-x23: 0000010002aa6d88 0000010002a9b000 0000000000aa55ff 0000000000000000
TTY> x24-x27: 0000010002ad3f10 0000000000000000 0000000000000001 0000000000000007
TTY> x28-x30: 0000000000000000 0000010002ad3e60 00000100029f49e4
TTY> PC:       0x100029eed5c (rel: 0x26d5c)
TTY> SP:       0x10002ad3d60
TTY> SPSR:     0x80000009
TTY> FAR:      0x1cb0300000
TTY> ESR:      0xbe000000 (SError)
TTY> L2C_ERR_STS: 0x80
TTY> L2C_ERR_ADR: 0x300501cb0300000
TTY> L2C_ERR_INF: 0x1400000001
TTY> LSU_ERR_STS: 0x0
TTY> FED_ERR_STS: 0x0
TTY> MMU_ERR_STS: 0x0
TTY> Exception: SError
TTY> Exception taken from EL2h
TTY> Running in EL2
TTY> MPIDR: 0x80010100
TTY> Registers: (@0x10002ad3c60)
TTY>   x0-x3: acce5515abad1dea 0000000000000002 0000010002ad3f38 0000010002ad3f38
TTY>   x4-x7: 0000010002ad3f78 0000000000007a69 0000010002ad3f18 0000010002a9b000
TTY>  x8-x11: 0000010002ad3f40 0000000000000101 0000000000010101 0000000000401004
TTY> x12-x15: 0000010003244010 0000010002a89380 0000000000000460 0000000000000000
TTY> x16-x19: 00000100029681b8 0000000000000000 0000000000000023 0000000000000007
TTY> x20-x23: 0000010002aa6d88 0000010002a9b000 0000000000aa55ff 0000000000000000
TTY> x24-x27: 0000010002ad3f10 0000000000000000 0000000000000001 0000000000000007
TTY> x28-x30: 0000000000000000 0000010002ad3e60 00000100029f49e4
TTY> PC:       0x100029eed5c (rel: 0x26d5c)
TTY> SP:       0x10002ad3d60
TTY> SPSR:     0x80000009
TTY> FAR:      0x1cb0300000
TTY> ESR:      0xbe000000 (SError)
TTY> L2C_ERR_STS: 0x80
TTY> L2C_ERR_ADR: 0x300501cb0300000
TTY> L2C_ERR_INF: 0x1400000001
TTY> LSU_ERR_STS: 0x0
TTY> FED_ERR_STS: 0x0
TTY> MMU_ERR_STS: 0x0
TTY> Exception: SError
TTY> Exception taken from EL2h
TTY> Running in EL2
TTY> MPIDR: 0x80010100
TTY> Registers: (@0x10002ad3c60)
TTY>   x0-x3: acce5515abad1dea 0000000000000002 0000010002ad3f38 0000010002ad3f38
TTY>   x4-x7: 0000010002ad3f78 0000000000007a69 0000010002ad3f18 0000010002a9b000
TTY>  x8-x11: 0000010002ad3f40 0000000000000101 0000000000010101 0000000000401004
TTY> x12-x15: 0000010003244010 0000010002a89380 0000000000000460 0000000000000000
TTY> x16-x19: 00000100029681b8 0000000000000000 0000000000000023 0000000000000007
TTY> x20-x23: 0000010002aa6d88 0000010002a9b000 0000000000aa55ff 0000000000000000
TTY> x24-x27: 0000010002ad3f10 0000000000000000 0000000000000001 0000000000000007
TTY> x28-x30: 0000000000000000 0000010002ad3e60 00000100029f49e4
TTY> PC:       0x100029eed5c (rel: 0x26d5c)
TTY> SP:       0x10002ad3d60
TTY> SPSR:     0x80000009
TTY> FAR:      0x1cb0300000
TTY> ESR:      0xbe000000 (SError)
TTY> L2C_ERR_STS: 0x80
TTY> L2C_ERR_ADR: 0x300501cb0300000
TTY> L2C_ERR_INF: 0x1400000001
TTY> LSU_ERR_STS: 0x0
TTY> FED_ERR_STS: 0x0
TTY> MMU_ERR_STS: 0x0
TTY> Exception: SError
TTY> Exception taken from EL2h
TTY> Running in EL2
TTY> MPIDR: 0x80010100
TTY> Registers: (@0x10002ad3c60)
TTY>   x0-x3: acce5515abad1dea 0000000000000002 0000010002ad3f38 0000010002ad3f38
TTY>   x4-x7: 0000010002ad3f78 0000000000007a69 0000010002ad3f18 0000010002a9b000
TTY>  x8-x11: 0000010002ad3f40 0000000000000101 0000000000010101 0000000000401004
TTY> x12-x15: 0000010003244010 0000010002a89380 0000000000000460 0000000000000000
TTY> x16-x19: 00000100029681b8 0000000000000000 0000000000000023 0000000000000007
TTY> x20-x23: 0000010002aa6d88 0000010002a9b000 0000000000aa55ff 0000000000000000
TTY> x24-x27: 0000010002ad3f10 0000000000000000 0000000000000001 0000000000000007
TTY> x28-x30: 0000000000000000 0000010002ad3e60 00000100029f49e4
TTY> PC:       0x100029eed5c (rel: 0x26d5c)
TTY> SP:       0x10002ad3d60
TTY> SPSR:     0x80000009
TTY> FAR:      0x1cb0300000
TTY> ESR:      0xbe000000 (SError)
TTY> L2C_ERR_STS: 0x80
TTY> L2C_ERR_ADR: 0x300501cb0300000
TTY> L2C_ERR_INF: 0x1400000001
TTY> LSU_ERR_STS: 0x0
TTY> FED_ERR_STS: 0x0
TTY> MMU_ERR_STS: 0x0
TTY> Exception: SError
TTY> Exception taken from EL2h
TTY> Running in EL2
TTY> MPIDR: 0x80010100
TTY> Registers: (@0x10002ad3c60)
TTY>   x0-x3: acce5515abad1dea 0000000000000002 0000010002ad3f38 0000010002ad3f38
TTY>   x4-x7: 0000010002ad3f78 0000000000007a69 0000010002ad3f18 0000010002a9b000
TTY>  x8-x11: 0000010002ad3f40 0000000000000101 0000000000010101 0000000000401004
TTY> x12-x15: 0000010003244010 0000010002a89380 0000000000000460 0000000000000000
TTY> x16-x19: 00000100029681b8 0000000000000000 0000000000000023 0000000000000007
TTY> x20-x23: 0000010002aa6d88 0000010002a9b000 0000000000aa55ff 0000000000000000
TTY> x24-x27: 0000010002ad3f10 0000000000000000 0000000000000001 0000000000000007
TTY> x28-x30: 0000000000000000 0000010002ad3e60 00000100029f49e4
TTY> PC:       0x100029eed5c (rel: 0x26d5c)
TTY> SP:       0x10002ad3d60
TTY> SPSR:     0x80000009
TTY> FAR:      0x1cb0300000
TTY> ESR:      0xbe000000 (SError)
TTY> L2C_ERR_STS: 0x80
TTY> L2C_ERR_ADR: 0x300501cb0300000
TTY> L2C_ERR_INF: 0x1400000001
TTY> LSU_ERR_STS: 0x0
TTY> FED_ERR_STS: 0x0
TTY> MMU_ERR_STS: 0x0
TTY> Exception: SError
TTY> Exception taken from EL2h
TTY> Running in EL2
TTY> MPIDR: 0x80010100
TTY> Registers: (@0x10002ad3c60)
TTY>   x0-x3: acce5515abad1dea 0000000000000002 0000010002ad3f38 0000010002ad3f38
TTY>   x4-x7: 0000010002ad3f78 0000000000007a69 0000010002ad3f18 0000010002a9b000
TTY>  x8-x11: 0000010002ad3f40 0000000000000101 0000000000010101 0000000000401004
TTY> x12-x15: 0000010003244010 0000010002a89380 0000000000000460 0000000000000000
TTY> x16-x19: 00000100029681b8 0000000000000000 0000000000000023 0000000000000007
TTY> x20-x23: 0000010002aa6d88 0000010002a9b000 0000000000aa55ff 0000000000000000
TTY> x24-x27: 0000010002ad3f10 0000000000000000 0000000000000001 0000000000000007
TTY> x28-x30: 0000000000000000 0000010002ad3e60 00000100029f49e4
TTY> PC:       0x100029eed5c (rel: 0x26d5c)
TTY> SP:       0x10002ad3d60
TTY> SPSR:     0x80000009
TTY> FAR:      0x1cb0300000
TTY> ESR:      0xbe000000 (SError)
TTY> L2C_ERR_STS: 0x80
TTY> L2C_ERR_ADR: 0x300501cb0300000
TTY> L2C_ERR_INF: 0x1400000001
TTY> LSU_ERR_STS: 0x0
TTY> FED_ERR_STS: 0x0
TTY> MMU_ERR_STS: 0x0
TTY> Exception: SError
TTY> Exception taken from EL2h
TTY> Running in EL2
TTY> MPIDR: 0x80010100
TTY> Registers: (@0x10002ad3c60)
TTY>   x0-x3: acce5515abad1dea 0000000000000002 0000010002ad3f38 0000010002ad3f38
TTY>   x4-x7: 0000010002ad3f78 0000000000007a69 0000010002ad3f18 0000010002a9b000
TTY>  x8-x11: 0000010002ad3f40 0000000000000101 0000000000010101 0000000000401004
TTY> x12-x15: 0000010003244010 0000010002a89380 0000000000000460 0000000000000000
TTY> x16-x19: 00000100029681b8 0000000000000000 0000000000000023 0000000000000007
TTY> x20-x23: 0000010002aa6d88 0000010002a9b000 0000000000aa55ff 0000000000000000
TTY> x24-x27: 0000010002ad3f10 0000000000000000 0000000000000001 0000000000000007
TTY> x28-x30: 0000000000000000 0000010002ad3e60 00000100029f49e4
TTY> PC:       0x100029eed5c (rel: 0x26d5c)
TTY> SP:       0x10002ad3d60
TTY> SPSR:     0x80000009
TTY> FAR:      0x1cb0300000
TTY> ESR:      0xbe000000 (SError)
TTY> L2C_ERR_STS: 0x80
TTY> L2C_ERR_ADR: 0x300501cb0300000
TTY> L2C_ERR_INF: 0x1400000001
TTY> LSU_ERR_STS: 0x0
TTY> FED_ERR_STS: 0x0
TTY> MMU_ERR_STS: 0x0
TTY> Exception: SError
TTY> Exception taken from EL2h
TTY> Running in EL2
TTY> MPIDR: 0x80010100
TTY> Registers: (@0x10002ad3c60)
TTY>   x0-x3: acce5515abad1dea 0000000000000002 0000010002ad3f38 0000010002ad3f38
TTY>   x4-x7: 0000010002ad3f78 0000000000007a69 0000010002ad3f18 0000010002a9b000
TTY>  x8-x11: 0000010002ad3f40 0000000000000101 0000000000010101 0000000000401004
TTY> x12-x15: 0000010003244010 0000010002a89380 0000000000000460 0000000000000000
TTY> x16-x19: 00000100029681b8 0000000000000000 0000000000000023 0000000000000007
TTY> x20-x23: 0000010002aa6d88 0000010002a9b000 0000000000aa55ff 0000000000000000
TTY> x24-x27: 0000010002ad3f10 0000000000000000 0000000000000001 0000000000000007
TTY> x28-x30: 0000000000000000 0000010002ad3e60 00000100029f49e4
TTY> PC:       0x100029eed5c (rel: 0x26d5c)
TTY> SP:       0x10002ad3d60
TTY> SPSR:     0x80000009
TTY> FAR:      0x1cb0300000
TTY> ESR:      0xbe000000 (SError)
TTY> L2C_ERR_STS: 0x80
TTY> L2C_ERR_ADR: 0x300501cb0300000
TTY> L2C_ERR_INF: 0x1400000001
TTY> LSU_ERR_STS: 0x0
TTY> FED_ERR_STS: 0x0
TTY> MMU_ERR_STS: 0x0
TTY> Exception: SError
TTY> Exception taken from EL2h
TTY> Running in EL2
TTY> MPIDR: 0x80010100
TTY> Registers: (@0x10002ad3c60)
TTY>   x0-x3: acce5515abad1dea 0000000000000002 0000010002ad3f38 0000010002ad3f38
TTY>   x4-x7: 0000010002ad3f78 0000000000007a69 0000010002ad3f18 0000010002a9b000
TTY>  x8-x11: 0000010002ad3f40 0000000000000101 0000000000010101 0000000000401004
TTY> x12-x15: 0000010003244010 0000010002a89380 0000000000000460 0000000000000000
TTY> x16-x19: 00000100029681b8 0000000000000000 0000000000000023 0000000000000007
TTY> x20-x23: 0000010002aa6d88 0000010002a9b000 0000000000aa55ff 0000000000000000
TTY> x24-x27: 0000010002ad3f10 0000000000000000 0000000000000001 0000000000000007
TTY> x28-x30: 0000000000000000 0000010002ad3e60 00000100029f49e4
TTY> PC:       0x100029eed5c (rel: 0x26d5c)
TTY> SP:       0x10002ad3d60
TTY> SPSR:     0x80000009
TTY> FAR:      0x1cb0300000
TTY> ESR:      0xbe000000 (SError)
TTY> L2C_ERR_STS: 0x80
TTY> L2C_ERR_ADR: 0x300501cb0300000
TTY> L2C_ERR_INF: 0x1400000001
TTY> LSU_ERR_STS: 0x0
TTY> FED_ERR_STS: 0x0
TTY> MMU_ERR_STS: 0x0
TTY> Exception: SError
TTY> Exception taken from EL2h
TTY> Running in EL2
TTY> MPIDR: 0x80010100
TTY> Registers: (@0x10002ad3c60)
TTY>   x0-x3: acce5515abad1dea 0000000000000002 0000010002ad3f38 0000010002ad3f38
TTY>   x4-x7: 0000010002ad3f78 0000000000007a69 0000010002ad3f18 0000010002a9b000
TTY>  x8-x11: 0000010002ad3f40 0000000000000101 0000000000010101 0000000000401004
TTY> x12-x15: 0000010003244010 0000010002a89380 0000000000000460 0000000000000000
TTY> x16-x19: 00000100029681b8 0000000000000000 0000000000000023 0000000000000007
TTY> x20-x23: 0000010002aa6d88 0000010002a9b000 0000000000aa55ff 0000000000000000
TTY> x24-x27: 0000010002ad3f10 0000000000000000 0000000000000001 0000000000000007
TTY> x28-x30: 0000000000000000 0000010002ad3e60 00000100029f49e4
TTY> PC:       0x100029eed5c (rel: 0x26d5c)
TTY> SP:       0x10002ad3d60
TTY> SPSR:     0x80000009
TTY> FAR:      0x1cb0300000
TTY> ESR:      0xbe000000 (SError)
TTY> L2C_ERR_STS: 0x80
TTY> L2C_ERR_ADR: 0x300501cb0300000
TTY> L2C_ERR_INF: 0x1400000001
TTY> LSU_ERR_STS: 0x0
TTY> FED_ERR_STS: 0x0
TTY> MMU_ERR_STS: 0x0
TTY> Exception: SError
TTY> Exception taken from EL2h
TTY> Running in EL2
TTY> MPIDR: 0x80010100
TTY> Registers: (@0x10002ad3c60)
TTY>   x0-x3: acce5515abad1dea 0000000000000002 0000010002ad3f38 0000010002ad3f38
TTY>   x4-x7: 0000010002ad3f78 0000000000007a69 0000010002ad3f18 0000010002a9b000
TTY>  x8-x11: 0000010002ad3f40 0000000000000101 0000000000010101 0000000000401004
TTY> x12-x15: 0000010003244010 0000010002a89380 0000000000000460 0000000000000000
TTY> x16-x19: 00000100029681b8 0000000000000000 0000000000000023 0000000000000007
TTY> x20-x23: 0000010002aa6d88 0000010002a9b000 0000000000aa55ff 0000000000000000
TTY> x24-x27: 0000010002ad3f10 0000000000000000 0000000000000001 0000000000000007
TTY> x28-x30: 0000000000000000 0000010002ad3e60 00000100029f49e4
TTY> PC:       0x100029eed5c (rel: 0x26d5c)
TTY> SP:       0x10002ad3d60
TTY> SPSR:     0x80000009
TTY> FAR:      0x1cb0300000
TTY> ESR:      0xbe000000 (SError)
TTY> L2C_ERR_STS: 0x80
TTY> L2C_ERR_ADR: 0x300501cb0300000
TTY> L2C_ERR_INF: 0x1400000001
TTY> LSU_ERR_STS: 0x0
TTY> FED_ERR_STS: 0x0
TTY> MMU_ERR_STS: 0x0
TTY> Exception: SError
TTY> Exception taken from EL2h
TTY> Running in EL2
TTY> MPIDR: 0x80010100
TTY> Registers: (@0x10002ad3c60)
TTY>   x0-x3: acce5515abad1dea 0000000000000002 0000010002ad3f38 0000010002ad3f38
TTY>   x4-x7: 0000010002ad3f78 0000000000007a69 0000010002ad3f18 0000010002a9b000
TTY>  x8-x11: 0000010002ad3f40 0000000000000101 0000000000010101 0000000000401004
TTY> x12-x15: 0000010003244010 0000010002a89380 0000000000000460 0000000000000000
TTY> x16-x19: 00000100029681b8 0000000000000000 0000000000000023 0000000000000007
TTY> x20-x23: 0000010002aa6d88 0000010002a9b000 0000000000aa55ff 0000000000000000
TTY> x24-x27: 0000010002ad3f10 0000000000000000 0000000000000001 0000000000000007
TTY> x28-x30: 0000000000000000 0000010002ad3e60 00000100029f49e4
TTY> PC:       0x100029eed5c (rel: 0x26d5c)
TTY> SP:       0x10002ad3d60
TTY> SPSR:     0x80000009
TTY> FAR:      0x1cb0300000
TTY> ESR:      0xbe000000 (SError)
TTY> L2C_ERR_STS: 0x80
TTY> L2C_ERR_ADR: 0x300501cb0300000
TTY> L2C_ERR_INF: 0x1400000001
TTY> LSU_ERR_STS: 0x0
TTY> FED_ERR_STS: 0x0
TTY> MMU_ERR_STS: 0x0
TTY> Exception: SError
TTY> Exception taken from EL2h
TTY> Running in EL2
TTY> MPIDR: 0x80010100
TTY> Registers: (@0x10002ad3c60)
TTY>   x0-x3: acce5515abad1dea 0000000000000002 0000010002ad3f38 0000010002ad3f38
TTY>   x4-x7: 0000010002ad3f78 0000000000007a69 0000010002ad3f18 0000010002a9b000
TTY>  x8-x11: 0000010002ad3f40 0000000000000101 0000000000010101 0000000000401004
TTY> x12-x15: 0000010003244010 0000010002a89380 0000000000000460 0000000000000000
TTY> x16-x19: 00000100029681b8 0000000000000000 0000000000000023 0000000000000007
TTY> x20-x23: 0000010002aa6d88 0000010002a9b000 0000000000aa55ff 0000000000000000
TTY> x24-x27: 0000010002ad3f10 0000000000000000 0000000000000001 0000000000000007
TTY> x28-x30: 0000000000000000 0000010002ad3e60 00000100029f49e4
TTY> PC:       0x100029eed5c (rel: 0x26d5c)
TTY> SP:       0x10002ad3d60
TTY> SPSR:     0x80000009
TTY> FAR:      0x1cb0300000
TTY> ESR:      0xbe000000 (SError)
TTY> L2C_ERR_STS: 0x80
TTY> L2C_ERR_ADR: 0x300501cb0300000
TTY> L2C_ERR_INF: 0x1400000001
TTY> LSU_ERR_STS: 0x0
TTY> FED_ERR_STS: 0x0
TTY> MMU_ERR_STS: 0x0
TTY> Exception: SError
TTY> Exception taken from EL2h
TTY> Running in EL2
TTY> MPIDR: 0x80010100
TTY> Registers: (@0x10002ad3c60)
TTY>   x0-x3: acce5515abad1dea 0000000000000002 0000010002ad3f38 0000010002ad3f38
TTY>   x4-x7: 0000010002ad3f78 0000000000007a69 0000010002ad3f18 0000010002a9b000
TTY>  x8-x11: 0000010002ad3f40 0000000000000101 0000000000010101 0000000000401004
TTY> x12-x15: 0000010003244010 0000010002a89380 0000000000000460 0000000000000000
TTY> x16-x19: 00000100029681b8 0000000000000000 0000000000000023 0000000000000007
TTY> x20-x23: 0000010002aa6d88 0000010002a9b000 0000000000aa55ff 0000000000000000
TTY> x24-x27: 0000010002ad3f10 0000000000000000 0000000000000001 0000000000000007
TTY> x28-x30: 0000000000000000 0000010002ad3e60 00000100029f49e4
TTY> PC:       0x100029eed5c (rel: 0x26d5c)
TTY> SP:       0x10002ad3d60
TTY> SPSR:     0x80000009
TTY> FAR:      0x1cb0300000
TTY> ESR:      0xbe000000 (SError)
TTY> L2C_ERR_STS: 0x80
TTY> L2C_ERR_ADR: 0x300501cb0300000
TTY> L2C_ERR_INF: 0x1400000001
TTY> LSU_ERR_STS: 0x0
TTY> FED_ERR_STS: 0x0
TTY> MMU_ERR_STS: 0x0
TTY> Exception: SError
TTY> Exception taken from EL2h
TTY> Running in EL2
TTY> MPIDR: 0x80010100
TTY> Registers: (@0x10002ad3c60)
TTY>   x0-x3: acce5515abad1dea 0000000000000002 0000010002ad3f38 0000010002ad3f38
TTY>   x4-x7: 0000010002ad3f78 0000000000007a69 0000010002ad3f18 0000010002a9b000
TTY>  x8-x11: 0000010002ad3f40 0000000000000101 0000000000010101 0000000000401004
TTY> x12-x15: 0000010003244010 0000010002a89380 0000000000000460 0000000000000000
TTY> x16-x19: 00000100029681b8 0000000000000000 0000000000000023 0000000000000007
TTY> x20-x23: 0000010002aa6d88 0000010002a9b000 0000000000aa55ff 0000000000000000
TTY> x24-x27: 0000010002ad3f10 0000000000000000 0000000000000001 0000000000000007
TTY> x28-x30: 0000000000000000 0000010002ad3e60 00000100029f49e4
TTY> PC:       0x100029eed5c (rel: 0x26d5c)
TTY> SP:       0x10002ad3d60
TTY> SPSR:     0x80000009
TTY> FAR:      0x1cb0300000
TTY> ESR:      0xbe000000 (SError)
TTY> L2C_ERR_STS: 0x80
TTY> L2C_ERR_ADR: 0x300501cb0300000
TTY> L2C_ERR_INF: 0x1400000001
TTY> LSU_ERR_STS: 0x0
TTY> FED_ERR_STS: 0x0
TTY> MMU_ERR_STS: 0x0
TTY> Exception: SError
TTY> Exception taken from EL2h
TTY> Running in EL2
TTY> MPIDR: 0x80010100
TTY> Registers: (@0x10002ad3c60)
TTY>   x0-x3: acce5515abad1dea 0000000000000002 0000010002ad3f38 0000010002ad3f38
TTY>   x4-x7: 0000010002ad3f78 0000000000007a69 0000010002ad3f18 0000010002a9b000
TTY>  x8-x11: 0000010002ad3f40 0000000000000101 0000000000010101 0000000000401004
TTY> x12-x15: 0000010003244010 0000010002a89380 0000000000000460 0000000000000000
TTY> x16-x19: 00000100029681b8 0000000000000000 0000000000000023 0000000000000007
TTY> x20-x23: 0000010002aa6d88 0000010002a9b000 0000000000aa55ff 0000000000000000
TTY> x24-x27: 0000010002ad3f10 0000000000000000 0000000000000001 0000000000000007
TTY> x28-x30: 0000000000000000 0000010002ad3e60 00000100029f49e4
TTY> PC:       0x100029eed5c (rel: 0x26d5c)
TTY> SP:       0x10002ad3d60
TTY> SPSR:     0x80000009
TTY> FAR:      0x1cb0300000
TTY> ESR:      0xbe000000 (SError)
TTY> L2C_ERR_STS: 0x80
TTY> L2C_ERR_ADR: 0x300501cb0300000
TTY> L2C_ERR_INF: 0x1400000001
TTY> LSU_ERR_STS: 0x0
TTY> FED_ERR_STS: 0x0
TTY> MMU_ERR_STS: 0x0
TTY> Exception: SError
TTY> Exception taken from EL2h
TTY> Running in EL2
TTY> MPIDR: 0x80010100
TTY> Registers: (@0x10002ad3c60)
TTY>   x0-x3: acce5515abad1dea 0000000000000002 0000010002ad3f38 0000010002ad3f38
TTY>   x4-x7: 0000010002ad3f78 0000000000007a69 0000010002ad3f18 0000010002a9b000
TTY>  x8-x11: 0000010002ad3f40 0000000000000101 0000000000010101 0000000000401004
TTY> x12-x15: 0000010003244010 0000010002a89380 0000000000000460 0000000000000000
TTY> x16-x19: 00000100029681b8 0000000000000000 0000000000000023 0000000000000007
TTY> x20-x23: 0000010002aa6d88 0000010002a9b000 0000000000aa55ff 0000000000000000
TTY> x24-x27: 0000010002ad3f10 0000000000000000 0000000000000001 0000000000000007
TTY> x28-x30: 0000000000000000 0000010002ad3e60 00000100029f49e4
TTY> PC:       0x100029eed5c (rel: 0x26d5c)
TTY> SP:       0x10002ad3d60
TTY> SPSR:     0x80000009
TTY> FAR:      0x1cb0300000
TTY> ESR:      0xbe000000 (SError)
TTY> L2C_ERR_STS: 0x80
TTY> L2C_ERR_ADR: 0x300501cb0300000
TTY> L2C_ERR_INF: 0x1400000001
TTY> LSU_ERR_STS: 0x0
TTY> FED_ERR_STS: 0x0
TTY> MMU_ERR_STS: 0x0
TTY> Exception: SError
TTY> Exception taken from EL2h
TTY> Running in EL2
TTY> MPIDR: 0x80010100
TTY> Registers: (@0x10002ad3c60)
TTY>   x0-x3: acce5515abad1dea 0000000000000002 0000010002ad3f38 0000010002ad3f38
TTY>   x4-x7: 0000010002ad3f78 0000000000007a69 0000010002ad3f18 0000010002a9b000
TTY>  x8-x11: 0000010002ad3f40 0000000000000101 0000000000010101 0000000000401004
TTY> x12-x15: 0000010003244010 0000010002a89380 0000000000000460 0000000000000000
TTY> x16-x19: 00000100029681b8 0000000000000000 0000000000000023 0000000000000007
TTY> x20-x23: 0000010002aa6d88 0000010002a9b000 0000000000aa55ff 0000000000000000
TTY> x24-x27: 0000010002ad3f10 0000000000000000 0000000000000001 0000000000000007
TTY> x28-x30: 0000000000000000 0000010002ad3e60 00000100029f49e4
TTY> PC:       0x100029eed5c (rel: 0x26d5c)
TTY> SP:       0x10002ad3d60
TTY> SPSR:     0x80000009
TTY> FAR:      0x1cb0300000
TTY> ESR:      0xbe000000 (SError)
TTY> L2C_ERR_STS: 0x80
TTY> L2C_ERR_ADR: 0x300501cb0300000
TTY> L2C_ERR_INF: 0x1400000001
TTY> LSU_ERR_STS: 0x0
TTY> FED_ERR_STS: 0x0
TTY> MMU_ERR_STS: 0x0
TTY> Exception: SError
TTY> Exception taken from EL2h
TTY> Running in EL2
TTY> MPIDR: 0x80010100
TTY> Registers: (@0x10002ad3c60)
TTY>   x0-x3: acce5515abad1dea 0000000000000002 0000010002ad3f38 0000010002ad3f38
TTY>   x4-x7: 0000010002ad3f78 0000000000007a69 0000010002ad3f18 0000010002a9b000
TTY>  x8-x11: 0000010002ad3f40 0000000000000101 0000000000010101 0000000000401004
TTY> x12-x15: 0000010003244010 0000010002a89380 0000000000000460 0000000000000000
TTY> x16-x19: 00000100029681b8 0000000000000000 0000000000000023 0000000000000007
TTY> x20-x23: 0000010002aa6d88 0000010002a9b000 0000000000aa55ff 0000000000000000
TTY> x24-x27: 0000010002ad3f10 0000000000000000 0000000000000001 0000000000000007
TTY> x28-x30: 0000000000000000 0000010002ad3e60 00000100029f49e4
TTY> PC:       0x100029eed5c (rel: 0x26d5c)
TTY> SP:       0x10002ad3d60
TTY> SPSR:     0x80000009
TTY> FAR:      0x1cb0300000
TTY> ESR:      0xbe000000 (SError)
TTY> L2C_ERR_STS: 0x80
TTY> L2C_ERR_ADR: 0x300501cb0300000
TTY> L2C_ERR_INF: 0x1400000001
TTY> LSU_ERR_STS: 0x0
TTY> FED_ERR_STS: 0x0
TTY> MMU_ERR_STS: 0x0
TTY> Exception: SError
TTY> Exception taken from EL2h
TTY> Running in EL2
TTY> MPIDR: 0x80010100
TTY> Registers: (@0x10002ad3c60)
TTY>   x0-x3: acce5515abad1dea 0000000000000002 0000010002ad3f38 0000010002ad3f38
TTY>   x4-x7: 0000010002ad3f78 0000000000007a69 0000010002ad3f18 0000010002a9b000
TTY>  x8-x11: 0000010002ad3f40 0000000000000101 0000000000010101 0000000000401004
TTY> x12-x15: 0000010003244010 0000010002a89380 0000000000000460 0000000000000000
TTY> x16-x19: 00000100029681b8 0000000000000000 0000000000000023 0000000000000007
TTY> x20-x23: 0000010002aa6d88 0000010002a9b000 0000000000aa55ff 0000000000000000
TTY> x24-x27: 0000010002ad3f10 0000000000000000 0000000000000001 0000000000000007
TTY> x28-x30: 0000000000000000 0000010002ad3e60 00000100029f49e4
TTY> PC:       0x100029eed5c (rel: 0x26d5c)
TTY> SP:       0x10002ad3d60
TTY> SPSR:     0x80000009
TTY> FAR:      0x1cb0300000
TTY> ESR:      0xbe000000 (SError)
TTY> L2C_ERR_STS: 0x80
TTY> L2C_ERR_ADR: 0x300501cb0300000
TTY> L2C_ERR_INF: 0x1400000001
TTY> LSU_ERR_STS: 0x0
TTY> FED_ERR_STS: 0x0
TTY> MMU_ERR_STS: 0x0
TTY> Exception: SError
TTY> Exception taken from EL2h
TTY> Running in EL2
TTY> MPIDR: 0x80010100
TTY> Registers: (@0x10002ad3c60)
TTY>   x0-x3: acce5515abad1dea 0000000000000002 0000010002ad3f38 0000010002ad3f38
TTY>   x4-x7: 0000010002ad3f78 0000000000007a69 0000010002ad3f18 0000010002a9b000
TTY>  x8-x11: 0000010002ad3f40 0000000000000101 0000000000010101 0000000000401004
TTY> x12-x15: 0000010003244010 0000010002a89380 0000000000000460 0000000000000000
TTY> x16-x19: 00000100029681b8 0000000000000000 0000000000000023 0000000000000007
TTY> x20-x23: 0000010002aa6d88 0000010002a9b000 0000000000aa55ff 0000000000000000
TTY> x24-x27: 0000010002ad3f10 0000000000000000 0000000000000001 0000000000000007
TTY> x28-x30: 0000000000000000 0000010002ad3e60 00000100029f49e4
TTY> PC:       0x100029eed5c (rel: 0x26d5c)
TTY> SP:       0x10002ad3d60
TTY> SPSR:     0x80000009
TTY> FAR:      0x1cb0300000
TTY> ESR:      0xbe000000 (SError)
TTY> L2C_ERR_STS: 0x80
TTY> L2C_ERR_ADR: 0x300501cb0300000
TTY> L2C_ERR_INF: 0x1400000001
TTY> LSU_ERR_STS: 0x0
TTY> FED_ERR_STS: 0x0
TTY> MMU_ERR_STS: 0x0
TTY> Exception: SError
TTY> Exception taken from EL2h
TTY> Running in EL2
TTY> MPIDR: 0x80010100
TTY> Registers: (@0x10002ad3c60)
TTY>   x0-x3: acce5515abad1dea 0000000000000002 0000010002ad3f38 0000010002ad3f38
TTY>   x4-x7: 0000010002ad3f78 0000000000007a69 0000010002ad3f18 0000010002a9b000
TTY>  x8-x11: 0000010002ad3f40 0000000000000101 0000000000010101 0000000000401004
TTY> x12-x15: 0000010003244010 0000010002a89380 0000000000000460 0000000000000000
TTY> x16-x19: 00000100029681b8 0000000000000000 0000000000000023 0000000000000007
TTY> x20-x23: 0000010002aa6d88 0000010002a9b000 0000000000aa55ff 0000000000000000
TTY> x24-x27: 0000010002ad3f10 0000000000000000 0000000000000001 0000000000000007
TTY> x28-x30: 0000000000000000 0000010002ad3e60 00000100029f49e4
TTY> PC:       0x100029eed5c (rel: 0x26d5c)
TTY> SP:       0x10002ad3d60
TTY> SPSR:     0x80000009
TTY> FAR:      0x1cb0300000
TTY> ESR:      0xbe000000 (SError)
TTY> L2C_ERR_STS: 0x80
TTY> L2C_ERR_ADR: 0x300501cb0300000
TTY> L2C_ERR_INF: 0x1400000001
TTY> LSU_ERR_STS: 0x0
TTY> FED_ERR_STS: 0x0
TTY> MMU_ERR_STS: 0x0
TTY> Exception: SError
TTY> Exception taken from EL2h
TTY> Running in EL2
TTY> MPIDR: 0x80010100
TTY> Registers: (@0x10002ad3c60)
TTY>   x0-x3: acce5515abad1dea 0000000000000002 0000010002ad3f38 0000010002ad3f38
TTY>   x4-x7: 0000010002ad3f78 0000000000007a69 0000010002ad3f18 0000010002a9b000
TTY>  x8-x11: 0000010002ad3f40 0000000000000101 0000000000010101 0000000000401004
TTY> x12-x15: 0000010003244010 0000010002a89380 0000000000000460 0000000000000000
TTY> x16-x19: 00000100029681b8 0000000000000000 0000000000000023 0000000000000007
TTY> x20-x23: 0000010002aa6d88 0000010002a9b000 0000000000aa55ff 0000000000000000
TTY> x24-x27: 0000010002ad3f10 0000000000000000 0000000000000001 0000000000000007
TTY> x28-x30: 0000000000000000 0000010002ad3e60 00000100029f49e4
TTY> PC:       0x100029eed5c (rel: 0x26d5c)
TTY> SP:       0x10002ad3d60
TTY> SPSR:     0x80000009
TTY> FAR:      0x1cb0300000
TTY> ESR:      0xbe000000 (SError)
TTY> L2C_ERR_STS: 0x80
TTY> L2C_ERR_ADR: 0x300501cb0300000
TTY> L2C_ERR_INF: 0x1400000001
TTY> LSU_ERR_STS: 0x0
TTY> FED_ERR_STS: 0x0
TTY> MMU_ERR_STS: 0x0
TTY> Exception: SError
TTY> Exception taken from EL2h
TTY> Running in EL2
TTY> MPIDR: 0x80010100
TTY> Registers: (@0x10002ad3c60)
TTY>   x0-x3: acce5515abad1dea 0000000000000002 0000010002ad3f38 0000010002ad3f38
TTY>   x4-x7: 0000010002ad3f78 0000000000007a69 0000010002ad3f18 0000010002a9b000
TTY>  x8-x11: 0000010002ad3f40 0000000000000101 0000000000010101 0000000000401004
TTY> x12-x15: 0000010003244010 0000010002a89380 0000000000000460 0000000000000000
TTY> x16-x19: 00000100029681b8 0000000000000000 0000000000000023 0000000000000007
TTY> x20-x23: 0000010002aa6d88 0000010002a9b000 0000000000aa55ff 0000000000000000
TTY> x24-x27: 0000010002ad3f10 0000000000000000 0000000000000001 0000000000000007
TTY> x28-x30: 0000000000000000 0000010002ad3e60 00000100029f49e4
TTY> PC:       0x100029eed5c (rel: 0x26d5c)
TTY> SP:       0x10002ad3d60
TTY> SPSR:     0x80000009
TTY> FAR:      0x1cb0300000
TTY> ESR:      0xbe000000 (SError)
TTY> L2C_ERR_STS: 0x80
TTY> L2C_ERR_ADR: 0x300501cb0300000
TTY> L2C_ERR_INF: 0x1400000001
TTY> LSU_ERR_STS: 0x0
TTY> FED_ERR_STS: 0x0
TTY> MMU_ERR_STS: 0x0
TTY> Exception: SError
TTY> Exception taken from EL2h
TTY> Running in EL2
TTY> MPIDR: 0x80010100
TTY> Registers: (@0x10002ad3c60)
TTY>   x0-x3: acce5515abad1dea 0000000000000002 0000010002ad3f38 0000010002ad3f38
TTY>   x4-x7: 0000010002ad3f78 0000000000007a69 0000010002ad3f18 0000010002a9b000
TTY>  x8-x11: 0000010002ad3f40 0000000000000101 0000000000010101 0000000000401004
TTY> x12-x15: 0000010003244010 0000010002a89380 0000000000000460 0000000000000000
TTY> x16-x19: 00000100029681b8 0000000000000000 0000000000000023 0000000000000007
TTY> x20-x23: 0000010002aa6d88 0000010002a9b000 0000000000aa55ff 0000000000000000
TTY> x24-x27: 0000010002ad3f10 0000000000000000 0000000000000001 0000000000000007
TTY> x28-x30: 0000000000000000 0000010002ad3e60 00000100029f49e4
TTY> PC:       0x100029eed5c (rel: 0x26d5c)
TTY> SP:       0x10002ad3d60
TTY> SPSR:     0x80000009
TTY> FAR:      0x1cb0300000
TTY> ESR:      0xbe000000 (SError)
TTY> L2C_ERR_STS: 0x80
TTY> L2C_ERR_ADR: 0x300501cb0300000
TTY> L2C_ERR_INF: 0x1400000001
TTY> LSU_ERR_STS: 0x0
TTY> FED_ERR_STS: 0x0
TTY> MMU_ERR_STS: 0x0
TTY> Exception: SError
TTY> Exception taken from EL2h
TTY> Running in EL2
TTY> MPIDR: 0x80010100
TTY> Registers: (@0x10002ad3c60)
TTY>   x0-x3: acce5515abad1dea 0000000000000002 0000010002ad3f38 0000010002ad3f38
TTY>   x4-x7: 0000010002ad3f78 0000000000007a69 0000010002ad3f18 0000010002a9b000
TTY>  x8-x11: 0000010002ad3f40 0000000000000101 0000000000010101 0000000000401004
TTY> x12-x15: 0000010003244010 0000010002a89380 0000000000000460 0000000000000000
TTY> x16-x19: 00000100029681b8 0000000000000000 0000000000000023 0000000000000007
TTY> x20-x23: 0000010002aa6d88 0000010002a9b000 0000000000aa55ff 0000000000000000
TTY> x24-x27: 0000010002ad3f10 0000000000000000 0000000000000001 0000000000000007
TTY> x28-x30: 0000000000000000 0000010002ad3e60 00000100029f49e4
TTY> PC:       0x100029eed5c (rel: 0x26d5c)
TTY> SP:       0x10002ad3d60
TTY> SPSR:     0x80000009
TTY> FAR:      0x1cb0300000
TTY> ESR:      0xbe000000 (SError)
TTY> L2C_ERR_STS: 0x80
TTY> L2C_ERR_ADR: 0x300501cb0300000
TTY> L2C_ERR_INF: 0x1400000001
TTY> LSU_ERR_STS: 0x0
TTY> FED_ERR_STS: 0x0
TTY> MMU_ERR_STS: 0x0
TTY> Exception: SError
TTY> Exception taken from EL2h
TTY> Running in EL2
TTY> MPIDR: 0x80010100
TTY> Registers: (@0x10002ad3c60)
TTY>   x0-x3: acce5515abad1dea 0000000000000002 0000010002ad3f38 0000010002ad3f38
TTY>   x4-x7: 0000010002ad3f78 0000000000007a69 0000010002ad3f18 0000010002a9b000
TTY>  x8-x11: 0000010002ad3f40 0000000000000101 0000000000010101 0000000000401004
TTY> x12-x15: 0000010003244010 0000010002a89380 0000000000000460 0000000000000000
TTY> x16-x19: 00000100029681b8 0000000000000000 0000000000000023 0000000000000007
TTY> x20-x23: 0000010002aa6d88 0000010002a9b000 0000000000aa55ff 0000000000000000
TTY> x24-x27: 0000010002ad3f10 0000000000000000 0000000000000001 0000000000000007
TTY> x28-x30: 0000000000000000 0000010002ad3e60 00000100029f49e4
TTY> PC:       0x100029eed5c (rel: 0x26d5c)
TTY> SP:       0x10002ad3d60
TTY> SPSR:     0x80000009
TTY> FAR:      0x1cb0300000
TTY> ESR:      0xbe000000 (SError)
TTY> L2C_ERR_STS: 0x80
TTY> L2C_ERR_ADR: 0x300501cb0300000
TTY> L2C_ERR_INF: 0x1400000001
TTY> LSU_ERR_STS: 0x0
TTY> FED_ERR_STS: 0x0
TTY> MMU_ERR_STS: 0x0
TTY> Exception: SError
TTY> Exception taken from EL2h
TTY> Running in EL2
TTY> MPIDR: 0x80010100
TTY> Registers: (@0x10002ad3c60)
TTY>   x0-x3: acce5515abad1dea 0000000000000002 0000010002ad3f38 0000010002ad3f38
TTY>   x4-x7: 0000010002ad3f78 0000000000007a69 0000010002ad3f18 0000010002a9b000
TTY>  x8-x11: 0000010002ad3f40 0000000000000101 0000000000010101 0000000000401004
TTY> x12-x15: 0000010003244010 0000010002a89380 0000000000000460 0000000000000000
TTY> x16-x19: 00000100029681b8 0000000000000000 0000000000000023 0000000000000007
TTY> x20-x23: 0000010002aa6d88 0000010002a9b000 0000000000aa55ff 0000000000000000
TTY> x24-x27: 0000010002ad3f10 0000000000000000 0000000000000001 0000000000000007
TTY> x28-x30: 0000000000000000 0000010002ad3e60 00000100029f49e4
TTY> PC:       0x100029eed5c (rel: 0x26d5c)
TTY> SP:       0x10002ad3d60
TTY> SPSR:     0x80000009
TTY> FAR:      0x1cb0300000
TTY> ESR:      0xbe000000 (SError)
TTY> L2C_ERR_STS: 0x80
TTY> L2C_ERR_ADR: 0x300501cb0300000
TTY> L2C_ERR_INF: 0x1400000001
TTY> LSU_ERR_STS: 0x0
TTY> FED_ERR_STS: 0x0
TTY> MMU_ERR_STS: 0x0
TTY> Exception: SError
TTY> Exception taken from EL2h
TTY> Running in EL2
TTY> MPIDR: 0x80010100
TTY> Registers: (@0x10002ad3c60)
TTY>   x0-x3: acce5515abad1dea 0000000000000002 0000010002ad3f38 0000010002ad3f38
TTY>   x4-x7: 0000010002ad3f78 0000000000007a69 0000010002ad3f18 0000010002a9b000
TTY>  x8-x11: 0000010002ad3f40 0000000000000101 0000000000010101 0000000000401004
TTY> x12-x15: 0000010003244010 0000010002a89380 0000000000000460 0000000000000000
TTY> x16-x19: 00000100029681b8 0000000000000000 0000000000000023 0000000000000007
TTY> x20-x23: 0000010002aa6d88 0000010002a9b000 0000000000aa55ff 0000000000000000
TTY> x24-x27: 0000010002ad3f10 0000000000000000 0000000000000001 0000000000000007
TTY> x28-x30: 0000000000000000 0000010002ad3e60 00000100029f49e4
TTY> PC:       0x100029eed5c (rel: 0x26d5c)
TTY> SP:       0x10002ad3d60
TTY> SPSR:     0x80000009
TTY> FAR:      0x1cb0300000
TTY> ESR:      0xbe000000 (SError)
TTY> L2C_ERR_STS: 0x80
TTY> L2C_ERR_ADR: 0x300501cb0300000
TTY> L2C_ERR_INF: 0x1400000001
TTY> LSU_ERR_STS: 0x0
TTY> FED_ERR_STS: 0x0
TTY> MMU_ERR_STS: 0x0
TTY> Exception: SError
TTY> Exception taken from EL2h
TTY> Running in EL2
TTY> MPIDR: 0x80010100
TTY> Registers: (@0x10002ad3c60)
TTY>   x0-x3: acce5515abad1dea 0000000000000002 0000010002ad3f38 0000010002ad3f38
TTY>   x4-x7: 0000010002ad3f78 0000000000007a69 0000010002ad3f18 0000010002a9b000
TTY>  x8-x11: 0000010002ad3f40 0000000000000101 0000000000010101 0000000000401004
TTY> x12-x15: 0000010003244010 0000010002a89380 0000000000000460 0000000000000000
TTY> x16-x19: 00000100029681b8 0000000000000000 0000000000000023 0000000000000007
TTY> x20-x23: 0000010002aa6d88 0000010002a9b000 0000000000aa55ff 0000000000000000
TTY> x24-x27: 0000010002ad3f10 0000000000000000 0000000000000001 0000000000000007
TTY> x28-x30: 0000000000000000 0000010002ad3e60 00000100029f49e4
TTY> PC:       0x100029eed5c (rel: 0x26d5c)
TTY> SP:       0x10002ad3d60
TTY> SPSR:     0x80000009
TTY> FAR:      0x1cb0300000
TTY> ESR:      0xbe000000 (SError)
TTY> L2C_ERR_STS: 0x80
TTY> L2C_ERR_ADR: 0x300501cb0300000
TTY> L2C_ERR_INF: 0x1400000001
TTY> LSU_ERR_STS: 0x0
TTY> FED_ERR_STS: 0x0
TTY> MMU_ERR_STS: 0x0
TTY> Exception: SError
TTY> Exception taken from EL2h
TTY> Running in EL2
TTY> MPIDR: 0x80010100
TTY> Registers: (@0x10002ad3c60)
TTY>   x0-x3: acce5515abad1dea 0000000000000002 0000010002ad3f38 0000010002ad3f38
TTY>   x4-x7: 0000010002ad3f78 0000000000007a69 0000010002ad3f18 0000010002a9b000
TTY>  x8-x11: 0000010002ad3f40 0000000000000101 0000000000010101 0000000000401004
TTY> x12-x15: 0000010003244010 0000010002a89380 0000000000000460 0000000000000000
TTY> x16-x19: 00000100029681b8 0000000000000000 0000000000000023 0000000000000007
TTY> x20-x23: 0000010002aa6d88 0000010002a9b000 0000000000aa55ff 0000000000000000
TTY> x24-x27: 0000010002ad3f10 0000000000000000 0000000000000001 0000000000000007
TTY> x28-x30: 0000000000000000 0000010002ad3e60 00000100029f49e4
TTY> PC:       0x100029eed5c (rel: 0x26d5c)
TTY> SP:       0x10002ad3d60
TTY> SPSR:     0x80000009
TTY> FAR:      0x1cb0300000
TTY> ESR:      0xbe000000 (SError)
TTY> L2C_ERR_STS: 0x80
TTY> L2C_ERR_ADR: 0x300501cb0300000
TTY> L2C_ERR_INF: 0x1400000001
TTY> LSU_ERR_STS: 0x0
TTY> FED_ERR_STS: 0x0
TTY> MMU_ERR_STS: 0x0
TTY> Exception: SError
TTY> Exception taken from EL2h
TTY> Running in EL2
TTY> MPIDR: 0x80010100
TTY> Registers: (@0x10002ad3c60)
TTY>   x0-x3: acce5515abad1dea 0000000000000002 0000010002ad3f38 0000010002ad3f38
TTY>   x4-x7: 0000010002ad3f78 0000000000007a69 0000010002ad3f18 0000010002a9b000
TTY>  x8-x11: 0000010002ad3f40 0000000000000101 0000000000010101 0000000000401004
TTY> x12-x15: 0000010003244010 0000010002a89380 0000000000000460 0000000000000000
TTY> x16-x19: 00000100029681b8 0000000000000000 0000000000000023 0000000000000007
TTY> x20-x23: 0000010002aa6d88 0000010002a9b000 0000000000aa55ff 0000000000000000
TTY> x24-x27: 0000010002ad3f10 0000000000000000 0000000000000001 0000000000000007
TTY> x28-x30: 0000000000000000 0000010002ad3e60 00000100029f49e4
TTY> PC:       0x100029eed5c (rel: 0x26d5c)
TTY> SP:       0x10002ad3d60
TTY> SPSR:     0x80000009
TTY> FAR:      0x1cb0300000
TTY> ESR:      0xbe000000 (SError)
TTY> L2C_ERR_STS: 0x80
TTY> L2C_ERR_ADR: 0x300501cb0300000
TTY> L2C_ERR_INF: 0x1400000001
TTY> LSU_ERR_STS: 0x0
TTY> FED_ERR_STS: 0x0
TTY> MMU_ERR_STS: 0x0
TTY> Exception: SError
TTY> Exception taken from EL2h
TTY> Running in EL2
TTY> MPIDR: 0x80010100
TTY> Registers: (@0x10002ad3c60)
TTY>   x0-x3: acce5515abad1dea 0000000000000002 0000010002ad3f38 0000010002ad3f38
TTY>   x4-x7: 0000010002ad3f78 0000000000007a69 0000010002ad3f18 0000010002a9b000
TTY>  x8-x11: 0000010002ad3f40 0000000000000101 0000000000010101 0000000000401004
TTY> x12-x15: 0000010003244010 0000010002a89380 0000000000000460 0000000000000000
TTY> x16-x19: 00000100029681b8 0000000000000000 0000000000000023 0000000000000007
TTY> x20-x23: 0000010002aa6d88 0000010002a9b000 0000000000aa55ff 0000000000000000
TTY> x24-x27: 0000010002ad3f10 0000000000000000 0000000000000001 0000000000000007
TTY> x28-x30: 0000000000000000 0000010002ad3e60 00000100029f49e4
TTY> PC:       0x100029eed5c (rel: 0x26d5c)
TTY> SP:       0x10002ad3d60
TTY> SPSR:     0x80000009
TTY> FAR:      0x1cb0300000
TTY> ESR:      0xbe000000 (SError)
TTY> L2C_ERR_STS: 0x80
TTY> L2C_ERR_ADR: 0x300501cb0300000
TTY> L2C_ERR_INF: 0x1400000001
TTY> LSU_ERR_STS: 0x0
TTY> FED_ERR_STS: 0x0
TTY> MMU_ERR_STS: 0x0
TTY> Exception: SError
TTY> Exception taken from EL2h
TTY> Running in EL2
TTY> MPIDR: 0x80010100
TTY> Registers: (@0x10002ad3c60)
TTY>   x0-x3: acce5515abad1dea 0000000000000002 0000010002ad3f38 0000010002ad3f38
TTY>   x4-x7: 0000010002ad3f78 0000000000007a69 0000010002ad3f18 0000010002a9b000
TTY>  x8-x11: 0000010002ad3f40 0000000000000101 0000000000010101 0000000000401004
TTY> x12-x15: 0000010003244010 0000010002a89380 0000000000000460 0000000000000000
TTY> x16-x19: 00000100029681b8 0000000000000000 0000000000000023 0000000000000007
TTY> x20-x23: 0000010002aa6d88 0000010002a9b000 0000000000aa55ff 0000000000000000
TTY> x24-x27: 0000010002ad3f10 0000000000000000 0000000000000001 0000000000000007
TTY> x28-x30: 0000000000000000 0000010002ad3e60 00000100029f49e4
TTY> PC:       0x100029eed5c (rel: 0x26d5c)
TTY> SP:       0x10002ad3d60
TTY> SPSR:     0x80000009
TTY> FAR:      0x1cb0300000
TTY> ESR:      0xbe000000 (SError)
TTY> L2C_ERR_STS: 0x80
TTY> L2C_ERR_ADR: 0x300501cb0300000
TTY> L2C_ERR_INF: 0x1400000001
TTY> LSU_ERR_STS: 0x0
TTY> FED_ERR_STS: 0x0
TTY> MMU_ERR_STS: 0x0
TTY> Exception: SError
TTY> Exception taken from EL2h
TTY> Running in EL2
TTY> MPIDR: 0x80010100
TTY> Registers: (@0x10002ad3c60)
TTY>   x0-x3: acce5515abad1dea 0000000000000002 0000010002ad3f38 0000010002ad3f38
TTY>   x4-x7: 0000010002ad3f78 0000000000007a69 0000010002ad3f18 0000010002a9b000
TTY>  x8-x11: 0000010002ad3f40 0000000000000101 0000000000010101 0000000000401004
TTY> x12-x15: 0000010003244010 0000010002a89380 0000000000000460 0000000000000000
TTY> x16-x19: 00000100029681b8 0000000000000000 0000000000000023 0000000000000007
TTY> x20-x23: 0000010002aa6d88 0000010002a9b000 0000000000aa55ff 0000000000000000
TTY> x24-x27: 0000010002ad3f10 0000000000000000 0000000000000001 0000000000000007
TTY> x28-x30: 0000000000000000 0000010002ad3e60 00000100029f49e4
TTY> PC:       0x100029eed5c (rel: 0x26d5c)
TTY> SP:       0x10002ad3d60
TTY> SPSR:     0x80000009
TTY> FAR:      0x1cb0300000
TTY> ESR:      0xbe000000 (SError)
TTY> L2C_ERR_STS: 0x80
TTY> L2C_ERR_ADR: 0x300501cb0300000
TTY> L2C_ERR_INF: 0x1400000001
TTY> LSU_ERR_STS: 0x0
TTY> FED_ERR_STS: 0x0
TTY> MMU_ERR_STS: 0x0
TTY> Exception: SError
TTY> Exception taken from EL2h
TTY> Running in EL2
TTY> MPIDR: 0x80010100
TTY> Registers: (@0x10002ad3c60)
TTY>   x0-x3: acce5515abad1dea 0000000000000002 0000010002ad3f38 0000010002ad3f38
TTY>   x4-x7: 0000010002ad3f78 0000000000007a69 0000010002ad3f18 0000010002a9b000
TTY>  x8-x11: 0000010002ad3f40 0000000000000101 0000000000010101 0000000000401004
TTY> x12-x15: 0000010003244010 0000010002a89380 0000000000000460 0000000000000000
TTY> x16-x19: 00000100029681b8 0000000000000000 0000000000000023 0000000000000007
TTY> x20-x23: 0000010002aa6d88 0000010002a9b000 0000000000aa55ff 0000000000000000
TTY> x24-x27: 0000010002ad3f10 0000000000000000 0000000000000001 0000000000000007
TTY> x28-x30: 0000000000000000 0000010002ad3e60 00000100029f49e4
TTY> PC:       0x100029eed5c (rel: 0x26d5c)
TTY> SP:       0x10002ad3d60
TTY> SPSR:     0x80000009
TTY> FAR:      0x1cb0300000
TTY> ESR:      0xbe000000 (SError)
TTY> L2C_ERR_STS: 0x80
TTY> L2C_ERR_ADR: 0x300501cb0300000
TTY> L2C_ERR_INF: 0x1400000001
TTY> LSU_ERR_STS: 0x0
TTY> FED_ERR_STS: 0x0
TTY> MMU_ERR_STS: 0x0
TTY> Exception: SError
TTY> Exception taken from EL2h
TTY> Running in EL2
TTY> MPIDR: 0x80010100
TTY> Registers: (@0x10002ad3c60)
TTY>   x0-x3: acce5515abad1dea 0000000000000002 0000010002ad3f38 0000010002ad3f38
TTY>   x4-x7: 0000010002ad3f78 0000000000007a69 0000010002ad3f18 0000010002a9b000
TTY>  x8-x11: 0000010002ad3f40 0000000000000101 0000000000010101 0000000000401004
TTY> x12-x15: 0000010003244010 0000010002a89380 0000000000000460 0000000000000000
TTY> x16-x19: 00000100029681b8 0000000000000000 0000000000000023 0000000000000007
TTY> x20-x23: 0000010002aa6d88 0000010002a9b000 0000000000aa55ff 0000000000000000
TTY> x24-x27: 0000010002ad3f10 0000000000000000 0000000000000001 0000000000000007
TTY> x28-x30: 0000000000000000 0000010002ad3e60 00000100029f49e4
TTY> PC:       0x100029eed5c (rel: 0x26d5c)
TTY> SP:       0x10002ad3d60
TTY> SPSR:     0x80000009
TTY> FAR:      0x1cb0300000
TTY> ESR:      0xbe000000 (SError)
TTY> L2C_ERR_STS: 0x80
TTY> L2C_ERR_ADR: 0x300501cb0300000
TTY> L2C_ERR_INF: 0x1400000001
TTY> LSU_ERR_STS: 0x0
TTY> FED_ERR_STS: 0x0
TTY> MMU_ERR_STS: 0x0
TTY> Exception: SError
TTY> Exception taken from EL2h
TTY> Running in EL2
TTY> MPIDR: 0x80010100
TTY> Registers: (@0x10002ad3c60)
TTY>   x0-x3: acce5515abad1dea 0000000000000002 0000010002ad3f38 0000010002ad3f38
TTY>   x4-x7: 0000010002ad3f78 0000000000007a69 0000010002ad3f18 0000010002a9b000
TTY>  x8-x11: 0000010002ad3f40 0000000000000101 0000000000010101 0000000000401004
TTY> x12-x15: 0000010003244010 0000010002a89380 0000000000000460 0000000000000000
TTY> x16-x19: 00000100029681b8 0000000000000000 0000000000000023 0000000000000007
TTY> x20-x23: 0000010002aa6d88 0000010002a9b000 0000000000aa55ff 0000000000000000
TTY> x24-x27: 0000010002ad3f10 0000000000000000 0000000000000001 0000000000000007
TTY> x28-x30: 0000000000000000 0000010002ad3e60 00000100029f49e4
TTY> PC:       0x100029eed5c (rel: 0x26d5c)
TTY> SP:       0x10002ad3d60
TTY> SPSR:     0x80000009
TTY> FAR:      0x1cb0300000
TTY> ESR:      0xbe000000 (SError)
TTY> L2C_ERR_STS: 0x80
TTY> L2C_ERR_ADR: 0x300501cb0300000
TTY> L2C_ERR_INF: 0x1400000001
TTY> LSU_ERR_STS: 0x0
TTY> FED_ERR_STS: 0x0
TTY> MMU_ERR_STS: 0x0
TTY> Exception: SError
TTY> Exception taken from EL2h
TTY> Running in EL2
TTY> MPIDR: 0x80010100
TTY> Registers: (@0x10002ad3c60)
TTY>   x0-x3: acce5515abad1dea 0000000000000002 0000010002ad3f38 0000010002ad3f38
TTY>   x4-x7: 0000010002ad3f78 0000000000007a69 0000010002ad3f18 0000010002a9b000
TTY>  x8-x11: 0000010002ad3f40 0000000000000101 0000000000010101 0000000000401004
TTY> x12-x15: 0000010003244010 0000010002a89380 0000000000000460 0000000000000000
TTY> x16-x19: 00000100029681b8 0000000000000000 0000000000000023 0000000000000007
TTY> x20-x23: 0000010002aa6d88 0000010002a9b000 0000000000aa55ff 0000000000000000
TTY> x24-x27: 0000010002ad3f10 0000000000000000 0000000000000001 0000000000000007
TTY> x28-x30: 0000000000000000 0000010002ad3e60 00000100029f49e4
TTY> PC:       0x100029eed5c (rel: 0x26d5c)
TTY> SP:       0x10002ad3d60
TTY> SPSR:     0x80000009
TTY> FAR:      0x1cb0300000
TTY> ESR:      0xbe000000 (SError)
TTY> L2C_ERR_STS: 0x80
TTY> L2C_ERR_ADR: 0x300501cb0300000
TTY> L2C_ERR_INF: 0x1400000001
TTY> LSU_ERR_STS: 0x0
TTY> FED_ERR_STS: 0x0
TTY> MMU_ERR_STS: 0x0
TTY> Exception: SError
TTY> Exception taken from EL2h
TTY> Running in EL2
TTY> MPIDR: 0x80010100
TTY> Registers: (@0x10002ad3c60)
TTY>   x0-x3: acce5515abad1dea 0000000000000002 0000010002ad3f38 0000010002ad3f38
TTY>   x4-x7: 0000010002ad3f78 0000000000007a69 0000010002ad3f18 0000010002a9b000
TTY>  x8-x11: 0000010002ad3f40 0000000000000101 0000000000010101 0000000000401004
TTY> x12-x15: 0000010003244010 0000010002a89380 0000000000000460 0000000000000000
TTY> x16-x19: 00000100029681b8 0000000000000000 0000000000000023 0000000000000007
TTY> x20-x23: 0000010002aa6d88 0000010002a9b000 0000000000aa55ff 0000000000000000
TTY> x24-x27: 0000010002ad3f10 0000000000000000 0000000000000001 0000000000000007
TTY> x28-x30: 0000000000000000 0000010002ad3e60 00000100029f49e4
TTY> PC:       0x100029eed5c (rel: 0x26d5c)
TTY> SP:       0x10002ad3d60
TTY> SPSR:     0x80000009
TTY> FAR:      0x1cb0300000
TTY> ESR:      0xbe000000 (SError)
TTY> L2C_ERR_STS: 0x80
TTY> L2C_ERR_ADR: 0x300501cb0300000
TTY> L2C_ERR_INF: 0x1400000001
TTY> LSU_ERR_STS: 0x0
TTY> FED_ERR_STS: 0x0
TTY> MMU_ERR_STS: 0x0
TTY> Exception: SError
TTY> Exception taken from EL2h
TTY> Running in EL2
TTY> MPIDR: 0x80010100
TTY> Registers: (@0x10002ad3c60)
TTY>   x0-x3: acce5515abad1dea 0000000000000002 0000010002ad3f38 0000010002ad3f38
TTY>   x4-x7: 0000010002ad3f78 0000000000007a69 0000010002ad3f18 0000010002a9b000
TTY>  x8-x11: 0000010002ad3f40 0000000000000101 0000000000010101 0000000000401004
TTY> x12-x15: 0000010003244010 0000010002a89380 0000000000000460 0000000000000000
TTY> x16-x19: 00000100029681b8 0000000000000000 0000000000000023 0000000000000007
TTY> x20-x23: 0000010002aa6d88 0000010002a9b000 0000000000aa55ff 0000000000000000
TTY> x24-x27: 0000010002ad3f10 0000000000000000 0000000000000001 0000000000000007
TTY> x28-x30: 0000000000000000 0000010002ad3e60 00000100029f49e4
TTY> PC:       0x100029eed5c (rel: 0x26d5c)
TTY> SP:       0x10002ad3d60
TTY> SPSR:     0x80000009
TTY> FAR:      0x1cb0300000
TTY> ESR:      0xbe000000 (SError)
TTY> L2C_ERR_STS: 0x80
TTY> L2C_ERR_ADR: 0x300501cb0300000
TTY> L2C_ERR_INF: 0x1400000001
TTY> LSU_ERR_STS: 0x0
TTY> FED_ERR_STS: 0x0
TTY> MMU_ERR_STS: 0x0
TTY> Exception: SError
TTY> Exception taken from EL2h
TTY> Running in EL2
TTY> MPIDR: 0x80010100
TTY> Registers: (@0x10002ad3c60)
TTY>   x0-x3: acce5515abad1dea 0000000000000002 0000010002ad3f38 0000010002ad3f38
TTY>   x4-x7: 0000010002ad3f78 0000000000007a69 0000010002ad3f18 0000010002a9b000
TTY>  x8-x11: 0000010002ad3f40 0000000000000101 0000000000010101 0000000000401004
TTY> x12-x15: 0000010003244010 0000010002a89380 0000000000000460 0000000000000000
TTY> x16-x19: 00000100029681b8 0000000000000000 0000000000000023 0000000000000007
TTY> x20-x23: 0000010002aa6d88 0000010002a9b000 0000000000aa55ff 0000000000000000
TTY> x24-x27: 0000010002ad3f10 0000000000000000 0000000000000001 0000000000000007
TTY> x28-x30: 0000000000000000 0000010002ad3e60 00000100029f49e4
TTY> PC:       0x100029eed5c (rel: 0x26d5c)
TTY> SP:       0x10002ad3d60
TTY> SPSR:     0x80000009
TTY> FAR:      0x1cb0300000
TTY> ESR:      0xbe000000 (SError)
TTY> L2C_ERR_STS: 0x80
TTY> L2C_ERR_ADR: 0x300501cb0300000
TTY> L2C_ERR_INF: 0x1400000001
TTY> LSU_ERR_STS: 0x0
TTY> FED_ERR_STS: 0x0
TTY> MMU_ERR_STS: 0x0
TTY> Exception: SError
TTY> Exception taken from EL2h
TTY> Running in EL2
TTY> MPIDR: 0x80010100
TTY> Registers: (@0x10002ad3c60)
TTY>   x0-x3: acce5515abad1dea 0000000000000002 0000010002ad3f38 0000010002ad3f38
TTY>   x4-x7: 0000010002ad3f78 0000000000007a69 0000010002ad3f18 0000010002a9b000
TTY>  x8-x11: 0000010002ad3f40 0000000000000101 0000000000010101 0000000000401004
TTY> x12-x15: 0000010003244010 0000010002a89380 0000000000000460 0000000000000000
TTY> x16-x19: 00000100029681b8 0000000000000000 0000000000000023 0000000000000007
TTY> x20-x23: 0000010002aa6d88 0000010002a9b000 0000000000aa55ff 0000000000000000
TTY> x24-x27: 0000010002ad3f10 0000000000000000 0000000000000001 0000000000000007
TTY> x28-x30: 0000000000000000 0000010002ad3e60 00000100029f49e4
TTY> PC:       0x100029eed5c (rel: 0x26d5c)
TTY> SP:       0x10002ad3d60
TTY> SPSR:     0x80000009
TTY> FAR:      0x1cb0300000
TTY> ESR:      0xbe000000 (SError)
TTY> L2C_ERR_STS: 0x80
TTY> L2C_ERR_ADR: 0x300501cb0300000
TTY> L2C_ERR_INF: 0x1400000001
TTY> LSU_ERR_STS: 0x0
TTY> FED_ERR_STS: 0x0
TTY> MMU_ERR_STS: 0x0
TTY> Exception: SError
TTY> Exception taken from EL2h
TTY> Running in EL2
TTY> MPIDR: 0x80010100
TTY> Registers: (@0x10002ad3c60)
TTY>   x0-x3: acce5515abad1dea 0000000000000002 0000010002ad3f38 0000010002ad3f38
TTY>   x4-x7: 0000010002ad3f78 0000000000007a69 0000010002ad3f18 0000010002a9b000
TTY>  x8-x11: 0000010002ad3f40 0000000000000101 0000000000010101 0000000000401004
TTY> x12-x15: 0000010003244010 0000010002a89380 0000000000000460 0000000000000000
TTY> x16-x19: 00000100029681b8 0000000000000000 0000000000000023 0000000000000007
TTY> x20-x23: 0000010002aa6d88 0000010002a9b000 0000000000aa55ff 0000000000000000
TTY> x24-x27: 0000010002ad3f10 0000000000000000 0000000000000001 0000000000000007
TTY> x28-x30: 0000000000000000 0000010002ad3e60 00000100029f49e4
TTY> PC:       0x100029eed5c (rel: 0x26d5c)
TTY> SP:       0x10002ad3d60
TTY> SPSR:     0x80000009
TTY> FAR:      0x1cb0300000
TTY> ESR:      0xbe000000 (SError)
TTY> L2C_ERR_STS: 0x80
TTY> L2C_ERR_ADR: 0x300501cb0300000
TTY> L2C_ERR_INF: 0x1400000001
TTY> LSU_ERR_STS: 0x0
TTY> FED_ERR_STS: 0x0
TTY> MMU_ERR_STS: 0x0
TTY> Exception: SError
TTY> Exception taken from EL2h
TTY> Running in EL2
TTY> MPIDR: 0x80010100
TTY> Registers: (@0x10002ad3c60)
TTY>   x0-x3: acce5515abad1dea 0000000000000002 0000010002ad3f38 0000010002ad3f38
TTY>   x4-x7: 0000010002ad3f78 0000000000007a69 0000010002ad3f18 0000010002a9b000
TTY>  x8-x11: 0000010002ad3f40 0000000000000101 0000000000010101 0000000000401004
TTY> x12-x15: 0000010003244010 0000010002a89380 0000000000000460 0000000000000000
TTY> x16-x19: 00000100029681b8 0000000000000000 0000000000000023 0000000000000007
TTY> x20-x23: 0000010002aa6d88 0000010002a9b000 0000000000aa55ff 0000000000000000
TTY> x24-x27: 0000010002ad3f10 0000000000000000 0000000000000001 0000000000000007
TTY> x28-x30: 0000000000000000 0000010002ad3e60 00000100029f49e4
TTY> PC:       0x100029eed5c (rel: 0x26d5c)
TTY> SP:       0x10002ad3d60
TTY> SPSR:     0x80000009
TTY> FAR:      0x1cb0300000
TTY> ESR:      0xbe000000 (SError)
TTY> L2C_ERR_STS: 0x80
TTY> L2C_ERR_ADR: 0x300501cb0300000
TTY> L2C_ERR_INF: 0x1400000001
TTY> LSU_ERR_STS: 0x0
TTY> FED_ERR_STS: 0x0
TTY> MMU_ERR_STS: 0x0
TTY> Exception: SError
TTY> Exception taken from EL2h
TTY> Running in EL2
TTY> MPIDR: 0x80010100
TTY> Registers: (@0x10002ad3c60)
TTY>   x0-x3: acce5515abad1dea 0000000000000002 0000010002ad3f38 0000010002ad3f38
TTY>   x4-x7: 0000010002ad3f78 0000000000007a69 0000010002ad3f18 0000010002a9b000
TTY>  x8-x11: 0000010002ad3f40 0000000000000101 0000000000010101 0000000000401004
TTY> x12-x15: 0000010003244010 0000010002a89380 0000000000000460 0000000000000000
TTY> x16-x19: 00000100029681b8 0000000000000000 0000000000000023 0000000000000007
TTY> x20-x23: 0000010002aa6d88 0000010002a9b000 0000000000aa55ff 0000000000000000
TTY> x24-x27: 0000010002ad3f10 0000000000000000 0000000000000001 0000000000000007
TTY> x28-x30: 0000000000000000 0000010002ad3e60 00000100029f49e4
TTY> PC:       0x100029eed5c (rel: 0x26d5c)
TTY> SP:       0x10002ad3d60
TTY> SPSR:     0x80000009
TTY> FAR:      0x1cb0300000
TTY> ESR:      0xbe000000 (SError)
TTY> L2C_ERR_STS: 0x80
TTY> L2C_ERR_ADR: 0x300501cb0300000
TTY> L2C_ERR_INF: 0x1400000001
TTY> LSU_ERR_STS: 0x0
TTY> FED_ERR_STS: 0x0
TTY> MMU_ERR_STS: 0x0
TTY> Exception: SError
TTY> Exception taken from EL2h
TTY> Running in EL2
TTY> MPIDR: 0x80010100
TTY> Registers: (@0x10002ad3c60)
TTY>   x0-x3: acce5515abad1dea 0000000000000002 0000010002ad3f38 0000010002ad3f38
TTY>   x4-x7: 0000010002ad3f78 0000000000007a69 0000010002ad3f18 0000010002a9b000
TTY>  x8-x11: 0000010002ad3f40 0000000000000101 0000000000010101 0000000000401004
TTY> x12-x15: 0000010003244010 0000010002a89380 0000000000000460 0000000000000000
TTY> x16-x19: 00000100029681b8 0000000000000000 0000000000000023 0000000000000007
TTY> x20-x23: 0000010002aa6d88 0000010002a9b000 0000000000aa55ff 0000000000000000
TTY> x24-x27: 0000010002ad3f10 0000000000000000 0000000000000001 0000000000000007
TTY> x28-x30: 0000000000000000 0000010002ad3e60 00000100029f49e4
TTY> PC:       0x100029eed5c (rel: 0x26d5c)
TTY> SP:       0x10002ad3d60
TTY> SPSR:     0x80000009
TTY> FAR:      0x1cb0300000
TTY> ESR:      0xbe000000 (SError)
TTY> L2C_ERR_STS: 0x80
TTY> L2C_ERR_ADR: 0x300501cb0300000
TTY> L2C_ERR_INF: 0x1400000001
TTY> LSU_ERR_STS: 0x0
TTY> FED_ERR_STS: 0x0
TTY> MMU_ERR_STS: 0x0
TTY> Exception: SError
TTY> Exception taken from EL2h
TTY> Running in EL2
TTY> MPIDR: 0x80010100
TTY> Registers: (@0x10002ad3c60)
TTY>   x0-x3: acce5515abad1dea 0000000000000002 0000010002ad3f38 0000010002ad3f38
TTY>   x4-x7: 0000010002ad3f78 0000000000007a69 0000010002ad3f18 0000010002a9b000
TTY>  x8-x11: 0000010002ad3f40 0000000000000101 0000000000010101 0000000000401004
TTY> x12-x15: 0000010003244010 0000010002a89380 0000000000000460 0000000000000000
TTY> x16-x19: 00000100029681b8 0000000000000000 0000000000000023 0000000000000007
TTY> x20-x23: 0000010002aa6d88 0000010002a9b000 0000000000aa55ff 0000000000000000
TTY> x24-x27: 0000010002ad3f10 0000000000000000 0000000000000001 0000000000000007
TTY> x28-x30: 0000000000000000 0000010002ad3e60 00000100029f49e4
TTY> PC:       0x100029eed5c (rel: 0x26d5c)
TTY> SP:       0x10002ad3d60
TTY> SPSR:     0x80000009
TTY> FAR:      0x1cb0300000
TTY> ESR:      0xbe000000 (SError)
TTY> L2C_ERR_STS: 0x80
TTY> L2C_ERR_ADR: 0x300501cb0300000
TTY> L2C_ERR_INF: 0x1400000001
TTY> LSU_ERR_STS: 0x0
TTY> FED_ERR_STS: 0x0
TTY> MMU_ERR_STS: 0x0
TTY> Exception: SError
TTY> Exception taken from EL2h
TTY> Running in EL2
TTY> MPIDR: 0x80010100
TTY> Registers: (@0x10002ad3c60)
TTY>   x0-x3: acce5515abad1dea 0000000000000002 0000010002ad3f38 0000010002ad3f38
TTY>   x4-x7: 0000010002ad3f78 0000000000007a69 0000010002ad3f18 0000010002a9b000
TTY>  x8-x11: 0000010002ad3f40 0000000000000101 0000000000010101 0000000000401004
TTY> x12-x15: 0000010003244010 0000010002a89380 0000000000000460 0000000000000000
TTY> x16-x19: 00000100029681b8 0000000000000000 0000000000000023 0000000000000007
TTY> x20-x23: 0000010002aa6d88 0000010002a9b000 0000000000aa55ff 0000000000000000
TTY> x24-x27: 0000010002ad3f10 0000000000000000 0000000000000001 0000000000000007
TTY> x28-x30: 0000000000000000 0000010002ad3e60 00000100029f49e4
TTY> PC:       0x100029eed5c (rel: 0x26d5c)
TTY> SP:       0x10002ad3d60
TTY> SPSR:     0x80000009
TTY> FAR:      0x1cb0300000
TTY> ESR:      0xbe000000 (SError)
TTY> L2C_ERR_STS: 0x80
TTY> L2C_ERR_ADR: 0x300501cb0300000
TTY> L2C_ERR_INF: 0x1400000001
TTY> LSU_ERR_STS: 0x0
TTY> FED_ERR_STS: 0x0
TTY> MMU_ERR_STS: 0x0
TTY> Exception: SError
TTY> Exception taken from EL2h
TTY> Running in EL2
TTY> MPIDR: 0x80010100
TTY> Registers: (@0x10002ad3c60)
TTY>   x0-x3: acce5515abad1dea 0000000000000002 0000010002ad3f38 0000010002ad3f38
TTY>   x4-x7: 0000010002ad3f78 0000000000007a69 0000010002ad3f18 0000010002a9b000
TTY>  x8-x11: 0000010002ad3f40 0000000000000101 0000000000010101 0000000000401004
TTY> x12-x15: 0000010003244010 0000010002a89380 0000000000000460 0000000000000000
TTY> x16-x19: 00000100029681b8 0000000000000000 0000000000000023 0000000000000007
TTY> x20-x23: 0000010002aa6d88 0000010002a9b000 0000000000aa55ff 0000000000000000
TTY> x24-x27: 0000010002ad3f10 0000000000000000 0000000000000001 0000000000000007
TTY> x28-x30: 0000000000000000 0000010002ad3e60 00000100029f49e4
TTY> PC:       0x100029eed5c (rel: 0x26d5c)
TTY> SP:       0x10002ad3d60
TTY> SPSR:     0x80000009
TTY> FAR:      0x1cb0300000
TTY> ESR:      0xbe000000 (SError)
TTY> L2C_ERR_STS: 0x80
TTY> L2C_ERR_ADR: 0x300501cb0300000
TTY> L2C_ERR_INF: 0x1400000001
TTY> LSU_ERR_STS: 0x0
TTY> FED_ERR_STS: 0x0
TTY> MMU_ERR_STS: 0x0
TTY> Exception: SError
TTY> Exception taken from EL2h
TTY> Running in EL2
TTY> MPIDR: 0x80010100
TTY> Registers: (@0x10002ad3c60)
TTY>   x0-x3: acce5515abad1dea 0000000000000002 0000010002ad3f38 0000010002ad3f38
TTY>   x4-x7: 0000010002ad3f78 0000000000007a69 0000010002ad3f18 0000010002a9b000
TTY>  x8-x11: 0000010002ad3f40 0000000000000101 0000000000010101 0000000000401004
TTY> x12-x15: 0000010003244010 0000010002a89380 0000000000000460 0000000000000000
TTY> x16-x19: 00000100029681b8 0000000000000000 0000000000000023 0000000000000007
TTY> x20-x23: 0000010002aa6d88 0000010002a9b000 0000000000aa55ff 0000000000000000
TTY> x24-x27: 0000010002ad3f10 0000000000000000 0000000000000001 0000000000000007
TTY> x28-x30: 0000000000000000 0000010002ad3e60 00000100029f49e4
TTY> PC:       0x100029eed5c (rel: 0x26d5c)
TTY> SP:       0x10002ad3d60
TTY> SPSR:     0x80000009
TTY> FAR:      0x1cb0300000
TTY> ESR:      0xbe000000 (SError)
TTY> L2C_ERR_STS: 0x80
TTY> L2C_ERR_ADR: 0x300501cb0300000
TTY> L2C_ERR_INF: 0x1400000001
TTY> LSU_ERR_STS: 0x0
TTY> FED_ERR_STS: 0x0
TTY> MMU_ERR_STS: 0x0
TTY> Exception: SError
TTY> Exception taken from EL2h
TTY> Running in EL2
TTY> MPIDR: 0x80010100
TTY> Registers: (@0x10002ad3c60)
TTY>   x0-x3: acce5515abad1dea 0000000000000002 0000010002ad3f38 0000010002ad3f38
TTY>   x4-x7: 0000010002ad3f78 0000000000007a69 0000010002ad3f18 0000010002a9b000
TTY>  x8-x11: 0000010002ad3f40 0000000000000101 0000000000010101 0000000000401004
TTY> x12-x15: 0000010003244010 0000010002a89380 0000000000000460 0000000000000000
TTY> x16-x19: 00000100029681b8 0000000000000000 0000000000000023 0000000000000007
TTY> x20-x23: 0000010002aa6d88 0000010002a9b000 0000000000aa55ff 0000000000000000
TTY> x24-x27: 0000010002ad3f10 0000000000000000 0000000000000001 0000000000000007
TTY> x28-x30: 0000000000000000 0000010002ad3e60 00000100029f49e4
TTY> PC:       0x100029eed5c (rel: 0x26d5c)
TTY> SP:       0x10002ad3d60
TTY> SPSR:     0x80000009
TTY> FAR:      0x1cb0300000
TTY> ESR:      0xbe000000 (SError)
TTY> L2C_ERR_STS: 0x80
TTY> L2C_ERR_ADR: 0x300501cb0300000
TTY> L2C_ERR_INF: 0x1400000001
TTY> LSU_ERR_STS: 0x0
TTY> FED_ERR_STS: 0x0
TTY> MMU_ERR_STS: 0x0
TTY> Exception: SError
TTY> Exception taken from EL2h
TTY> Running in EL2
TTY> MPIDR: 0x80010100
TTY> Registers: (@0x10002ad3c60)
TTY>   x0-x3: acce5515abad1dea 0000000000000002 0000010002ad3f38 0000010002ad3f38
TTY>   x4-x7: 0000010002ad3f78 0000000000007a69 0000010002ad3f18 0000010002a9b000
TTY>  x8-x11: 0000010002ad3f40 0000000000000101 0000000000010101 0000000000401004
TTY> x12-x15: 0000010003244010 0000010002a89380 0000000000000460 0000000000000000
TTY> x16-x19: 00000100029681b8 0000000000000000 0000000000000023 0000000000000007
TTY> x20-x23: 0000010002aa6d88 0000010002a9b000 0000000000aa55ff 0000000000000000
TTY> x24-x27: 0000010002ad3f10 0000000000000000 0000000000000001 0000000000000007
TTY> x28-x30: 0000000000000000 0000010002ad3e60 00000100029f49e4
TTY> PC:       0x100029eed5c (rel: 0x26d5c)
TTY> SP:       0x10002ad3d60
TTY> SPSR:     0x80000009
TTY> FAR:      0x1cb0300000
TTY> ESR:      0xbe000000 (SError)
TTY> L2C_ERR_STS: 0x80
TTY> L2C_ERR_ADR: 0x300501cb0300000
TTY> L2C_ERR_INF: 0x1400000001
TTY> LSU_ERR_STS: 0x0
TTY> FED_ERR_STS: 0x0
TTY> MMU_ERR_STS: 0x0
TTY> Exception: SError
TTY> Exception taken from EL2h
TTY> Running in EL2
TTY> MPIDR: 0x80010100
TTY> Registers: (@0x10002ad3c60)
TTY>   x0-x3: acce5515abad1dea 0000000000000002 0000010002ad3f38 0000010002ad3f38
TTY>   x4-x7: 0000010002ad3f78 0000000000007a69 0000010002ad3f18 0000010002a9b000
TTY>  x8-x11: 0000010002ad3f40 0000000000000101 0000000000010101 0000000000401004
TTY> x12-x15: 0000010003244010 0000010002a89380 0000000000000460 0000000000000000
TTY> x16-x19: 00000100029681b8 0000000000000000 0000000000000023 0000000000000007
TTY> x20-x23: 0000010002aa6d88 0000010002a9b000 0000000000aa55ff 0000000000000000
TTY> x24-x27: 0000010002ad3f10 0000000000000000 0000000000000001 0000000000000007
TTY> x28-x30: 0000000000000000 0000010002ad3e60 00000100029f49e4
TTY> PC:       0x100029eed5c (rel: 0x26d5c)
TTY> SP:       0x10002ad3d60
TTY> SPSR:     0x80000009
TTY> FAR:      0x1cb0300000
TTY> ESR:      0xbe000000 (SError)
TTY> L2C_ERR_STS: 0x80
TTY> L2C_ERR_ADR: 0x300501cb0300000
TTY> L2C_ERR_INF: 0x1400000001
TTY> LSU_ERR_STS: 0x0
TTY> FED_ERR_STS: 0x0
TTY> MMU_ERR_STS: 0x0
TTY> Exception: SError
TTY> Exception taken from EL2h
TTY> Running in EL2
TTY> MPIDR: 0x80010100
TTY> Registers: (@0x10002ad3c60)
TTY>   x0-x3: acce5515abad1dea 0000000000000002 0000010002ad3f38 0000010002ad3f38
TTY>   x4-x7: 0000010002ad3f78 0000000000007a69 0000010002ad3f18 0000010002a9b000
TTY>  x8-x11: 0000010002ad3f40 0000000000000101 0000000000010101 0000000000401004
TTY> x12-x15: 0000010003244010 0000010002a89380 0000000000000460 0000000000000000
TTY> x16-x19: 00000100029681b8 0000000000000000 0000000000000023 0000000000000007
TTY> x20-x23: 0000010002aa6d88 0000010002a9b000 0000000000aa55ff 0000000000000000
TTY> x24-x27: 0000010002ad3f10 0000000000000000 0000000000000001 0000000000000007
TTY> x28-x30: 0000000000000000 0000010002ad3e60 00000100029f49e4
TTY> PC:       0x100029eed5c (rel: 0x26d5c)
TTY> SP:       0x10002ad3d60
TTY> SPSR:     0x80000009
TTY> FAR:      0x1cb0300000
TTY> ESR:      0xbe000000 (SError)
TTY> L2C_ERR_STS: 0x80
TTY> L2C_ERR_ADR: 0x300501cb0300000
TTY> L2C_ERR_INF: 0x1400000001
TTY> LSU_ERR_STS: 0x0
TTY> FED_ERR_STS: 0x0
TTY> MMU_ERR_STS: 0x0
TTY> Exception: SError
TTY> Exception taken from EL2h
TTY> Running in EL2
TTY> MPIDR: 0x80010100
TTY> Registers: (@0x10002ad3c60)
TTY>   x0-x3: acce5515abad1dea 0000000000000002 0000010002ad3f38 0000010002ad3f38
TTY>   x4-x7: 0000010002ad3f78 0000000000007a69 0000010002ad3f18 0000010002a9b000
TTY>  x8-x11: 0000010002ad3f40 0000000000000101 0000000000010101 0000000000401004
TTY> x12-x15: 0000010003244010 0000010002a89380 0000000000000460 0000000000000000
TTY> x16-x19: 00000100029681b8 0000000000000000 0000000000000023 0000000000000007
TTY> x20-x23: 0000010002aa6d88 0000010002a9b000 0000000000aa55ff 0000000000000000
TTY> x24-x27: 0000010002ad3f10 0000000000000000 0000000000000001 0000000000000007
TTY> x28-x30: 0000000000000000 0000010002ad3e60 00000100029f49e4
TTY> PC:       0x100029eed5c (rel: 0x26d5c)
TTY> SP:       0x10002ad3d60
TTY> SPSR:     0x80000009
TTY> FAR:      0x1cb0300000
TTY> ESR:      0xbe000000 (SError)
TTY> L2C_ERR_STS: 0x80
TTY> L2C_ERR_ADR: 0x300501cb0300000
TTY> L2C_ERR_INF: 0x1400000001
TTY> LSU_ERR_STS: 0x0
TTY> FED_ERR_STS: 0x0
TTY> MMU_ERR_STS: 0x0
TTY> Exception: SError
TTY> Exception taken from EL2h
TTY> Running in EL2
TTY> MPIDR: 0x80010100
TTY> Registers: (@0x10002ad3c60)
TTY>   x0-x3: acce5515abad1dea 0000000000000002 0000010002ad3f38 0000010002ad3f38
TTY>   x4-x7: 0000010002ad3f78 0000000000007a69 0000010002ad3f18 0000010002a9b000
TTY>  x8-x11: 0000010002ad3f40 0000000000000101 0000000000010101 0000000000401004
TTY> x12-x15: 0000010003244010 0000010002a89380 0000000000000460 0000000000000000
TTY> x16-x19: 00000100029681b8 0000000000000000 0000000000000023 0000000000000007
TTY> x20-x23: 0000010002aa6d88 0000010002a9b000 0000000000aa55ff 0000000000000000
TTY> x24-x27: 0000010002ad3f10 0000000000000000 0000000000000001 0000000000000007
TTY> x28-x30: 0000000000000000 0000010002ad3e60 00000100029f49e4
TTY> PC:       0x100029eed5c (rel: 0x26d5c)
TTY> SP:       0x10002ad3d60
TTY> SPSR:     0x80000009
TTY> FAR:      0x1cb0300000
TTY> ESR:      0xbe000000 (SError)
TTY> L2C_ERR_STS: 0x80
TTY> L2C_ERR_ADR: 0x300501cb0300000
TTY> L2C_ERR_INF: 0x1400000001
TTY> LSU_ERR_STS: 0x0
TTY> FED_ERR_STS: 0x0
TTY> MMU_ERR_STS: 0x0
TTY> Exception: SError
TTY> Exception taken from EL2h
TTY> Running in EL2
TTY> MPIDR: 0x80010100
TTY> Registers: (@0x10002ad3c60)
TTY>   x0-x3: acce5515abad1dea 0000000000000002 0000010002ad3f38 0000010002ad3f38
TTY>   x4-x7: 0000010002ad3f78 0000000000007a69 0000010002ad3f18 0000010002a9b000
TTY>  x8-x11: 0000010002ad3f40 0000000000000101 0000000000010101 0000000000401004
TTY> x12-x15: 0000010003244010 0000010002a89380 0000000000000460 0000000000000000
TTY> x16-x19: 00000100029681b8 0000000000000000 0000000000000023 0000000000000007
TTY> x20-x23: 0000010002aa6d88 0000010002a9b000 0000000000aa55ff 0000000000000000
TTY> x24-x27: 0000010002ad3f10 0000000000000000 0000000000000001 0000000000000007
TTY> x28-x30: 0000000000000000 0000010002ad3e60 00000100029f49e4
TTY> PC:       0x100029eed5c (rel: 0x26d5c)
TTY> SP:       0x10002ad3d60
TTY> SPSR:     0x80000009
TTY> FAR:      0x1cb0300000
TTY> ESR:      0xbe000000 (SError)
TTY> L2C_ERR_STS: 0x80
TTY> L2C_ERR_ADR: 0x300501cb0300000
TTY> L2C_ERR_INF: 0x1400000001
TTY> LSU_ERR_STS: 0x0
TTY> FED_ERR_STS: 0x0
TTY> MMU_ERR_STS: 0x0
TTY> Exception: SError
TTY> Exception taken from EL2h
TTY> Running in EL2
TTY> MPIDR: 0x80010100
TTY> Registers: (@0x10002ad3c60)
TTY>   x0-x3: acce5515abad1dea 0000000000000002 0000010002ad3f38 0000010002ad3f38
TTY>   x4-x7: 0000010002ad3f78 0000000000007a69 0000010002ad3f18 0000010002a9b000
TTY>  x8-x11: 0000010002ad3f40 0000000000000101 0000000000010101 0000000000401004
TTY> x12-x15: 0000010003244010 0000010002a89380 0000000000000460 0000000000000000
TTY> x16-x19: 00000100029681b8 0000000000000000 0000000000000023 0000000000000007
TTY> x20-x23: 0000010002aa6d88 0000010002a9b000 0000000000aa55ff 0000000000000000
TTY> x24-x27: 0000010002ad3f10 0000000000000000 0000000000000001 0000000000000007
TTY> x28-x30: 0000000000000000 0000010002ad3e60 00000100029f49e4
TTY> PC:       0x100029eed5c (rel: 0x26d5c)
TTY> SP:       0x10002ad3d60
TTY> SPSR:     0x80000009
TTY> FAR:      0x1cb0300000
TTY> ESR:      0xbe000000 (SError)
TTY> L2C_ERR_STS: 0x80
TTY> L2C_ERR_ADR: 0x300501cb0300000
TTY> L2C_ERR_INF: 0x1400000001
TTY> LSU_ERR_STS: 0x0
TTY> FED_ERR_STS: 0x0
TTY> MMU_ERR_STS: 0x0
TTY> Exception: SError
TTY> Exception taken from EL2h
TTY> Running in EL2
TTY> MPIDR: 0x80010100
TTY> Registers: (@0x10002ad3c60)
TTY>   x0-x3: acce5515abad1dea 0000000000000002 0000010002ad3f38 0000010002ad3f38
TTY>   x4-x7: 0000010002ad3f78 0000000000007a69 0000010002ad3f18 0000010002a9b000
TTY>  x8-x11: 0000010002ad3f40 0000000000000101 0000000000010101 0000000000401004
TTY> x12-x15: 0000010003244010 0000010002a89380 0000000000000460 0000000000000000
TTY> x16-x19: 00000100029681b8 0000000000000000 0000000000000023 0000000000000007
TTY> x20-x23: 0000010002aa6d88 0000010002a9b000 0000000000aa55ff 0000000000000000
TTY> x24-x27: 0000010002ad3f10 0000000000000000 0000000000000001 0000000000000007
TTY> x28-x30: 0000000000000000 0000010002ad3e60 00000100029f49e4
TTY> PC:       0x100029eed5c (rel: 0x26d5c)
TTY> SP:       0x10002ad3d60
TTY> SPSR:     0x80000009
TTY> FAR:      0x1cb0300000
TTY> ESR:      0xbe000000 (SError)
TTY> L2C_ERR_STS: 0x80
TTY> L2C_ERR_ADR: 0x300501cb0300000
TTY> L2C_ERR_INF: 0x1400000001
TTY> LSU_ERR_STS: 0x0
TTY> FED_ERR_STS: 0x0
TTY> MMU_ERR_STS: 0x0
TTY> Exception: SError
TTY> Exception taken from EL2h
TTY> Running in EL2
TTY> MPIDR: 0x80010100
TTY> Registers: (@0x10002ad3c60)
TTY>   x0-x3: acce5515abad1dea 0000000000000002 0000010002ad3f38 0000010002ad3f38
TTY>   x4-x7: 0000010002ad3f78 0000000000007a69 0000010002ad3f18 0000010002a9b000
TTY>  x8-x11: 0000010002ad3f40 0000000000000101 0000000000010101 0000000000401004
TTY> x12-x15: 0000010003244010 0000010002a89380 0000000000000460 0000000000000000
TTY> x16-x19: 00000100029681b8 0000000000000000 0000000000000023 0000000000000007
TTY> x20-x23: 0000010002aa6d88 0000010002a9b000 0000000000aa55ff 0000000000000000
TTY> x24-x27: 0000010002ad3f10 0000000000000000 0000000000000001 0000000000000007
TTY> x28-x30: 0000000000000000 0000010002ad3e60 00000100029f49e4
TTY> PC:       0x100029eed5c (rel: 0x26d5c)
TTY> SP:       0x10002ad3d60
TTY> SPSR:     0x80000009
TTY> FAR:      0x1cb0300000
TTY> ESR:      0xbe000000 (SError)
TTY> L2C_ERR_STS: 0x80
TTY> L2C_ERR_ADR: 0x300501cb0300000
TTY> L2C_ERR_INF: 0x1400000001
TTY> LSU_ERR_STS: 0x0
TTY> FED_ERR_STS: 0x0
TTY> MMU_ERR_STS: 0x0
TTY> Exception: SError
TTY> Exception taken from EL2h
TTY> Running in EL2
TTY> MPIDR: 0x80010100
TTY> Registers: (@0x10002ad3c60)
TTY>   x0-x3: acce5515abad1dea 0000000000000002 0000010002ad3f38 0000010002ad3f38
TTY>   x4-x7: 0000010002ad3f78 0000000000007a69 0000010002ad3f18 0000010002a9b000
TTY>  x8-x11: 0000010002ad3f40 0000000000000101 0000000000010101 0000000000401004
TTY> x12-x15: 0000010003244010 0000010002a89380 0000000000000460 0000000000000000
TTY> x16-x19: 00000100029681b8 0000000000000000 0000000000000023 0000000000000007
TTY> x20-x23: 0000010002aa6d88 0000010002a9b000 0000000000aa55ff 0000000000000000
TTY> x24-x27: 0000010002ad3f10 0000000000000000 0000000000000001 0000000000000007
TTY> x28-x30: 0000000000000000 0000010002ad3e60 00000100029f49e4
TTY> PC:       0x100029eed5c (rel: 0x26d5c)
TTY> SP:       0x10002ad3d60
TTY> SPSR:     0x80000009
TTY> FAR:      0x1cb0300000
TTY> ESR:      0xbe000000 (SError)
TTY> L2C_ERR_STS: 0x80
TTY> L2C_ERR_ADR: 0x300501cb0300000
TTY> L2C_ERR_INF: 0x1400000001
TTY> LSU_ERR_STS: 0x0
TTY> FED_ERR_STS: 0x0
TTY> MMU_ERR_STS: 0x0
TTY> Exception: SError
TTY> Exception taken from EL2h
TTY> Running in EL2
TTY> MPIDR: 0x80010100
TTY> Registers: (@0x10002ad3c60)
TTY>   x0-x3: acce5515abad1dea 0000000000000002 0000010002ad3f38 0000010002ad3f38
TTY>   x4-x7: 0000010002ad3f78 0000000000007a69 0000010002ad3f18 0000010002a9b000
TTY>  x8-x11: 0000010002ad3f40 0000000000000101 0000000000010101 0000000000401004
TTY> x12-x15: 0000010003244010 0000010002a89380 0000000000000460 0000000000000000
TTY> x16-x19: 00000100029681b8 0000000000000000 0000000000000023 0000000000000007
TTY> x20-x23: 0000010002aa6d88 0000010002a9b000 0000000000aa55ff 0000000000000000
TTY> x24-x27: 0000010002ad3f10 0000000000000000 0000000000000001 0000000000000007
TTY> x28-x30: 0000000000000000 0000010002ad3e60 00000100029f49e4
TTY> PC:       0x100029eed5c (rel: 0x26d5c)
TTY> SP:       0x10002ad3d60
TTY> SPSR:     0x80000009
TTY> FAR:      0x1cb0300000
TTY> ESR:      0xbe000000 (SError)
TTY> L2C_ERR_STS: 0x80
TTY> L2C_ERR_ADR: 0x300501cb0300000
TTY> L2C_ERR_INF: 0x1400000001
TTY> LSU_ERR_STS: 0x0
TTY> FED_ERR_STS: 0x0
TTY> MMU_ERR_STS: 0x0
TTY> Exception: SError
TTY> Exception taken from EL2h
TTY> Running in EL2
TTY> MPIDR: 0x80010100
TTY> Registers: (@0x10002ad3c60)
TTY>   x0-x3: acce5515abad1dea 0000000000000002 0000010002ad3f38 0000010002ad3f38
TTY>   x4-x7: 0000010002ad3f78 0000000000007a69 0000010002ad3f18 0000010002a9b000
TTY>  x8-x11: 0000010002ad3f40 0000000000000101 0000000000010101 0000000000401004
TTY> x12-x15: 0000010003244010 0000010002a89380 0000000000000460 0000000000000000
TTY> x16-x19: 00000100029681b8 0000000000000000 0000000000000023 0000000000000007
TTY> x20-x23: 0000010002aa6d88 0000010002a9b000 0000000000aa55ff 0000000000000000
TTY> x24-x27: 0000010002ad3f10 0000000000000000 0000000000000001 0000000000000007
TTY> x28-x30: 0000000000000000 0000010002ad3e60 00000100029f49e4
TTY> PC:       0x100029eed5c (rel: 0x26d5c)
TTY> SP:       0x10002ad3d60
TTY> SPSR:     0x80000009
TTY> FAR:      0x1cb0300000
TTY> ESR:      0xbe000000 (SError)
TTY> L2C_ERR_STS: 0x80
TTY> L2C_ERR_ADR: 0x300501cb0300000
TTY> L2C_ERR_INF: 0x1400000001
TTY> LSU_ERR_STS: 0x0
TTY> FED_ERR_STS: 0x0
TTY> MMU_ERR_STS: 0x0
TTY> Exception: SError
TTY> Exception taken from EL2h
TTY> Running in EL2
TTY> MPIDR: 0x80010100
TTY> Registers: (@0x10002ad3c60)
TTY>   x0-x3: acce5515abad1dea 0000000000000002 0000010002ad3f38 0000010002ad3f38
TTY>   x4-x7: 0000010002ad3f78 0000000000007a69 0000010002ad3f18 0000010002a9b000
TTY>  x8-x11: 0000010002ad3f40 0000000000000101 0000000000010101 0000000000401004
TTY> x12-x15: 0000010003244010 0000010002a89380 0000000000000460 0000000000000000
TTY> x16-x19: 00000100029681b8 0000000000000000 0000000000000023 0000000000000007
TTY> x20-x23: 0000010002aa6d88 0000010002a9b000 0000000000aa55ff 0000000000000000
TTY> x24-x27: 0000010002ad3f10 0000000000000000 0000000000000001 0000000000000007
TTY> x28-x30: 0000000000000000 0000010002ad3e60 00000100029f49e4
TTY> PC:       0x100029eed5c (rel: 0x26d5c)
TTY> SP:       0x10002ad3d60
TTY> SPSR:     0x80000009
TTY> FAR:      0x1cb0300000
TTY> ESR:      0xbe000000 (SError)
TTY> L2C_ERR_STS: 0x80
TTY> L2C_ERR_ADR: 0x300501cb0300000
TTY> L2C_ERR_INF: 0x1400000001
TTY> LSU_ERR_STS: 0x0
TTY> FED_ERR_STS: 0x0
TTY> MMU_ERR_STS: 0x0
TTY> Exception: SError
TTY> Exception taken from EL2h
TTY> Running in EL2
TTY> MPIDR: 0x80010100
TTY> Registers: (@0x10002ad3c60)
TTY>   x0-x3: acce5515abad1dea 0000000000000002 0000010002ad3f38 0000010002ad3f38
TTY>   x4-x7: 0000010002ad3f78 0000000000007a69 0000010002ad3f18 0000010002a9b000
TTY>  x8-x11: 0000010002ad3f40 0000000000000101 0000000000010101 0000000000401004
TTY> x12-x15: 0000010003244010 0000010002a89380 0000000000000460 0000000000000000
TTY> x16-x19: 00000100029681b8 0000000000000000 0000000000000023 0000000000000007
TTY> x20-x23: 0000010002aa6d88 0000010002a9b000 0000000000aa55ff 0000000000000000
TTY> x24-x27: 0000010002ad3f10 0000000000000000 0000000000000001 0000000000000007
TTY> x28-x30: 0000000000000000 0000010002ad3e60 00000100029f49e4
TTY> PC:       0x100029eed5c (rel: 0x26d5c)
TTY> SP:       0x10002ad3d60
TTY> SPSR:     0x80000009
TTY> FAR:      0x1cb0300000
TTY> ESR:      0xbe000000 (SError)
TTY> L2C_ERR_STS: 0x80
TTY> L2C_ERR_ADR: 0x300501cb0300000
TTY> L2C_ERR_INF: 0x1400000001
TTY> LSU_ERR_STS: 0x0
TTY> FED_ERR_STS: 0x0
TTY> MMU_ERR_STS: 0x0
TTY> Exception: SError
TTY> Exception taken from EL2h
TTY> Running in EL2
TTY> MPIDR: 0x80010100
TTY> Registers: (@0x10002ad3c60)
TTY>   x0-x3: acce5515abad1dea 0000000000000002 0000010002ad3f38 0000010002ad3f38
TTY>   x4-x7: 0000010002ad3f78 0000000000007a69 0000010002ad3f18 0000010002a9b000
TTY>  x8-x11: 0000010002ad3f40 0000000000000101 0000000000010101 0000000000401004
TTY> x12-x15: 0000010003244010 0000010002a89380 0000000000000460 0000000000000000
TTY> x16-x19: 00000100029681b8 0000000000000000 0000000000000023 0000000000000007
TTY> x20-x23: 0000010002aa6d88 0000010002a9b000 0000000000aa55ff 0000000000000000
TTY> x24-x27: 0000010002ad3f10 0000000000000000 0000000000000001 0000000000000007
TTY> x28-x30: 0000000000000000 0000010002ad3e60 00000100029f49e4
TTY> PC:       0x100029eed5c (rel: 0x26d5c)
TTY> SP:       0x10002ad3d60
TTY> SPSR:     0x80000009
TTY> FAR:      0x1cb0300000
TTY> ESR:      0xbe000000 (SError)
TTY> L2C_ERR_STS: 0x80
TTY> L2C_ERR_ADR: 0x300501cb0300000
TTY> L2C_ERR_INF: 0x1400000001
TTY> LSU_ERR_STS: 0x0
TTY> FED_ERR_STS: 0x0
TTY> MMU_ERR_STS: 0x0
TTY> Exception: SError
TTY> Exception taken from EL2h
TTY> Running in EL2
TTY> MPIDR: 0x80010100
TTY> Registers: (@0x10002ad3c60)
TTY>   x0-x3: acce5515abad1dea 0000000000000002 0000010002ad3f38 0000010002ad3f38
TTY>   x4-x7: 0000010002ad3f78 0000000000007a69 0000010002ad3f18 0000010002a9b000
TTY>  x8-x11: 0000010002ad3f40 0000000000000101 0000000000010101 0000000000401004
TTY> x12-x15: 0000010003244010 0000010002a89380 0000000000000460 0000000000000000
TTY> x16-x19: 00000100029681b8 0000000000000000 0000000000000023 0000000000000007
TTY> x20-x23: 0000010002aa6d88 0000010002a9b000 0000000000aa55ff 0000000000000000
TTY> x24-x27: 0000010002ad3f10 0000000000000000 0000000000000001 0000000000000007
TTY> x28-x30: 0000000000000000 0000010002ad3e60 00000100029f49e4
TTY> PC:       0x100029eed5c (rel: 0x26d5c)
TTY> SP:       0x10002ad3d60
TTY> SPSR:     0x80000009
TTY> FAR:      0x1cb0300000
TTY> ESR:      0xbe000000 (SError)
TTY> L2C_ERR_STS: 0x80
TTY> L2C_ERR_ADR: 0x300501cb0300000
TTY> L2C_ERR_INF: 0x1400000001
TTY> LSU_ERR_STS: 0x0
TTY> FED_ERR_STS: 0x0
TTY> MMU_ERR_STS: 0x0
TTY> Exception: SError
TTY> Exception taken from EL2h
TTY> Running in EL2
TTY> MPIDR: 0x80010100
TTY> Registers: (@0x10002ad3c60)
TTY>   x0-x3: acce5515abad1dea 0000000000000002 0000010002ad3f38 0000010002ad3f38
TTY>   x4-x7: 0000010002ad3f78 0000000000007a69 0000010002ad3f18 0000010002a9b000
TTY>  x8-x11: 0000010002ad3f40 0000000000000101 0000000000010101 0000000000401004
TTY> x12-x15: 0000010003244010 0000010002a89380 0000000000000460 0000000000000000
TTY> x16-x19: 00000100029681b8 0000000000000000 0000000000000023 0000000000000007
TTY> x20-x23: 0000010002aa6d88 0000010002a9b000 0000000000aa55ff 0000000000000000
TTY> x24-x27: 0000010002ad3f10 0000000000000000 0000000000000001 0000000000000007
TTY> x28-x30: 0000000000000000 0000010002ad3e60 00000100029f49e4
TTY> PC:       0x100029eed5c (rel: 0x26d5c)
TTY> SP:       0x10002ad3d60
TTY> SPSR:     0x80000009
TTY> FAR:      0x1cb0300000
TTY> ESR:      0xbe000000 (SError)
TTY> L2C_ERR_STS: 0x80
TTY> L2C_ERR_ADR: 0x300501cb0300000
TTY> L2C_ERR_INF: 0x1400000001
TTY> LSU_ERR_STS: 0x0
TTY> FED_ERR_STS: 0x0
TTY> MMU_ERR_STS: 0x0
TTY> Exception: SError
TTY> Exception taken from EL2h
TTY> Running in EL2
TTY> MPIDR: 0x80010100
TTY> Registers: (@0x10002ad3c60)
TTY>   x0-x3: acce5515abad1dea 0000000000000002 0000010002ad3f38 0000010002ad3f38
TTY>   x4-x7: 0000010002ad3f78 0000000000007a69 0000010002ad3f18 0000010002a9b000
TTY>  x8-x11: 0000010002ad3f40 0000000000000101 0000000000010101 0000000000401004
TTY> x12-x15: 0000010003244010 0000010002a89380 0000000000000460 0000000000000000
TTY> x16-x19: 00000100029681b8 0000000000000000 0000000000000023 0000000000000007
TTY> x20-x23: 0000010002aa6d88 0000010002a9b000 0000000000aa55ff 0000000000000000
TTY> x24-x27: 0000010002ad3f10 0000000000000000 0000000000000001 0000000000000007
TTY> x28-x30: 0000000000000000 0000010002ad3e60 00000100029f49e4
TTY> PC:       0x100029eed5c (rel: 0x26d5c)
TTY> SP:       0x10002ad3d60
TTY> SPSR:     0x80000009
TTY> FAR:      0x1cb0300000
TTY> ESR:      0xbe000000 (SError)
TTY> L2C_ERR_STS: 0x80
TTY> L2C_ERR_ADR: 0x300501cb0300000
TTY> L2C_ERR_INF: 0x1400000001
TTY> LSU_ERR_STS: 0x0
TTY> FED_ERR_STS: 0x0
TTY> MMU_ERR_STS: 0x0
TTY> Exception: SError
TTY> Exception taken from EL2h
TTY> Running in EL2
TTY> MPIDR: 0x80010100
TTY> Registers: (@0x10002ad3c60)
TTY>   x0-x3: acce5515abad1dea 0000000000000002 0000010002ad3f38 0000010002ad3f38
TTY>   x4-x7: 0000010002ad3f78 0000000000007a69 0000010002ad3f18 0000010002a9b000
TTY>  x8-x11: 0000010002ad3f40 0000000000000101 0000000000010101 0000000000401004
TTY> x12-x15: 0000010003244010 0000010002a89380 0000000000000460 0000000000000000
TTY> x16-x19: 00000100029681b8 0000000000000000 0000000000000023 0000000000000007
TTY> x20-x23: 0000010002aa6d88 0000010002a9b000 0000000000aa55ff 0000000000000000
TTY> x24-x27: 0000010002ad3f10 0000000000000000 0000000000000001 0000000000000007
TTY> x28-x30: 0000000000000000 0000010002ad3e60 00000100029f49e4
TTY> PC:       0x100029eed5c (rel: 0x26d5c)
TTY> SP:       0x10002ad3d60
TTY> SPSR:     0x80000009
TTY> FAR:      0x1cb0300000
TTY> ESR:      0xbe000000 (SError)
TTY> L2C_ERR_STS: 0x80
TTY> L2C_ERR_ADR: 0x300501cb0300000
TTY> L2C_ERR_INF: 0x1400000001
TTY> LSU_ERR_STS: 0x0
TTY> FED_ERR_STS: 0x0
TTY> MMU_ERR_STS: 0x0
TTY> Exception: SError
TTY> Exception taken from EL2h
TTY> Running in EL2
TTY> MPIDR: 0x80010100
TTY> Registers: (@0x10002ad3c60)
TTY>   x0-x3: acce5515abad1dea 0000000000000002 0000010002ad3f38 0000010002ad3f38
TTY>   x4-x7: 0000010002ad3f78 0000000000007a69 0000010002ad3f18 0000010002a9b000
TTY>  x8-x11: 0000010002ad3f40 0000000000000101 0000000000010101 0000000000401004
TTY> x12-x15: 0000010003244010 0000010002a89380 0000000000000460 0000000000000000
TTY> x16-x19: 00000100029681b8 0000000000000000 0000000000000023 0000000000000007
TTY> x20-x23: 0000010002aa6d88 0000010002a9b000 0000000000aa55ff 0000000000000000
TTY> x24-x27: 0000010002ad3f10 0000000000000000 0000000000000001 0000000000000007
TTY> x28-x30: 0000000000000000 0000010002ad3e60 00000100029f49e4
TTY> PC:       0x100029eed5c (rel: 0x26d5c)
TTY> SP:       0x10002ad3d60
TTY> SPSR:     0x80000009
TTY> FAR:      0x1cb0300000
TTY> ESR:      0xbe000000 (SError)
TTY> L2C_ERR_STS: 0x80
TTY> L2C_ERR_ADR: 0x300501cb0300000
TTY> L2C_ERR_INF: 0x1400000001
TTY> LSU_ERR_STS: 0x0
TTY> FED_ERR_STS: 0x0
TTY> MMU_ERR_STS: 0x0
TTY> Exception: SError
TTY> Exception taken from EL2h
TTY> Running in EL2
TTY> MPIDR: 0x80010100
TTY> Registers: (@0x10002ad3c60)
TTY>   x0-x3: acce5515abad1dea 0000000000000002 0000010002ad3f38 0000010002ad3f38
TTY>   x4-x7: 0000010002ad3f78 0000000000007a69 0000010002ad3f18 0000010002a9b000
TTY>  x8-x11: 0000010002ad3f40 0000000000000101 0000000000010101 0000000000401004
TTY> x12-x15: 0000010003244010 0000010002a89380 0000000000000460 0000000000000000
TTY> x16-x19: 00000100029681b8 0000000000000000 0000000000000023 0000000000000007
TTY> x20-x23: 0000010002aa6d88 0000010002a9b000 0000000000aa55ff 0000000000000000
TTY> x24-x27: 0000010002ad3f10 0000000000000000 0000000000000001 0000000000000007
TTY> x28-x30: 0000000000000000 0000010002ad3e60 00000100029f49e4
TTY> PC:       0x100029eed5c (rel: 0x26d5c)
TTY> SP:       0x10002ad3d60
TTY> SPSR:     0x80000009
TTY> FAR:      0x1cb0300000
TTY> ESR:      0xbe000000 (SError)
TTY> L2C_ERR_STS: 0x80
TTY> L2C_ERR_ADR: 0x300501cb0300000
TTY> L2C_ERR_INF: 0x1400000001
TTY> LSU_ERR_STS: 0x0
TTY> FED_ERR_STS: 0x0
TTY> MMU_ERR_STS: 0x0
TTY> Exception: SError
TTY> Exception taken from EL2h
TTY> Running in EL2
TTY> MPIDR: 0x80010100
TTY> Registers: (@0x10002ad3c60)
TTY>   x0-x3: acce5515abad1dea 0000000000000002 0000010002ad3f38 0000010002ad3f38
TTY>   x4-x7: 0000010002ad3f78 0000000000007a69 0000010002ad3f18 0000010002a9b000
TTY>  x8-x11: 0000010002ad3f40 0000000000000101 0000000000010101 0000000000401004
TTY> x12-x15: 0000010003244010 0000010002a89380 0000000000000460 0000000000000000
TTY> x16-x19: 00000100029681b8 0000000000000000 0000000000000023 0000000000000007
TTY> x20-x23: 0000010002aa6d88 0000010002a9b000 0000000000aa55ff 0000000000000000
TTY> x24-x27: 0000010002ad3f10 0000000000000000 0000000000000001 0000000000000007
TTY> x28-x30: 0000000000000000 0000010002ad3e60 00000100029f49e4
TTY> PC:       0x100029eed5c (rel: 0x26d5c)
TTY> SP:       0x10002ad3d60
TTY> SPSR:     0x80000009
TTY> FAR:      0x1cb0300000
TTY> ESR:      0xbe000000 (SError)
TTY> L2C_ERR_STS: 0x80
TTY> L2C_ERR_ADR: 0x300501cb0300000
TTY> L2C_ERR_INF: 0x1400000001
TTY> LSU_ERR_STS: 0x0
TTY> FED_ERR_STS: 0x0
TTY> MMU_ERR_STS: 0x0
TTY> Exception: SError
TTY> Exception taken from EL2h
TTY> Running in EL2
TTY> MPIDR: 0x80010100
TTY> Registers: (@0x10002ad3c60)
TTY>   x0-x3: acce5515abad1dea 0000000000000002 0000010002ad3f38 0000010002ad3f38
TTY>   x4-x7: 0000010002ad3f78 0000000000007a69 0000010002ad3f18 0000010002a9b000
TTY>  x8-x11: 0000010002ad3f40 0000000000000101 0000000000010101 0000000000401004
TTY> x12-x15: 0000010003244010 0000010002a89380 0000000000000460 0000000000000000
TTY> x16-x19: 00000100029681b8 0000000000000000 0000000000000023 0000000000000007
TTY> x20-x23: 0000010002aa6d88 0000010002a9b000 0000000000aa55ff 0000000000000000
TTY> x24-x27: 0000010002ad3f10 0000000000000000 0000000000000001 0000000000000007
TTY> x28-x30: 0000000000000000 0000010002ad3e60 00000100029f49e4
TTY> PC:       0x100029eed5c (rel: 0x26d5c)
TTY> SP:       0x10002ad3d60
TTY> SPSR:     0x80000009
TTY> FAR:      0x1cb0300000
TTY> ESR:      0xbe000000 (SError)
TTY> L2C_ERR_STS: 0x80
TTY> L2C_ERR_ADR: 0x300501cb0300000
TTY> L2C_ERR_INF: 0x1400000001
TTY> LSU_ERR_STS: 0x0
TTY> FED_ERR_STS: 0x0
TTY> MMU_ERR_STS: 0x0
TTY> Exception: SError
TTY> Exception taken from EL2h
TTY> Running in EL2
TTY> MPIDR: 0x80010100
TTY> Registers: (@0x10002ad3c60)
TTY>   x0-x3: acce5515abad1dea 0000000000000002 0000010002ad3f38 0000010002ad3f38
TTY>   x4-x7: 0000010002ad3f78 0000000000007a69 0000010002ad3f18 0000010002a9b000
TTY>  x8-x11: 0000010002ad3f40 0000000000000101 0000000000010101 0000000000401004
TTY> x12-x15: 0000010003244010 0000010002a89380 0000000000000460 0000000000000000
TTY> x16-x19: 00000100029681b8 0000000000000000 0000000000000023 0000000000000007
TTY> x20-x23: 0000010002aa6d88 0000010002a9b000 0000000000aa55ff 0000000000000000
TTY> x24-x27: 0000010002ad3f10 0000000000000000 0000000000000001 0000000000000007
TTY> x28-x30: 0000000000000000 0000010002ad3e60 00000100029f49e4
TTY> PC:       0x100029eed5c (rel: 0x26d5c)
TTY> SP:       0x10002ad3d60
TTY> SPSR:     0x80000009
TTY> FAR:      0x1cb0300000
TTY> ESR:      0xbe000000 (SError)
TTY> L2C_ERR_STS: 0x80
TTY> L2C_ERR_ADR: 0x300501cb0300000
TTY> L2C_ERR_INF: 0x1400000001
TTY> LSU_ERR_STS: 0x0
TTY> FED_ERR_STS: 0x0
TTY> MMU_ERR_STS: 0x0
TTY> Exception: SError
TTY> Exception taken from EL2h
TTY> Running in EL2
TTY> MPIDR: 0x80010100
TTY> Registers: (@0x10002ad3c60)
TTY>   x0-x3: acce5515abad1dea 0000000000000002 0000010002ad3f38 0000010002ad3f38
TTY>   x4-x7: 0000010002ad3f78 0000000000007a69 0000010002ad3f18 0000010002a9b000
TTY>  x8-x11: 0000010002ad3f40 0000000000000101 0000000000010101 0000000000401004
TTY> x12-x15: 0000010003244010 0000010002a89380 0000000000000460 0000000000000000
TTY> x16-x19: 00000100029681b8 0000000000000000 0000000000000023 0000000000000007
TTY> x20-x23: 0000010002aa6d88 0000010002a9b000 0000000000aa55ff 0000000000000000
TTY> x24-x27: 0000010002ad3f10 0000000000000000 0000000000000001 0000000000000007
TTY> x28-x30: 0000000000000000 0000010002ad3e60 00000100029f49e4
TTY> PC:       0x100029eed5c (rel: 0x26d5c)
TTY> SP:       0x10002ad3d60
TTY> SPSR:     0x80000009
TTY> FAR:      0x1cb0300000
TTY> ESR:      0xbe000000 (SError)
TTY> L2C_ERR_STS: 0x80
TTY> L2C_ERR_ADR: 0x300501cb0300000
TTY> L2C_ERR_INF: 0x1400000001
TTY> LSU_ERR_STS: 0x0
TTY> FED_ERR_STS: 0x0
TTY> MMU_ERR_STS: 0x0
TTY> Exception: SError
TTY> Exception taken from EL2h
TTY> Running in EL2
TTY> MPIDR: 0x80010100
TTY> Registers: (@0x10002ad3c60)
TTY>   x0-x3: acce5515abad1dea 0000000000000002 0000010002ad3f38 0000010002ad3f38
TTY>   x4-x7: 0000010002ad3f78 0000000000007a69 0000010002ad3f18 0000010002a9b000
TTY>  x8-x11: 0000010002ad3f40 0000000000000101 0000000000010101 0000000000401004
TTY> x12-x15: 0000010003244010 0000010002a89380 0000000000000460 0000000000000000
TTY> x16-x19: 00000100029681b8 0000000000000000 0000000000000023 0000000000000007
TTY> x20-x23: 0000010002aa6d88 0000010002a9b000 0000000000aa55ff 0000000000000000
TTY> x24-x27: 0000010002ad3f10 0000000000000000 0000000000000001 0000000000000007
TTY> x28-x30: 0000000000000000 0000010002ad3e60 00000100029f49e4
TTY> PC:       0x100029eed5c (rel: 0x26d5c)
TTY> SP:       0x10002ad3d60
TTY> SPSR:     0x80000009
TTY> FAR:      0x1cb0300000
TTY> ESR:      0xbe000000 (SError)
TTY> L2C_ERR_STS: 0x80
TTY> L2C_ERR_ADR: 0x300501cb0300000
TTY> L2C_ERR_INF: 0x1400000001
TTY> LSU_ERR_STS: 0x0
TTY> FED_ERR_STS: 0x0
TTY> MMU_ERR_STS: 0x0
TTY> Exception: SError
TTY> Exception taken from EL2h
TTY> Running in EL2
TTY> MPIDR: 0x80010100
TTY> Registers: (@0x10002ad3c60)
TTY>   x0-x3: acce5515abad1dea 0000000000000002 0000010002ad3f38 0000010002ad3f38
TTY>   x4-x7: 0000010002ad3f78 0000000000007a69 0000010002ad3f18 0000010002a9b000
TTY>  x8-x11: 0000010002ad3f40 0000000000000101 0000000000010101 0000000000401004
TTY> x12-x15: 0000010003244010 0000010002a89380 0000000000000460 0000000000000000
TTY> x16-x19: 00000100029681b8 0000000000000000 0000000000000023 0000000000000007
TTY> x20-x23: 0000010002aa6d88 0000010002a9b000 0000000000aa55ff 0000000000000000
TTY> x24-x27: 0000010002ad3f10 0000000000000000 0000000000000001 0000000000000007
TTY> x28-x30: 0000000000000000 0000010002ad3e60 00000100029f49e4
TTY> PC:       0x100029eed5c (rel: 0x26d5c)
TTY> SP:       0x10002ad3d60
TTY> SPSR:     0x80000009
TTY> FAR:      0x1cb0300000
TTY> ESR:      0xbe000000 (SError)
TTY> L2C_ERR_STS: 0x80
TTY> L2C_ERR_ADR: 0x300501cb0300000
TTY> L2C_ERR_INF: 0x1400000001
TTY> LSU_ERR_STS: 0x0
TTY> FED_ERR_STS: 0x0
TTY> MMU_ERR_STS: 0x0
TTY> Exception: SError
TTY> Exception taken from EL2h
TTY> Running in EL2
TTY> MPIDR: 0x80010100
TTY> Registers: (@0x10002ad3c60)
TTY>   x0-x3: acce5515abad1dea 0000000000000002 0000010002ad3f38 0000010002ad3f38
TTY>   x4-x7: 0000010002ad3f78 0000000000007a69 0000010002ad3f18 0000010002a9b000
TTY>  x8-x11: 0000010002ad3f40 0000000000000101 0000000000010101 0000000000401004
TTY> x12-x15: 0000010003244010 0000010002a89380 0000000000000460 0000000000000000
TTY> x16-x19: 00000100029681b8 0000000000000000 0000000000000023 0000000000000007
TTY> x20-x23: 0000010002aa6d88 0000010002a9b000 0000000000aa55ff 0000000000000000
TTY> x24-x27: 0000010002ad3f10 0000000000000000 0000000000000001 0000000000000007
TTY> x28-x30: 0000000000000000 0000010002ad3e60 00000100029f49e4
TTY> PC:       0x100029eed5c (rel: 0x26d5c)
TTY> SP:       0x10002ad3d60
TTY> SPSR:     0x80000009
TTY> FAR:      0x1cb0300000
TTY> ESR:      0xbe000000 (SError)
TTY> L2C_ERR_STS: 0x80
TTY> L2C_ERR_ADR: 0x300501cb0300000
TTY> L2C_ERR_INF: 0x1400000001
TTY> LSU_ERR_STS: 0x0
TTY> FED_ERR_STS: 0x0
TTY> MMU_ERR_STS: 0x0
TTY> Exception: SError
TTY> Exception taken from EL2h
TTY> Running in EL2
TTY> MPIDR: 0x80010100
TTY> Registers: (@0x10002ad3c60)
TTY>   x0-x3: acce5515abad1dea 0000000000000002 0000010002ad3f38 0000010002ad3f38
TTY>   x4-x7: 0000010002ad3f78 0000000000007a69 0000010002ad3f18 0000010002a9b000
TTY>  x8-x11: 0000010002ad3f40 0000000000000101 0000000000010101 0000000000401004
TTY> x12-x15: 0000010003244010 0000010002a89380 0000000000000460 0000000000000000
TTY> x16-x19: 00000100029681b8 0000000000000000 0000000000000023 0000000000000007
TTY> x20-x23: 0000010002aa6d88 0000010002a9b000 0000000000aa55ff 0000000000000000
TTY> x24-x27: 0000010002ad3f10 0000000000000000 0000000000000001 0000000000000007
TTY> x28-x30: 0000000000000000 0000010002ad3e60 00000100029f49e4
TTY> PC:       0x100029eed5c (rel: 0x26d5c)
TTY> SP:       0x10002ad3d60
TTY> SPSR:     0x80000009
TTY> FAR:      0x1cb0300000
TTY> ESR:      0xbe000000 (SError)
TTY> L2C_ERR_STS: 0x80
TTY> L2C_ERR_ADR: 0x300501cb0300000
TTY> L2C_ERR_INF: 0x1400000001
TTY> LSU_ERR_STS: 0x0
TTY> FED_ERR_STS: 0x0
TTY> MMU_ERR_STS: 0x0
TTY> Exception: SError
TTY> Exception taken from EL2h
TTY> Running in EL2
TTY> MPIDR: 0x80010100
TTY> Registers: (@0x10002ad3c60)
TTY>   x0-x3: acce5515abad1dea 0000000000000002 0000010002ad3f38 0000010002ad3f38
TTY>   x4-x7: 0000010002ad3f78 0000000000007a69 0000010002ad3f18 0000010002a9b000
TTY>  x8-x11: 0000010002ad3f40 0000000000000101 0000000000010101 0000000000401004
TTY> x12-x15: 0000010003244010 0000010002a89380 0000000000000460 0000000000000000
TTY> x16-x19: 00000100029681b8 0000000000000000 0000000000000023 0000000000000007
TTY> x20-x23: 0000010002aa6d88 0000010002a9b000 0000000000aa55ff 0000000000000000
TTY> x24-x27: 0000010002ad3f10 0000000000000000 0000000000000001 0000000000000007
TTY> x28-x30: 0000000000000000 0000010002ad3e60 00000100029f49e4
TTY> PC:       0x100029eed5c (rel: 0x26d5c)
TTY> SP:       0x10002ad3d60
TTY> SPSR:     0x80000009
TTY> FAR:      0x1cb0300000
TTY> ESR:      0xbe000000 (SError)
TTY> L2C_ERR_STS: 0x80
TTY> L2C_ERR_ADR: 0x300501cb0300000
TTY> L2C_ERR_INF: 0x1400000001
TTY> LSU_ERR_STS: 0x0
TTY> FED_ERR_STS: 0x0
TTY> MMU_ERR_STS: 0x0
TTY> Exception: SError
TTY> Exception taken from EL2h
TTY> Running in EL2
TTY> MPIDR: 0x80010100
TTY> Registers: (@0x10002ad3c60)
TTY>   x0-x3: acce5515abad1dea 0000000000000002 0000010002ad3f38 0000010002ad3f38
TTY>   x4-x7: 0000010002ad3f78 0000000000007a69 0000010002ad3f18 0000010002a9b000
TTY>  x8-x11: 0000010002ad3f40 0000000000000101 0000000000010101 0000000000401004
TTY> x12-x15: 0000010003244010 0000010002a89380 0000000000000460 0000000000000000
TTY> x16-x19: 00000100029681b8 0000000000000000 0000000000000023 0000000000000007
TTY> x20-x23: 0000010002aa6d88 0000010002a9b000 0000000000aa55ff 0000000000000000
TTY> x24-x27: 0000010002ad3f10 0000000000000000 0000000000000001 0000000000000007
TTY> x28-x30: 0000000000000000 0000010002ad3e60 00000100029f49e4
TTY> PC:       0x100029eed5c (rel: 0x26d5c)
TTY> SP:       0x10002ad3d60
TTY> SPSR:     0x80000009
TTY> FAR:      0x1cb0300000
TTY> ESR:      0xbe000000 (SError)
TTY> L2C_ERR_STS: 0x80
TTY> L2C_ERR_ADR: 0x300501cb0300000
TTY> L2C_ERR_INF: 0x1400000001
TTY> LSU_ERR_STS: 0x0
TTY> FED_ERR_STS: 0x0
TTY> MMU_ERR_STS: 0x0
TTY> Exception: SError
TTY> Exception taken from EL2h
TTY> Running in EL2
TTY> MPIDR: 0x80010100
TTY> Registers: (@0x10002ad3c60)
TTY>   x0-x3: acce5515abad1dea 0000000000000002 0000010002ad3f38 0000010002ad3f38
TTY>   x4-x7: 0000010002ad3f78 0000000000007a69 0000010002ad3f18 0000010002a9b000
TTY>  x8-x11: 0000010002ad3f40 0000000000000101 0000000000010101 0000000000401004
TTY> x12-x15: 0000010003244010 0000010002a89380 0000000000000460 0000000000000000
TTY> x16-x19: 00000100029681b8 0000000000000000 0000000000000023 0000000000000007
TTY> x20-x23: 0000010002aa6d88 0000010002a9b000 0000000000aa55ff 0000000000000000
TTY> x24-x27: 0000010002ad3f10 0000000000000000 0000000000000001 0000000000000007
TTY> x28-x30: 0000000000000000 0000010002ad3e60 00000100029f49e4
TTY> PC:       0x100029eed5c (rel: 0x26d5c)
TTY> SP:       0x10002ad3d60
TTY> SPSR:     0x80000009
TTY> FAR:      0x1cb0300000
TTY> ESR:      0xbe000000 (SError)
TTY> L2C_ERR_STS: 0x80
TTY> L2C_ERR_ADR: 0x300501cb0300000
TTY> L2C_ERR_INF: 0x1400000001
TTY> LSU_ERR_STS: 0x0
TTY> FED_ERR_STS: 0x0
TTY> MMU_ERR_STS: 0x0
TTY> Exception: SError
TTY> Exception taken from EL2h
TTY> Running in EL2
TTY> MPIDR: 0x80010100
TTY> Registers: (@0x10002ad3c60)
TTY>   x0-x3: acce5515abad1dea 0000000000000002 0000010002ad3f38 0000010002ad3f38
TTY>   x4-x7: 0000010002ad3f78 0000000000007a69 0000010002ad3f18 0000010002a9b000
TTY>  x8-x11: 0000010002ad3f40 0000000000000101 0000000000010101 0000000000401004
TTY> x12-x15: 0000010003244010 0000010002a89380 0000000000000460 0000000000000000
TTY> x16-x19: 00000100029681b8 0000000000000000 0000000000000023 0000000000000007
TTY> x20-x23: 0000010002aa6d88 0000010002a9b000 0000000000aa55ff 0000000000000000
TTY> x24-x27: 0000010002ad3f10 0000000000000000 0000000000000001 0000000000000007
TTY> x28-x30: 0000000000000000 0000010002ad3e60 00000100029f49e4
TTY> PC:       0x100029eed5c (rel: 0x26d5c)
TTY> SP:       0x10002ad3d60
TTY> SPSR:     0x80000009
TTY> FAR:      0x1cb0300000
TTY> ESR:      0xbe000000 (SError)
TTY> L2C_ERR_STS: 0x80
TTY> L2C_ERR_ADR: 0x300501cb0300000
TTY> L2C_ERR_INF: 0x1400000001
TTY> LSU_ERR_STS: 0x0
TTY> FED_ERR_STS: 0x0
TTY> MMU_ERR_STS: 0x0
TTY> Exception: SError
TTY> Exception taken from EL2h
TTY> Running in EL2
TTY> MPIDR: 0x80010100
TTY> Registers: (@0x10002ad3c60)
TTY>   x0-x3: acce5515abad1dea 0000000000000002 0000010002ad3f38 0000010002ad3f38
TTY>   x4-x7: 0000010002ad3f78 0000000000007a69 0000010002ad3f18 0000010002a9b000
TTY>  x8-x11: 0000010002ad3f40 0000000000000101 0000000000010101 0000000000401004
TTY> x12-x15: 0000010003244010 0000010002a89380 0000000000000460 0000000000000000
TTY> x16-x19: 00000100029681b8 0000000000000000 0000000000000023 0000000000000007
TTY> x20-x23: 0000010002aa6d88 0000010002a9b000 0000000000aa55ff 0000000000000000
TTY> x24-x27: 0000010002ad3f10 0000000000000000 0000000000000001 0000000000000007
TTY> x28-x30: 0000000000000000 0000010002ad3e60 00000100029f49e4
TTY> PC:       0x100029eed5c (rel: 0x26d5c)
TTY> SP:       0x10002ad3d60
TTY> SPSR:     0x80000009
TTY> FAR:      0x1cb0300000
TTY> ESR:      0xbe000000 (SError)
TTY> L2C_ERR_STS: 0x80
TTY> L2C_ERR_ADR: 0x300501cb0300000
TTY> L2C_ERR_INF: 0x1400000001
TTY> LSU_ERR_STS: 0x0
TTY> FED_ERR_STS: 0x0
TTY> MMU_ERR_STS: 0x0
TTY> Exception: SError
TTY> Exception taken from EL2h
TTY> Running in EL2
TTY> MPIDR: 0x80010100
TTY> Registers: (@0x10002ad3c60)
TTY>   x0-x3: acce5515abad1dea 0000000000000002 0000010002ad3f38 0000010002ad3f38
TTY>   x4-x7: 0000010002ad3f78 0000000000007a69 0000010002ad3f18 0000010002a9b000
TTY>  x8-x11: 0000010002ad3f40 0000000000000101 0000000000010101 0000000000401004
TTY> x12-x15: 0000010003244010 0000010002a89380 0000000000000460 0000000000000000
TTY> x16-x19: 00000100029681b8 0000000000000000 0000000000000023 0000000000000007
TTY> x20-x23: 0000010002aa6d88 0000010002a9b000 0000000000aa55ff 0000000000000000
TTY> x24-x27: 0000010002ad3f10 0000000000000000 0000000000000001 0000000000000007
TTY> x28-x30: 0000000000000000 0000010002ad3e60 00000100029f49e4
TTY> PC:       0x100029eed5c (rel: 0x26d5c)
TTY> SP:       0x10002ad3d60
TTY> SPSR:     0x80000009
TTY> FAR:      0x1cb0300000
TTY> ESR:      0xbe000000 (SError)
TTY> L2C_ERR_STS: 0x80
TTY> L2C_ERR_ADR: 0x300501cb0300000
TTY> L2C_ERR_INF: 0x1400000001
TTY> LSU_ERR_STS: 0x0
TTY> FED_ERR_STS: 0x0
TTY> MMU_ERR_STS: 0x0
TTY> Exception: SError
TTY> Exception taken from EL2h
TTY> Running in EL2
TTY> MPIDR: 0x80010100
TTY> Registers: (@0x10002ad3c60)
TTY>   x0-x3: acce5515abad1dea 0000000000000002 0000010002ad3f38 0000010002ad3f38
TTY>   x4-x7: 0000010002ad3f78 0000000000007a69 0000010002ad3f18 0000010002a9b000
TTY>  x8-x11: 0000010002ad3f40 0000000000000101 0000000000010101 0000000000401004
TTY> x12-x15: 0000010003244010 0000010002a89380 0000000000000460 0000000000000000
TTY> x16-x19: 00000100029681b8 0000000000000000 0000000000000023 0000000000000007
TTY> x20-x23: 0000010002aa6d88 0000010002a9b000 0000000000aa55ff 0000000000000000
TTY> x24-x27: 0000010002ad3f10 0000000000000000 0000000000000001 0000000000000007
TTY> x28-x30: 0000000000000000 0000010002ad3e60 00000100029f49e4
TTY> PC:       0x100029eed5c (rel: 0x26d5c)
TTY> SP:       0x10002ad3d60
TTY> SPSR:     0x80000009
TTY> FAR:      0x1cb0300000
TTY> ESR:      0xbe000000 (SError)
TTY> L2C_ERR_STS: 0x80
TTY> L2C_ERR_ADR: 0x300501cb0300000
TTY> L2C_ERR_INF: 0x1400000001
TTY> LSU_ERR_STS: 0x0
TTY> FED_ERR_STS: 0x0
TTY> MMU_ERR_STS: 0x0
TTY> Exception: SError
TTY> Exception taken from EL2h
TTY> Running in EL2
TTY> MPIDR: 0x80010100
TTY> Registers: (@0x10002ad3c60)
TTY>   x0-x3: acce5515abad1dea 0000000000000002 0000010002ad3f38 0000010002ad3f38
TTY>   x4-x7: 0000010002ad3f78 0000000000007a69 0000010002ad3f18 0000010002a9b000
TTY>  x8-x11: 0000010002ad3f40 0000000000000101 0000000000010101 0000000000401004
TTY> x12-x15: 0000010003244010 0000010002a89380 0000000000000460 0000000000000000
TTY> x16-x19: 00000100029681b8 0000000000000000 0000000000000023 0000000000000007
TTY> x20-x23: 0000010002aa6d88 0000010002a9b000 0000000000aa55ff 0000000000000000
TTY> x24-x27: 0000010002ad3f10 0000000000000000 0000000000000001 0000000000000007
TTY> x28-x30: 0000000000000000 0000010002ad3e60 00000100029f49e4
TTY> PC:       0x100029eed5c (rel: 0x26d5c)
TTY> SP:       0x10002ad3d60
TTY> SPSR:     0x80000009
TTY> FAR:      0x1cb0300000
TTY> ESR:      0xbe000000 (SError)
TTY> L2C_ERR_STS: 0x80
TTY> L2C_ERR_ADR: 0x300501cb0300000
TTY> L2C_ERR_INF: 0x1400000001
TTY> LSU_ERR_STS: 0x0
TTY> FED_ERR_STS: 0x0
TTY> MMU_ERR_STS: 0x0
TTY> Exception: SError
TTY> Exception taken from EL2h
TTY> Running in EL2
TTY> MPIDR: 0x80010100
TTY> Registers: (@0x10002ad3c60)
TTY>   x0-x3: acce5515abad1dea 0000000000000002 0000010002ad3f38 0000010002ad3f38
TTY>   x4-x7: 0000010002ad3f78 0000000000007a69 0000010002ad3f18 0000010002a9b000
TTY>  x8-x11: 0000010002ad3f40 0000000000000101 0000000000010101 0000000000401004
TTY> x12-x15: 0000010003244010 0000010002a89380 0000000000000460 0000000000000000
TTY> x16-x19: 00000100029681b8 0000000000000000 0000000000000023 0000000000000007
TTY> x20-x23: 0000010002aa6d88 0000010002a9b000 0000000000aa55ff 0000000000000000
TTY> x24-x27: 0000010002ad3f10 0000000000000000 0000000000000001 0000000000000007
TTY> x28-x30: 0000000000000000 0000010002ad3e60 00000100029f49e4
TTY> PC:       0x100029eed5c (rel: 0x26d5c)
TTY> SP:       0x10002ad3d60
TTY> SPSR:     0x80000009
TTY> FAR:      0x1cb0300000
TTY> ESR:      0xbe000000 (SError)
TTY> L2C_ERR_STS: 0x80
TTY> L2C_ERR_ADR: 0x300501cb0300000
TTY> L2C_ERR_INF: 0x1400000001
TTY> LSU_ERR_STS: 0x0
TTY> FED_ERR_STS: 0x0
TTY> MMU_ERR_STS: 0x0
TTY> Exception: SError
TTY> Exception taken from EL2h
TTY> Running in EL2
TTY> MPIDR: 0x80010100
TTY> Registers: (@0x10002ad3c60)
TTY>   x0-x3: acce5515abad1dea 0000000000000002 0000010002ad3f38 0000010002ad3f38
TTY>   x4-x7: 0000010002ad3f78 0000000000007a69 0000010002ad3f18 0000010002a9b000
TTY>  x8-x11: 0000010002ad3f40 0000000000000101 0000000000010101 0000000000401004
TTY> x12-x15: 0000010003244010 0000010002a89380 0000000000000460 0000000000000000
TTY> x16-x19: 00000100029681b8 0000000000000000 0000000000000023 0000000000000007
TTY> x20-x23: 0000010002aa6d88 0000010002a9b000 0000000000aa55ff 0000000000000000
TTY> x24-x27: 0000010002ad3f10 0000000000000000 0000000000000001 0000000000000007
TTY> x28-x30: 0000000000000000 0000010002ad3e60 00000100029f49e4
TTY> PC:       0x100029eed5c (rel: 0x26d5c)
TTY> SP:       0x10002ad3d60
TTY> SPSR:     0x80000009
TTY> FAR:      0x1cb0300000
TTY> ESR:      0xbe000000 (SError)
TTY> L2C_ERR_STS: 0x80
TTY> L2C_ERR_ADR: 0x300501cb0300000
TTY> L2C_ERR_INF: 0x1400000001
TTY> LSU_ERR_STS: 0x0
TTY> FED_ERR_STS: 0x0
TTY> MMU_ERR_STS: 0x0
TTY> Exception: SError
TTY> Exception taken from EL2h
TTY> Running in EL2
TTY> MPIDR: 0x80010100
TTY> Registers: (@0x10002ad3c60)
TTY>   x0-x3: acce5515abad1dea 0000000000000002 0000010002ad3f38 0000010002ad3f38
TTY>   x4-x7: 0000010002ad3f78 0000000000007a69 0000010002ad3f18 0000010002a9b000
TTY>  x8-x11: 0000010002ad3f40 0000000000000101 0000000000010101 0000000000401004
TTY> x12-x15: 0000010003244010 0000010002a89380 0000000000000460 0000000000000000
TTY> x16-x19: 00000100029681b8 0000000000000000 0000000000000023 0000000000000007
TTY> x20-x23: 0000010002aa6d88 0000010002a9b000 0000000000aa55ff 0000000000000000
TTY> x24-x27: 0000010002ad3f10 0000000000000000 0000000000000001 0000000000000007
TTY> x28-x30: 0000000000000000 0000010002ad3e60 00000100029f49e4
TTY> PC:       0x100029eed5c (rel: 0x26d5c)
TTY> SP:       0x10002ad3d60
TTY> SPSR:     0x80000009
TTY> FAR:      0x1cb0300000
TTY> ESR:      0xbe000000 (SError)
TTY> L2C_ERR_STS: 0x80
TTY> L2C_ERR_ADR: 0x300501cb0300000
TTY> L2C_ERR_INF: 0x1400000001
TTY> LSU_ERR_STS: 0x0
TTY> FED_ERR_STS: 0x0
TTY> MMU_ERR_STS: 0x0
TTY> Exception: SError
TTY> Exception taken from EL2h
TTY> Running in EL2
TTY> MPIDR: 0x80010100
TTY> Registers: (@0x10002ad3c60)
TTY>   x0-x3: acce5515abad1dea 0000000000000002 0000010002ad3f38 0000010002ad3f38
TTY>   x4-x7: 0000010002ad3f78 0000000000007a69 0000010002ad3f18 0000010002a9b000
TTY>  x8-x11: 0000010002ad3f40 0000000000000101 0000000000010101 0000000000401004
TTY> x12-x15: 0000010003244010 0000010002a89380 0000000000000460 0000000000000000
TTY> x16-x19: 00000100029681b8 0000000000000000 0000000000000023 0000000000000007
TTY> x20-x23: 0000010002aa6d88 0000010002a9b000 0000000000aa55ff 0000000000000000
TTY> x24-x27: 0000010002ad3f10 0000000000000000 0000000000000001 0000000000000007
TTY> x28-x30: 0000000000000000 0000010002ad3e60 00000100029f49e4
TTY> PC:       0x100029eed5c (rel: 0x26d5c)
TTY> SP:       0x10002ad3d60
TTY> SPSR:     0x80000009
TTY> FAR:      0x1cb0300000
TTY> ESR:      0xbe000000 (SError)
TTY> L2C_ERR_STS: 0x80
TTY> L2C_ERR_ADR: 0x300501cb0300000
TTY> L2C_ERR_INF: 0x1400000001
TTY> LSU_ERR_STS: 0x0
TTY> FED_ERR_STS: 0x0
TTY> MMU_ERR_STS: 0x0
TTY> Exception: SError
TTY> Exception taken from EL2h
TTY> Running in EL2
TTY> MPIDR: 0x80010100
TTY> Registers: (@0x10002ad3c60)
TTY>   x0-x3: acce5515abad1dea 0000000000000002 0000010002ad3f38 0000010002ad3f38
TTY>   x4-x7: 0000010002ad3f78 0000000000007a69 0000010002ad3f18 0000010002a9b000
TTY>  x8-x11: 0000010002ad3f40 0000000000000101 0000000000010101 0000000000401004
TTY> x12-x15: 0000010003244010 0000010002a89380 0000000000000460 0000000000000000
TTY> x16-x19: 00000100029681b8 0000000000000000 0000000000000023 0000000000000007
TTY> x20-x23: 0000010002aa6d88 0000010002a9b000 0000000000aa55ff 0000000000000000
TTY> x24-x27: 0000010002ad3f10 0000000000000000 0000000000000001 0000000000000007
TTY> x28-x30: 0000000000000000 0000010002ad3e60 00000100029f49e4
TTY> PC:       0x100029eed5c (rel: 0x26d5c)
TTY> SP:       0x10002ad3d60
TTY> SPSR:     0x80000009
TTY> FAR:      0x1cb0300000
TTY> ESR:      0xbe000000 (SError)
TTY> L2C_ERR_STS: 0x80
TTY> L2C_ERR_ADR: 0x300501cb0300000
TTY> L2C_ERR_INF: 0x1400000001
TTY> LSU_ERR_STS: 0x0
TTY> FED_ERR_STS: 0x0
TTY> MMU_ERR_STS: 0x0
TTY> Exception: SError
TTY> Exception taken from EL2h
TTY> Running in EL2
TTY> MPIDR: 0x80010100
TTY> Registers: (@0x10002ad3c60)
TTY>   x0-x3: acce5515abad1dea 0000000000000002 0000010002ad3f38 0000010002ad3f38
TTY>   x4-x7: 0000010002ad3f78 0000000000007a69 0000010002ad3f18 0000010002a9b000
TTY>  x8-x11: 0000010002ad3f40 0000000000000101 0000000000010101 0000000000401004
TTY> x12-x15: 0000010003244010 0000010002a89380 0000000000000460 0000000000000000
TTY> x16-x19: 00000100029681b8 0000000000000000 0000000000000023 0000000000000007
TTY> x20-x23: 0000010002aa6d88 0000010002a9b000 0000000000aa55ff 0000000000000000
TTY> x24-x27: 0000010002ad3f10 0000000000000000 0000000000000001 0000000000000007
TTY> x28-x30: 0000000000000000 0000010002ad3e60 00000100029f49e4
TTY> PC:       0x100029eed5c (rel: 0x26d5c)
TTY> SP:       0x10002ad3d60
TTY> SPSR:     0x80000009
TTY> FAR:      0x1cb0300000
TTY> ESR:      0xbe000000 (SError)
TTY> L2C_ERR_STS: 0x80
TTY> L2C_ERR_ADR: 0x300501cb0300000
TTY> L2C_ERR_INF: 0x1400000001
TTY> LSU_ERR_STS: 0x0
TTY> FED_ERR_STS: 0x0
TTY> MMU_ERR_STS: 0x0
TTY> Exception: SError
TTY> Exception taken from EL2h
TTY> Running in EL2
TTY> MPIDR: 0x80010100
TTY> Registers: (@0x10002ad3c60)
TTY>   x0-x3: acce5515abad1dea 0000000000000002 0000010002ad3f38 0000010002ad3f38
TTY>   x4-x7: 0000010002ad3f78 0000000000007a69 0000010002ad3f18 0000010002a9b000
TTY>  x8-x11: 0000010002ad3f40 0000000000000101 0000000000010101 0000000000401004
TTY> x12-x15: 0000010003244010 0000010002a89380 0000000000000460 0000000000000000
TTY> x16-x19: 00000100029681b8 0000000000000000 0000000000000023 0000000000000007
TTY> x20-x23: 0000010002aa6d88 0000010002a9b000 0000000000aa55ff 0000000000000000
TTY> x24-x27: 0000010002ad3f10 0000000000000000 0000000000000001 0000000000000007
TTY> x28-x30: 0000000000000000 0000010002ad3e60 00000100029f49e4
TTY> PC:       0x100029eed5c (rel: 0x26d5c)
TTY> SP:       0x10002ad3d60
TTY> SPSR:     0x80000009
TTY> FAR:      0x1cb0300000
TTY> ESR:      0xbe000000 (SError)
TTY> L2C_ERR_STS: 0x80
TTY> L2C_ERR_ADR: 0x300501cb0300000
TTY> L2C_ERR_INF: 0x1400000001
TTY> LSU_ERR_STS: 0x0
TTY> FED_ERR_STS: 0x0
TTY> MMU_ERR_STS: 0x0
TTY> Exception: SError
TTY> Exception taken from EL2h
TTY> Running in EL2
TTY> MPIDR: 0x80010100
TTY> Registers: (@0x10002ad3c60)
TTY>   x0-x3: acce5515abad1dea 0000000000000002 0000010002ad3f38 0000010002ad3f38
TTY>   x4-x7: 0000010002ad3f78 0000000000007a69 0000010002ad3f18 0000010002a9b000
TTY>  x8-x11: 0000010002ad3f40 0000000000000101 0000000000010101 0000000000401004
TTY> x12-x15: 0000010003244010 0000010002a89380 0000000000000460 0000000000000000
TTY> x16-x19: 00000100029681b8 0000000000000000 0000000000000023 0000000000000007
TTY> x20-x23: 0000010002aa6d88 0000010002a9b000 0000000000aa55ff 0000000000000000
TTY> x24-x27: 0000010002ad3f10 0000000000000000 0000000000000001 0000000000000007
TTY> x28-x30: 0000000000000000 0000010002ad3e60 00000100029f49e4
TTY> PC:       0x100029eed5c (rel: 0x26d5c)
TTY> SP:       0x10002ad3d60
TTY> SPSR:     0x80000009
TTY> FAR:      0x1cb0300000
TTY> ESR:      0xbe000000 (SError)
TTY> L2C_ERR_STS: 0x80
TTY> L2C_ERR_ADR: 0x300501cb0300000
TTY> L2C_ERR_INF: 0x1400000001
TTY> LSU_ERR_STS: 0x0
TTY> FED_ERR_STS: 0x0
TTY> MMU_ERR_STS: 0x0
TTY> Exception: SError
TTY> Exception taken from EL2h
TTY> Running in EL2
TTY> MPIDR: 0x80010100
TTY> Registers: (@0x10002ad3c60)
TTY>   x0-x3: acce5515abad1dea 0000000000000002 0000010002ad3f38 0000010002ad3f38
TTY>   x4-x7: 0000010002ad3f78 0000000000007a69 0000010002ad3f18 0000010002a9b000
TTY>  x8-x11: 0000010002ad3f40 0000000000000101 0000000000010101 0000000000401004
TTY> x12-x15: 0000010003244010 0000010002a89380 0000000000000460 0000000000000000
TTY> x16-x19: 00000100029681b8 0000000000000000 0000000000000023 0000000000000007
TTY> x20-x23: 0000010002aa6d88 0000010002a9b000 0000000000aa55ff 0000000000000000
TTY> x24-x27: 0000010002ad3f10 0000000000000000 0000000000000001 0000000000000007
TTY> x28-x30: 0000000000000000 0000010002ad3e60 00000100029f49e4
TTY> PC:       0x100029eed5c (rel: 0x26d5c)
TTY> SP:       0x10002ad3d60
TTY> SPSR:     0x80000009
TTY> FAR:      0x1cb0300000
TTY> ESR:      0xbe000000 (SError)
TTY> L2C_ERR_STS: 0x80
TTY> L2C_ERR_ADR: 0x300501cb0300000
TTY> L2C_ERR_INF: 0x1400000001
TTY> LSU_ERR_STS: 0x0
TTY> FED_ERR_STS: 0x0
TTY> MMU_ERR_STS: 0x0
TTY> Exception: SError
TTY> Exception taken from EL2h
TTY> Running in EL2
TTY> MPIDR: 0x80010100
TTY> Registers: (@0x10002ad3c60)
TTY>   x0-x3: acce5515abad1dea 0000000000000002 0000010002ad3f38 0000010002ad3f38
TTY>   x4-x7: 0000010002ad3f78 0000000000007a69 0000010002ad3f18 0000010002a9b000
TTY>  x8-x11: 0000010002ad3f40 0000000000000101 0000000000010101 0000000000401004
TTY> x12-x15: 0000010003244010 0000010002a89380 0000000000000460 0000000000000000
TTY> x16-x19: 00000100029681b8 0000000000000000 0000000000000023 0000000000000007
TTY> x20-x23: 0000010002aa6d88 0000010002a9b000 0000000000aa55ff 0000000000000000
TTY> x24-x27: 0000010002ad3f10 0000000000000000 0000000000000001 0000000000000007
TTY> x28-x30: 0000000000000000 0000010002ad3e60 00000100029f49e4
TTY> PC:       0x100029eed5c (rel: 0x26d5c)
TTY> SP:       0x10002ad3d60
TTY> SPSR:     0x80000009
TTY> FAR:      0x1cb0300000
TTY> ESR:      0xbe000000 (SError)
TTY> L2C_ERR_STS: 0x80
TTY> L2C_ERR_ADR: 0x300501cb0300000
TTY> L2C_ERR_INF: 0x1400000001
TTY> LSU_ERR_STS: 0x0
TTY> FED_ERR_STS: 0x0
TTY> MMU_ERR_STS: 0x0
TTY> Exception: SError
TTY> Exception taken from EL2h
TTY> Running in EL2
TTY> MPIDR: 0x80010100
TTY> Registers: (@0x10002ad3c60)
TTY>   x0-x3: acce5515abad1dea 0000000000000002 0000010002ad3f38 0000010002ad3f38
TTY>   x4-x7: 0000010002ad3f78 0000000000007a69 0000010002ad3f18 0000010002a9b000
TTY>  x8-x11: 0000010002ad3f40 0000000000000101 0000000000010101 0000000000401004
TTY> x12-x15: 0000010003244010 0000010002a89380 0000000000000460 0000000000000000
TTY> x16-x19: 00000100029681b8 0000000000000000 0000000000000023 0000000000000007
TTY> x20-x23: 0000010002aa6d88 0000010002a9b000 0000000000aa55ff 0000000000000000
TTY> x24-x27: 0000010002ad3f10 0000000000000000 0000000000000001 0000000000000007
TTY> x28-x30: 0000000000000000 0000010002ad3e60 00000100029f49e4
TTY> PC:       0x100029eed5c (rel: 0x26d5c)
TTY> SP:       0x10002ad3d60
TTY> SPSR:     0x80000009
TTY> FAR:      0x1cb0300000
TTY> ESR:      0xbe000000 (SError)
TTY> L2C_ERR_STS: 0x80
TTY> L2C_ERR_ADR: 0x300501cb0300000
TTY> L2C_ERR_INF: 0x1400000001
TTY> LSU_ERR_STS: 0x0
TTY> FED_ERR_STS: 0x0
TTY> MMU_ERR_STS: 0x0
TTY> Exception: SError
TTY> Exception taken from EL2h
TTY> Running in EL2
TTY> MPIDR: 0x80010100
TTY> Registers: (@0x10002ad3c60)
TTY>   x0-x3: acce5515abad1dea 0000000000000002 0000010002ad3f38 0000010002ad3f38
TTY>   x4-x7: 0000010002ad3f78 0000000000007a69 0000010002ad3f18 0000010002a9b000
TTY>  x8-x11: 0000010002ad3f40 0000000000000101 0000000000010101 0000000000401004
TTY> x12-x15: 0000010003244010 0000010002a89380 0000000000000460 0000000000000000
TTY> x16-x19: 00000100029681b8 0000000000000000 0000000000000023 0000000000000007
TTY> x20-x23: 0000010002aa6d88 0000010002a9b000 0000000000aa55ff 0000000000000000
TTY> x24-x27: 0000010002ad3f10 0000000000000000 0000000000000001 0000000000000007
TTY> x28-x30: 0000000000000000 0000010002ad3e60 00000100029f49e4
TTY> PC:       0x100029eed5c (rel: 0x26d5c)
TTY> SP:       0x10002ad3d60
TTY> SPSR:     0x80000009
TTY> FAR:      0x1cb0300000
TTY> ESR:      0xbe000000 (SError)
TTY> L2C_ERR_STS: 0x80
TTY> L2C_ERR_ADR: 0x300501cb0300000
TTY> L2C_ERR_INF: 0x1400000001
TTY> LSU_ERR_STS: 0x0
TTY> FED_ERR_STS: 0x0
TTY> MMU_ERR_STS: 0x0
TTY> Exception: SError
TTY> Exception taken from EL2h
TTY> Running in EL2
TTY> MPIDR: 0x80010100
TTY> Registers: (@0x10002ad3c60)
TTY>   x0-x3: acce5515abad1dea 0000000000000002 0000010002ad3f38 0000010002ad3f38
TTY>   x4-x7: 0000010002ad3f78 0000000000007a69 0000010002ad3f18 0000010002a9b000
TTY>  x8-x11: 0000010002ad3f40 0000000000000101 0000000000010101 0000000000401004
TTY> x12-x15: 0000010003244010 0000010002a89380 0000000000000460 0000000000000000
TTY> x16-x19: 00000100029681b8 0000000000000000 0000000000000023 0000000000000007
TTY> x20-x23: 0000010002aa6d88 0000010002a9b000 0000000000aa55ff 0000000000000000
TTY> x24-x27: 0000010002ad3f10 0000000000000000 0000000000000001 0000000000000007
TTY> x28-x30: 0000000000000000 0000010002ad3e60 00000100029f49e4
TTY> PC:       0x100029eed5c (rel: 0x26d5c)
TTY> SP:       0x10002ad3d60
TTY> SPSR:     0x80000009
TTY> FAR:      0x1cb0300000
TTY> ESR:      0xbe000000 (SError)
TTY> L2C_ERR_STS: 0x80
TTY> L2C_ERR_ADR: 0x300501cb0300000
TTY> L2C_ERR_INF: 0x1400000001
TTY> LSU_ERR_STS: 0x0
TTY> FED_ERR_STS: 0x0
TTY> MMU_ERR_STS: 0x0
TTY> Exception: SError
TTY> Exception taken from EL2h
TTY> Running in EL2
TTY> MPIDR: 0x80010100
TTY> Registers: (@0x10002ad3c60)
TTY>   x0-x3: acce5515abad1dea 0000000000000002 0000010002ad3f38 0000010002ad3f38
TTY>   x4-x7: 0000010002ad3f78 0000000000007a69 0000010002ad3f18 0000010002a9b000
TTY>  x8-x11: 0000010002ad3f40 0000000000000101 0000000000010101 0000000000401004
TTY> x12-x15: 0000010003244010 0000010002a89380 0000000000000460 0000000000000000
TTY> x16-x19: 00000100029681b8 0000000000000000 0000000000000023 0000000000000007
TTY> x20-x23: 0000010002aa6d88 0000010002a9b000 0000000000aa55ff 0000000000000000
TTY> x24-x27: 0000010002ad3f10 0000000000000000 0000000000000001 0000000000000007
TTY> x28-x30: 0000000000000000 0000010002ad3e60 00000100029f49e4
TTY> PC:       0x100029eed5c (rel: 0x26d5c)
TTY> SP:       0x10002ad3d60
TTY> SPSR:     0x80000009
TTY> FAR:      0x1cb0300000
TTY> ESR:      0xbe000000 (SError)
TTY> L2C_ERR_STS: 0x80
TTY> L2C_ERR_ADR: 0x300501cb0300000
TTY> L2C_ERR_INF: 0x1400000001
TTY> LSU_ERR_STS: 0x0
TTY> FED_ERR_STS: 0x0
TTY> MMU_ERR_STS: 0x0
TTY> Exception: SError
TTY> Exception taken from EL2h
TTY> Running in EL2
TTY> MPIDR: 0x80010100
TTY> Registers: (@0x10002ad3c60)
TTY>   x0-x3: acce5515abad1dea 0000000000000002 0000010002ad3f38 0000010002ad3f38
TTY>   x4-x7: 0000010002ad3f78 0000000000007a69 0000010002ad3f18 0000010002a9b000
TTY>  x8-x11: 0000010002ad3f40 0000000000000101 0000000000010101 0000000000401004
TTY> x12-x15: 0000010003244010 0000010002a89380 0000000000000460 0000000000000000
TTY> x16-x19: 00000100029681b8 0000000000000000 0000000000000023 0000000000000007
TTY> x20-x23: 0000010002aa6d88 0000010002a9b000 0000000000aa55ff 0000000000000000
TTY> x24-x27: 0000010002ad3f10 0000000000000000 0000000000000001 0000000000000007
TTY> x28-x30: 0000000000000000 0000010002ad3e60 00000100029f49e4
TTY> PC:       0x100029eed5c (rel: 0x26d5c)
TTY> SP:       0x10002ad3d60
TTY> SPSR:     0x80000009
TTY> FAR:      0x1cb0300000
TTY> ESR:      0xbe000000 (SError)
TTY> L2C_ERR_STS: 0x80
TTY> L2C_ERR_ADR: 0x300501cb0300000
TTY> L2C_ERR_INF: 0x1400000001
TTY> LSU_ERR_STS: 0x0
TTY> FED_ERR_STS: 0x0
TTY> MMU_ERR_STS: 0x0
TTY> Exception: SError
TTY> Exception taken from EL2h
TTY> Running in EL2
TTY> MPIDR: 0x80010100
TTY> Registers: (@0x10002ad3c60)
TTY>   x0-x3: acce5515abad1dea 0000000000000002 0000010002ad3f38 0000010002ad3f38
TTY>   x4-x7: 0000010002ad3f78 0000000000007a69 0000010002ad3f18 0000010002a9b000
TTY>  x8-x11: 0000010002ad3f40 0000000000000101 0000000000010101 0000000000401004
TTY> x12-x15: 0000010003244010 0000010002a89380 0000000000000460 0000000000000000
TTY> x16-x19: 00000100029681b8 0000000000000000 0000000000000023 0000000000000007
TTY> x20-x23: 0000010002aa6d88 0000010002a9b000 0000000000aa55ff 0000000000000000
TTY> x24-x27: 0000010002ad3f10 0000000000000000 0000000000000001 0000000000000007
TTY> x28-x30: 0000000000000000 0000010002ad3e60 00000100029f49e4
TTY> PC:       0x100029eed5c (rel: 0x26d5c)
TTY> SP:       0x10002ad3d60
TTY> SPSR:     0x80000009
TTY> FAR:      0x1cb0300000
TTY> ESR:      0xbe000000 (SError)
TTY> L2C_ERR_STS: 0x80
TTY> L2C_ERR_ADR: 0x300501cb0300000
TTY> L2C_ERR_INF: 0x1400000001
TTY> LSU_ERR_STS: 0x0
TTY> FED_ERR_STS: 0x0
TTY> MMU_ERR_STS: 0x0
TTY> Exception: SError
TTY> Exception taken from EL2h
TTY> Running in EL2
TTY> MPIDR: 0x80010100
TTY> Registers: (@0x10002ad3c60)
TTY>   x0-x3: acce5515abad1dea 0000000000000002 0000010002ad3f38 0000010002ad3f38
TTY>   x4-x7: 0000010002ad3f78 0000000000007a69 0000010002ad3f18 0000010002a9b000
TTY>  x8-x11: 0000010002ad3f40 0000000000000101 0000000000010101 0000000000401004
TTY> x12-x15: 0000010003244010 0000010002a89380 0000000000000460 0000000000000000
TTY> x16-x19: 00000100029681b8 0000000000000000 0000000000000023 0000000000000007
TTY> x20-x23: 0000010002aa6d88 0000010002a9b000 0000000000aa55ff 0000000000000000
TTY> x24-x27: 0000010002ad3f10 0000000000000000 0000000000000001 0000000000000007
TTY> x28-x30: 0000000000000000 0000010002ad3e60 00000100029f49e4
TTY> PC:       0x100029eed5c (rel: 0x26d5c)
TTY> SP:       0x10002ad3d60
TTY> SPSR:     0x80000009
TTY> FAR:      0x1cb0300000
TTY> ESR:      0xbe000000 (SError)
TTY> L2C_ERR_STS: 0x80
TTY> L2C_ERR_ADR: 0x300501cb0300000
TTY> L2C_ERR_INF: 0x1400000001
TTY> LSU_ERR_STS: 0x0
TTY> FED_ERR_STS: 0x0
TTY> MMU_ERR_STS: 0x0
TTY> Exception: SError
TTY> Exception taken from EL2h
TTY> Running in EL2
TTY> MPIDR: 0x80010100
TTY> Registers: (@0x10002ad3c60)
TTY>   x0-x3: acce5515abad1dea 0000000000000002 0000010002ad3f38 0000010002ad3f38
TTY>   x4-x7: 0000010002ad3f78 0000000000007a69 0000010002ad3f18 0000010002a9b000
TTY>  x8-x11: 0000010002ad3f40 0000000000000101 0000000000010101 0000000000401004
TTY> x12-x15: 0000010003244010 0000010002a89380 0000000000000460 0000000000000000
TTY> x16-x19: 00000100029681b8 0000000000000000 0000000000000023 0000000000000007
TTY> x20-x23: 0000010002aa6d88 0000010002a9b000 0000000000aa55ff 0000000000000000
TTY> x24-x27: 0000010002ad3f10 0000000000000000 0000000000000001 0000000000000007
TTY> x28-x30: 0000000000000000 0000010002ad3e60 00000100029f49e4
TTY> PC:       0x100029eed5c (rel: 0x26d5c)
TTY> SP:       0x10002ad3d60
TTY> SPSR:     0x80000009
TTY> FAR:      0x1cb0300000
TTY> ESR:      0xbe000000 (SError)
TTY> L2C_ERR_STS: 0x80
TTY> L2C_ERR_ADR: 0x300501cb0300000
TTY> L2C_ERR_INF: 0x1400000001
TTY> LSU_ERR_STS: 0x0
TTY> FED_ERR_STS: 0x0
TTY> MMU_ERR_STS: 0x0
TTY> Exception: SError
TTY> Exception taken from EL2h
TTY> Running in EL2
TTY> MPIDR: 0x80010100
TTY> Registers: (@0x10002ad3c60)
TTY>   x0-x3: acce5515abad1dea 0000000000000002 0000010002ad3f38 0000010002ad3f38
TTY>   x4-x7: 0000010002ad3f78 0000000000007a69 0000010002ad3f18 0000010002a9b000
TTY>  x8-x11: 0000010002ad3f40 0000000000000101 0000000000010101 0000000000401004
TTY> x12-x15: 0000010003244010 0000010002a89380 0000000000000460 0000000000000000
TTY> x16-x19: 00000100029681b8 0000000000000000 0000000000000023 0000000000000007
TTY> x20-x23: 0000010002aa6d88 0000010002a9b000 0000000000aa55ff 0000000000000000
TTY> x24-x27: 0000010002ad3f10 0000000000000000 0000000000000001 0000000000000007
TTY> x28-x30: 0000000000000000 0000010002ad3e60 00000100029f49e4
TTY> PC:       0x100029eed5c (rel: 0x26d5c)
TTY> SP:       0x10002ad3d60
TTY> SPSR:     0x80000009
TTY> FAR:      0x1cb0300000
TTY> ESR:      0xbe000000 (SError)
TTY> L2C_ERR_STS: 0x80
TTY> L2C_ERR_ADR: 0x300501cb0300000
TTY> L2C_ERR_INF: 0x1400000001
TTY> LSU_ERR_STS: 0x0
TTY> FED_ERR_STS: 0x0
TTY> MMU_ERR_STS: 0x0
TTY> Exception: SError
TTY> Exception taken from EL2h
TTY> Running in EL2
TTY> MPIDR: 0x80010100
TTY> Registers: (@0x10002ad3c60)
TTY>   x0-x3: acce5515abad1dea 0000000000000002 0000010002ad3f38 0000010002ad3f38
TTY>   x4-x7: 0000010002ad3f78 0000000000007a69 0000010002ad3f18 0000010002a9b000
TTY>  x8-x11: 0000010002ad3f40 0000000000000101 0000000000010101 0000000000401004
TTY> x12-x15: 0000010003244010 0000010002a89380 0000000000000460 0000000000000000
TTY> x16-x19: 00000100029681b8 0000000000000000 0000000000000023 0000000000000007
TTY> x20-x23: 0000010002aa6d88 0000010002a9b000 0000000000aa55ff 0000000000000000
TTY> x24-x27: 0000010002ad3f10 0000000000000000 0000000000000001 0000000000000007
TTY> x28-x30: 0000000000000000 0000010002ad3e60 00000100029f49e4
TTY> PC:       0x100029eed5c (rel: 0x26d5c)
TTY> SP:       0x10002ad3d60
TTY> SPSR:     0x80000009
TTY> FAR:      0x1cb0300000
TTY> ESR:      0xbe000000 (SError)
TTY> L2C_ERR_STS: 0x80
TTY> L2C_ERR_ADR: 0x300501cb0300000
TTY> L2C_ERR_INF: 0x1400000001
TTY> LSU_ERR_STS: 0x0
TTY> FED_ERR_STS: 0x0
TTY> MMU_ERR_STS: 0x0
TTY> Exception: SError
TTY> Exception taken from EL2h
TTY> Running in EL2
TTY> MPIDR: 0x80010100
TTY> Registers: (@0x10002ad3c60)
TTY>   x0-x3: acce5515abad1dea 0000000000000002 0000010002ad3f38 0000010002ad3f38
TTY>   x4-x7: 0000010002ad3f78 0000000000007a69 0000010002ad3f18 0000010002a9b000
TTY>  x8-x11: 0000010002ad3f40 0000000000000101 0000000000010101 0000000000401004
TTY> x12-x15: 0000010003244010 0000010002a89380 0000000000000460 0000000000000000
TTY> x16-x19: 00000100029681b8 0000000000000000 0000000000000023 0000000000000007
TTY> x20-x23: 0000010002aa6d88 0000010002a9b000 0000000000aa55ff 0000000000000000
TTY> x24-x27: 0000010002ad3f10 0000000000000000 0000000000000001 0000000000000007
TTY> x28-x30: 0000000000000000 0000010002ad3e60 00000100029f49e4
TTY> PC:       0x100029eed5c (rel: 0x26d5c)
TTY> SP:       0x10002ad3d60
TTY> SPSR:     0x80000009
TTY> FAR:      0x1cb0300000
TTY> ESR:      0xbe000000 (SError)
TTY> L2C_ERR_STS: 0x80
TTY> L2C_ERR_ADR: 0x300501cb0300000
TTY> L2C_ERR_INF: 0x1400000001
TTY> LSU_ERR_STS: 0x0
TTY> FED_ERR_STS: 0x0
TTY> MMU_ERR_STS: 0x0
TTY> Exception: SError
TTY> Exception taken from EL2h
TTY> Running in EL2
TTY> MPIDR: 0x80010100
TTY> Registers: (@0x10002ad3c60)
TTY>   x0-x3: acce5515abad1dea 0000000000000002 0000010002ad3f38 0000010002ad3f38
TTY>   x4-x7: 0000010002ad3f78 0000000000007a69 0000010002ad3f18 0000010002a9b000
TTY>  x8-x11: 0000010002ad3f40 0000000000000101 0000000000010101 0000000000401004
TTY> x12-x15: 0000010003244010 0000010002a89380 0000000000000460 0000000000000000
TTY> x16-x19: 00000100029681b8 0000000000000000 0000000000000023 0000000000000007
TTY> x20-x23: 0000010002aa6d88 0000010002a9b000 0000000000aa55ff 0000000000000000
TTY> x24-x27: 0000010002ad3f10 0000000000000000 0000000000000001 0000000000000007
TTY> x28-x30: 0000000000000000 0000010002ad3e60 00000100029f49e4
TTY> PC:       0x100029eed5c (rel: 0x26d5c)
TTY> SP:       0x10002ad3d60
TTY> SPSR:     0x80000009
TTY> FAR:      0x1cb0300000
TTY> ESR:      0xbe000000 (SError)
TTY> L2C_ERR_STS: 0x80
TTY> L2C_ERR_ADR: 0x300501cb0300000
TTY> L2C_ERR_INF: 0x1400000001
TTY> LSU_ERR_STS: 0x0
TTY> FED_ERR_STS: 0x0
TTY> MMU_ERR_STS: 0x0
TTY> Exception: SError
TTY> Exception taken from EL2h
TTY> Running in EL2
TTY> MPIDR: 0x80010100
TTY> Registers: (@0x10002ad3c60)
TTY>   x0-x3: acce5515abad1dea 0000000000000002 0000010002ad3f38 0000010002ad3f38
TTY>   x4-x7: 0000010002ad3f78 0000000000007a69 0000010002ad3f18 0000010002a9b000
TTY>  x8-x11: 0000010002ad3f40 0000000000000101 0000000000010101 0000000000401004
TTY> x12-x15: 0000010003244010 0000010002a89380 0000000000000460 0000000000000000
TTY> x16-x19: 00000100029681b8 0000000000000000 0000000000000023 0000000000000007
TTY> x20-x23: 0000010002aa6d88 0000010002a9b000 0000000000aa55ff 0000000000000000
TTY> x24-x27: 0000010002ad3f10 0000000000000000 0000000000000001 0000000000000007
TTY> x28-x30: 0000000000000000 0000010002ad3e60 00000100029f49e4
TTY> PC:       0x100029eed5c (rel: 0x26d5c)
TTY> SP:       0x10002ad3d60
TTY> SPSR:     0x80000009
TTY> FAR:      0x1cb0300000
TTY> ESR:      0xbe000000 (SError)
TTY> L2C_ERR_STS: 0x80
TTY> L2C_ERR_ADR: 0x300501cb0300000
TTY> L2C_ERR_INF: 0x1400000001
TTY> LSU_ERR_STS: 0x0
TTY> FED_ERR_STS: 0x0
TTY> MMU_ERR_STS: 0x0
TTY> Exception: SError
TTY> Exception taken from EL2h
TTY> Running in EL2
TTY> MPIDR: 0x80010100
TTY> Registers: (@0x10002ad3c60)
TTY>   x0-x3: acce5515abad1dea 0000000000000002 0000010002ad3f38 0000010002ad3f38
TTY>   x4-x7: 0000010002ad3f78 0000000000007a69 0000010002ad3f18 0000010002a9b000
TTY>  x8-x11: 0000010002ad3f40 0000000000000101 0000000000010101 0000000000401004
TTY> x12-x15: 0000010003244010 0000010002a89380 0000000000000460 0000000000000000
TTY> x16-x19: 00000100029681b8 0000000000000000 0000000000000023 0000000000000007
TTY> x20-x23: 0000010002aa6d88 0000010002a9b000 0000000000aa55ff 0000000000000000
TTY> x24-x27: 0000010002ad3f10 0000000000000000 0000000000000001 0000000000000007
TTY> x28-x30: 0000000000000000 0000010002ad3e60 00000100029f49e4
TTY> PC:       0x100029eed5c (rel: 0x26d5c)
TTY> SP:       0x10002ad3d60
TTY> SPSR:     0x80000009
TTY> FAR:      0x1cb0300000
TTY> ESR:      0xbe000000 (SError)
TTY> L2C_ERR_STS: 0x80
TTY> L2C_ERR_ADR: 0x300501cb0300000
TTY> L2C_ERR_INF: 0x1400000001
TTY> LSU_ERR_STS: 0x0
TTY> FED_ERR_STS: 0x0
TTY> MMU_ERR_STS: 0x0
TTY> Exception: SError
TTY> Exception taken from EL2h
TTY> Running in EL2
TTY> MPIDR: 0x80010100
TTY> Registers: (@0x10002ad3c60)
TTY>   x0-x3: acce5515abad1dea 0000000000000002 0000010002ad3f38 0000010002ad3f38
TTY>   x4-x7: 0000010002ad3f78 0000000000007a69 0000010002ad3f18 0000010002a9b000
TTY>  x8-x11: 0000010002ad3f40 0000000000000101 0000000000010101 0000000000401004
TTY> x12-x15: 0000010003244010 0000010002a89380 0000000000000460 0000000000000000
TTY> x16-x19: 00000100029681b8 0000000000000000 0000000000000023 000000000000

